  0
SECTION
  2
HEADER
  9
$ACADVER
  1
AC1018
  9
$ACADMAINTVER
 70
     0
  9
$DWGCODEPAGE
  3
ANSI_1252
  9
$INSBASE
 10
0.0
 20
0.0
 30
0.0
  9
$EXTMIN
 10
70.16401489310567
 20
112.369642808922
 30
0.0
  9
$EXTMAX
 10
277.0834797641999
 20
227.1366601424358
 30
0.0
  9
$LIMMIN
 10
0.0
 20
0.0
  9
$LIMMAX
 10
12.0
 20
9.0
  9
$ORTHOMODE
 70
     0
  9
$REGENMODE
 70
     1
  9
$FILLMODE
 70
     1
  9
$QTEXTMODE
 70
     0
  9
$MIRRTEXT
 70
     1
  9
$LTSCALE
 40
1.0
  9
$ATTMODE
 70
     1
  9
$TEXTSIZE
 40
2.5
  9
$TRACEWID
 40
0.05
  9
$TEXTSTYLE
  7
STANDARD
  9
$CLAYER
  8
0
  9
$CELTYPE
  6
BYBLOCK
  9
$CECOLOR
 62
   256
  9
$CELTSCALE
 40
1.0
  9
$DISPSILH
 70
     0
  9
$DIMSCALE
 40
1.0
  9
$DIMASZ
 40
0.18
  9
$DIMEXO
 40
0.0625
  9
$DIMDLI
 40
0.38
  9
$DIMRND
 40
0.0
  9
$DIMDLE
 40
0.0
  9
$DIMEXE
 40
0.18
  9
$DIMTP
 40
0.0
  9
$DIMTM
 40
0.0
  9
$DIMTXT
 40
0.18
  9
$DIMCEN
 40
0.09
  9
$DIMTSZ
 40
0.0
  9
$DIMTOL
 70
     0
  9
$DIMLIM
 70
     0
  9
$DIMTIH
 70
     1
  9
$DIMTOH
 70
     1
  9
$DIMSE1
 70
     0
  9
$DIMSE2
 70
     0
  9
$DIMTAD
 70
     0
  9
$DIMZIN
 70
     0
  9
$DIMBLK
  1

  9
$DIMASO
 70
     1
  9
$DIMSHO
 70
     1
  9
$DIMPOST
  1

  9
$DIMAPOST
  1

  9
$DIMALT
 70
     0
  9
$DIMALTD
 70
     2
  9
$DIMALTF
 40
25.4
  9
$DIMLFAC
 40
1.0
  9
$DIMTOFL
 70
     0
  9
$DIMTVP
 40
0.0
  9
$DIMTIX
 70
     0
  9
$DIMSOXD
 70
     0
  9
$DIMSAH
 70
     0
  9
$DIMBLK1
  1

  9
$DIMBLK2
  1

  9
$DIMSTYLE
  2
ISO-25
  9
$DIMCLRD
 70
     0
  9
$DIMCLRE
 70
     0
  9
$DIMCLRT
 70
     0
  9
$DIMTFAC
 40
1.0
  9
$DIMGAP
 40
0.09
  9
$DIMJUST
 70
     0
  9
$DIMSD1
 70
     0
  9
$DIMSD2
 70
     0
  9
$DIMTOLJ
 70
     1
  9
$DIMTZIN
 70
     0
  9
$DIMALTZ
 70
     0
  9
$DIMALTTZ
 70
     0
  9
$DIMUPT
 70
     0
  9
$DIMDEC
 70
     4
  9
$DIMTDEC
 70
     4
  9
$DIMALTU
 70
     2
  9
$DIMALTTD
 70
     2
  9
$DIMTXSTY
  7
STANDARD
  9
$DIMAUNIT
 70
     0
  9
$DIMADEC
 70
     0
  9
$DIMALTRND
 40
0.0
  9
$DIMAZIN
 70
     0
  9
$DIMDSEP
 70
    44
  9
$DIMATFIT
 70
     3
  9
$DIMFRAC
 70
     0
  9
$DIMLDRBLK
  1

  9
$DIMLUNIT
 70
     2
  9
$DIMLWD
 70
    -2
  9
$DIMLWE
 70
    -2
  9
$DIMTMOVE
 70
     2
  9
$LUNITS
 70
     2
  9
$LUPREC
 70
     4
  9
$SKETCHINC
 40
0.1
  9
$FILLETRAD
 40
0.5
  9
$AUNITS
 70
     0
  9
$AUPREC
 70
     0
  9
$MENU
  1
.
  9
$ELEVATION
 40
0.0
  9
$PELEVATION
 40
0.0
  9
$THICKNESS
 40
0.0
  9
$LIMCHECK
 70
     0
  9
$CHAMFERA
 40
0.0
  9
$CHAMFERB
 40
0.0
  9
$CHAMFERC
 40
0.0
  9
$CHAMFERD
 40
0.0
  9
$SKPOLY
 70
     0
  9
$TDCREATE
 40
2447892.791666667
  9
$TDUCREATE
 40
0.0
  9
$TDUPDATE
 40
2460924.309939572
  9
$TDUUPDATE
 40
2460924.518272905
  9
$TDINDWG
 40
0.0
  9
$TDUSRTIMER
 40
0.0
  9
$USRTIMER
 70
     1
  9
$ANGBASE
 50
0.0
  9
$ANGDIR
 70
     0
  9
$PDMODE
 70
     0
  9
$PDSIZE
 40
0.0
  9
$PLINEWID
 40
0.0
  9
$SPLFRAME
 70
     0
  9
$SPLINETYPE
 70
     6
  9
$SPLINESEGS
 70
     8
  9
$HANDSEED
  5
356
  9
$SURFTAB1
 70
     6
  9
$SURFTAB2
 70
     6
  9
$SURFTYPE
 70
     6
  9
$SURFU
 70
     6
  9
$SURFV
 70
     6
  9
$UCSBASE
  2

  9
$UCSNAME
  2

  9
$UCSORG
 10
0.0
 20
0.0
 30
0.0
  9
$UCSXDIR
 10
1.0
 20
0.0
 30
0.0
  9
$UCSYDIR
 10
0.0
 20
1.0
 30
0.0
  9
$UCSORTHOREF
  2

  9
$UCSORTHOVIEW
 70
     0
  9
$UCSORGTOP
 10
0.0
 20
0.0
 30
0.0
  9
$UCSORGBOTTOM
 10
0.0
 20
0.0
 30
0.0
  9
$UCSORGLEFT
 10
0.0
 20
0.0
 30
0.0
  9
$UCSORGRIGHT
 10
0.0
 20
0.0
 30
0.0
  9
$UCSORGFRONT
 10
0.0
 20
0.0
 30
0.0
  9
$UCSORGBACK
 10
0.0
 20
0.0
 30
0.0
  9
$PUCSBASE
  2

  9
$PUCSNAME
  2

  9
$PUCSORG
 10
0.0
 20
0.0
 30
0.0
  9
$PUCSXDIR
 10
1.0
 20
0.0
 30
0.0
  9
$PUCSYDIR
 10
0.0
 20
1.0
 30
0.0
  9
$PUCSORTHOREF
  2

  9
$PUCSORTHOVIEW
 70
     0
  9
$PUCSORGTOP
 10
0.0
 20
0.0
 30
0.0
  9
$PUCSORGBOTTOM
 10
0.0
 20
0.0
 30
0.0
  9
$PUCSORGLEFT
 10
0.0
 20
0.0
 30
0.0
  9
$PUCSORGRIGHT
 10
0.0
 20
0.0
 30
0.0
  9
$PUCSORGFRONT
 10
0.0
 20
0.0
 30
0.0
  9
$PUCSORGBACK
 10
0.0
 20
0.0
 30
0.0
  9
$USERI1
 70
     0
  9
$USERI2
 70
     0
  9
$USERI3
 70
     0
  9
$USERI4
 70
     0
  9
$USERI5
 70
     0
  9
$USERR1
 40
0.0
  9
$USERR2
 40
0.0
  9
$USERR3
 40
0.0
  9
$USERR4
 40
0.0
  9
$USERR5
 40
0.0
  9
$WORLDVIEW
 70
     1
  9
$SHADEDGE
 70
     3
  9
$SHADEDIF
 70
    70
  9
$TILEMODE
 70
     1
  9
$MAXACTVP
 70
    64
  9
$PINSBASE
 10
0.0
 20
0.0
 30
0.0
  9
$PLIMCHECK
 70
     0
  9
$PEXTMIN
 10
1.000000000000000E+20
 20
1.000000000000000E+20
 30
1.000000000000000E+20
  9
$PEXTMAX
 10
-1.000000000000000E+20
 20
-1.000000000000000E+20
 30
-1.000000000000000E+20
  9
$PLIMMIN
 10
0.0
 20
0.0
  9
$PLIMMAX
 10
12.0
 20
9.0
  9
$UNITMODE
 70
     0
  9
$VISRETAIN
 70
     1
  9
$PLINEGEN
 70
     0
  9
$PSLTSCALE
 70
     1
  9
$TREEDEPTH
 70
  3020
  9
$CMLSTYLE
  2
STANDARD
  9
$CMLJUST
 70
     0
  9
$CMLSCALE
 40
1.0
  9
$PROXYGRAPHICS
 70
     1
  9
$MEASUREMENT
 70
     1
  9
$CELWEIGHT
370
    -1
  9
$ENDCAPS
280
     0
  9
$JOINSTYLE
280
     0
  9
$LWDISPLAY
290
     0
  9
$INSUNITS
 70
     4
  9
$HYPERLINKBASE
  1

  9
$STYLESHEET
  1

  9
$XEDIT
290
     1
  9
$CEPSNTYPE
380
     0
  9
$PSTYLEMODE
290
     1
  9
$FINGERPRINTGUID
  2
{705446A6-11D0-4548-8F8C-A97DCA50327D}
  9
$VERSIONGUID
  2
{33328E3A-B6B8-4979-86B7-D70DEC2867C2}
  9
$EXTNAMES
290
     1
  9
$PSVPSCALE
 40
0.0
  9
$OLESTARTUP
290
     0
  9
$SORTENTS
280
   127
  9
$INDEXCTL
280
     0
  9
$HIDETEXT
280
     1
  9
$XCLIPFRAME
290
     0
  9
$HALOGAP
280
     0
  9
$OBSCOLOR
 70
   257
  9
$OBSLTYPE
280
     0
  9
$INTERSECTIONDISPLAY
280
     0
  9
$INTERSECTIONCOLOR
 70
   257
  9
$DIMASSOC
280
     2
  9
$PROJECTNAME
  1

  0
ENDSEC
  0
SECTION
  2
CLASSES
  0
CLASS
  1
ACDBDICTIONARYWDFLT
  2
AcDbDictionaryWithDefault
  3
ObjectDBX Classes
 90
        0
 91
        3
280
     0
281
     0
  0
CLASS
  1
SCALE
  2
AcDbScale
  3
ObjectDBX Classes
 90
     1153
 91
        3
280
     0
281
     0
  0
CLASS
  1
VISUALSTYLE
  2
AcDbVisualStyle
  3
ObjectDBX Classes
 90
     4095
 91
        3
280
     0
281
     0
  0
CLASS
  1
MATERIAL
  2
AcDbMaterial
  3
ObjectDBX Classes
 90
     1153
 91
        3
280
     0
281
     0
  0
CLASS
  1
TABLESTYLE
  2
AcDbTableStyle
  3
ObjectDBX Classes
 90
     4095
 91
        3
280
     0
281
     0
  0
CLASS
  1
MLEADERSTYLE
  2
AcDbMLeaderStyle
  3
ACDB_MLEADERSTYLE_CLASS
 90
     4095
 91
        3
280
     0
281
     0
  0
CLASS
  1
DICTIONARYVAR
  2
AcDbDictionaryVar
  3
ObjectDBX Classes
 90
        0
 91
        3
280
     0
281
     0
  0
CLASS
  1
CELLSTYLEMAP
  2
AcDbCellStyleMap
  3
ObjectDBX Classes
 90
     1152
 91
        3
280
     0
281
     0
  0
ENDSEC
  0
SECTION
  2
TABLES
  0
TABLE
  2
VPORT
  5
8
102
{ACAD_XDICTIONARY
360
30F
102
}
330
0
100
AcDbSymbolTable
 70
     1
  0
VPORT
  5
2E
330
8
100
AcDbSymbolTableRecord
100
AcDbViewportTableRecord
  2
*ACTIVE
 70
     0
 10
0.0
 20
0.0
 11
1.0
 21
1.0
 12
209.9999999999999
 22
148.4999999999999
 13
0.0
 23
0.0
 14
10.0
 24
10.0
 15
10.0
 25
10.0
 16
0.0
 26
0.0
 36
1.0
 17
0.0
 27
0.0
 37
0.0
 40
340.9950045922664
 41
1.239944521497919
 42
50.0
 43
0.0
 44
0.0
 50
0.0
 51
0.0
 71
     0
 72
   100
 73
     1
 74
     3
 75
     0
 76
     0
 77
     0
 78
     0
281
     0
 65
     1
110
0.0
120
0.0
130
0.0
111
1.0
121
0.0
131
0.0
112
0.0
122
1.0
132
0.0
 79
     0
146
0.0
  0
ENDTAB
  0
TABLE
  2
LTYPE
  5
5
330
0
100
AcDbSymbolTable
 70
     1
  0
LTYPE
  5
14
330
5
100
AcDbSymbolTableRecord
100
AcDbLinetypeTableRecord
  2
BYBLOCK
 70
     0
  3

 72
    65
 73
     0
 40
0.0
  0
LTYPE
  5
15
330
5
100
AcDbSymbolTableRecord
100
AcDbLinetypeTableRecord
  2
BYLAYER
 70
     0
  3

 72
    65
 73
     0
 40
0.0
  0
LTYPE
  5
16
330
5
100
AcDbSymbolTableRecord
100
AcDbLinetypeTableRecord
  2
CONTINUOUS
 70
     0
  3
Solid line
 72
    65
 73
     0
 40
0.0
  0
ENDTAB
  0
TABLE
  2
LAYER
  5
2
330
0
100
AcDbSymbolTable
 70
     1
  0
LAYER
  5
10
330
2
100
AcDbSymbolTableRecord
100
AcDbLayerTableRecord
  2
0
 70
     0
 62
     7
  6
CONTINUOUS
370
    -3
390
F
  0
ENDTAB
  0
TABLE
  2
STYLE
  5
3
330
0
100
AcDbSymbolTable
 70
     1
  0
STYLE
  5
11
330
3
100
AcDbSymbolTableRecord
100
AcDbTextStyleTableRecord
  2
STANDARD
 70
     0
 40
0.0
 41
1.0
 50
0.0
 71
     0
 42
2.5
  3
txt
  4

  0
ENDTAB
  0
TABLE
  2
VIEW
  5
6
330
0
100
AcDbSymbolTable
 70
     0
  0
ENDTAB
  0
TABLE
  2
UCS
  5
7
330
0
100
AcDbSymbolTable
 70
     0
  0
ENDTAB
  0
TABLE
  2
APPID
  5
9
330
0
100
AcDbSymbolTable
 70
     3
  0
APPID
  5
12
330
9
100
AcDbSymbolTableRecord
100
AcDbRegAppTableRecord
  2
ACAD
 70
     0
  0
APPID
  5
2B
330
9
100
AcDbSymbolTableRecord
100
AcDbRegAppTableRecord
  2
URBANX
 70
     0
  0
APPID
  5
34D
330
9
100
AcDbSymbolTableRecord
100
AcDbRegAppTableRecord
  2
ACAD_MLEADERVER
 70
     0
  0
ENDTAB
  0
TABLE
  2
DIMSTYLE
  5
A
330
0
100
AcDbSymbolTable
 70
     1
100
AcDbDimStyleTable
  0
DIMSTYLE
105
27
330
A
100
AcDbSymbolTableRecord
100
AcDbDimStyleTableRecord
  2
ISO-25
 70
     0
 41
2.5
 42
0.625
 43
3.75
 44
1.25
 73
     0
 74
     0
 77
     1
 78
     8
140
2.5
141
2.5
143
0.03937007874016
147
0.625
171
     3
172
     1
178
     0
271
     2
272
     2
274
     3
283
     0
284
     8
340
11
  0
ENDTAB
  0
TABLE
  2
BLOCK_RECORD
  5
1
330
0
100
AcDbSymbolTable
 70
     0
  0
BLOCK_RECORD
  5
1F
102
{ACAD_XDICTIONARY
360
52
102
}
330
1
100
AcDbSymbolTableRecord
100
AcDbBlockTableRecord
  2
*MODEL_SPACE
340
2EC
  0
BLOCK_RECORD
  5
1B
102
{ACAD_XDICTIONARY
360
50
102
}
330
1
100
AcDbSymbolTableRecord
100
AcDbBlockTableRecord
  2
*PAPER_SPACE
340
2ED
  0
ENDTAB
  0
ENDSEC
  0
SECTION
  2
BLOCKS
  0
BLOCK
  5
20
330
1F
100
AcDbEntity
  8
0
100
AcDbBlockBegin
  2
*MODEL_SPACE
 70
     0
 10
0.0
 20
0.0
 30
0.0
  3
*MODEL_SPACE
  1

  0
ENDBLK
  5
21
330
1F
100
AcDbEntity
  8
0
100
AcDbBlockEnd
  0
BLOCK
  5
1C
330
1B
100
AcDbEntity
 67
     1
  8
0
100
AcDbBlockBegin
  2
*PAPER_SPACE
 70
     0
 10
0.0
 20
0.0
 30
0.0
  3
*PAPER_SPACE
  1

  0
ENDBLK
  5
1D
330
1B
100
AcDbEntity
 67
     1
  8
0
100
AcDbBlockEnd
  0
ENDSEC
  0
SECTION
  2
ENTITIES
  0
LINE
  5
FF
330
1F
100
AcDbEntity
  8
0
 62
   240
100
AcDbLine
 10
30.3995
 20
44.9005
 30
0.0
 11
27.7482
 21
44.9047
 31
0.0
  0
LINE
  5
100
330
1F
100
AcDbEntity
  8
0
 62
   240
100
AcDbLine
 10
27.7482
 20
44.9047
 30
0.0
 11
25.185
 21
31.8396
 31
0.0
  0
LINE
  5
101
330
1F
100
AcDbEntity
  8
0
 62
   240
100
AcDbLine
 10
25.185
 20
31.8396
 30
0.0
 11
33.5263
 21
31.8272
 31
0.0
  0
LINE
  5
102
330
1F
100
AcDbEntity
  8
0
 62
   240
100
AcDbLine
 10
33.5263
 20
31.8272
 30
0.0
 11
33.4946
 21
32.4845
 31
0.0
  0
SPLINE
  5
103
330
1F
100
AcDbEntity
  8
0
 62
   240
100
AcDbSpline
 70
     0
 71
     3
 72
     8
 73
     4
 74
     0
 42
0.000000001
 43
0.0000001
 40
0.0
 40
0.0
 40
0.0
 40
0.0
 40
1.0
 40
1.0
 40
1.0
 40
1.0
 10
33.4946
 20
32.4845
 30
0.0
 10
33.4202
 20
34.9002
 30
0.0
 10
33.6682
 20
37.375
 30
0.0
 10
33.8942
 20
39.8406
 30
0.0
  0
SPLINE
  5
104
330
1F
100
AcDbEntity
  8
0
 62
   240
100
AcDbSpline
 70
     0
 71
     3
 72
     8
 73
     4
 74
     0
 42
0.000000001
 43
0.0000001
 40
0.0
 40
0.0
 40
0.0
 40
0.0
 40
1.0
 40
1.0
 40
1.0
 40
1.0
 10
33.8942
 20
39.8406
 30
0.0
 10
34.2415
 20
43.3419
 30
0.0
 10
34.5088
 20
44.8924
 30
0.0
 10
30.3995
 20
44.9005
 30
0.0
  0
SPLINE
  5
105
330
1F
100
AcDbEntity
  8
0
 62
   240
100
AcDbSpline
 70
     0
 71
     3
 72
     8
 73
     4
 74
     0
 42
0.000000001
 43
0.0000001
 40
0.0
 40
0.0
 40
0.0
 40
0.0
 40
1.0
 40
1.0
 40
1.0
 40
1.0
 10
37.8008
 20
56.3259
 30
0.0
 10
38.3893
 20
59.3506
 30
0.0
 10
35.7078
 20
59.4459
 30
0.0
 10
33.372
 20
59.4487
 30
0.0
  0
LINE
  5
106
330
1F
100
AcDbEntity
  8
0
 62
   240
100
AcDbLine
 10
33.372
 20
59.4487
 30
0.0
 11
30.5649
 21
59.4526
 31
0.0
  0
LINE
  5
107
330
1F
100
AcDbEntity
  8
0
 62
   240
100
AcDbLine
 10
30.5649
 20
59.4526
 30
0.0
 11
29.3619
 21
53.2751
 31
0.0
  0
LINE
  5
108
330
1F
100
AcDbEntity
  8
0
 62
   240
100
AcDbLine
 10
29.3619
 20
53.2751
 30
0.0
 11
32.1689
 21
53.268
 31
0.0
  0
SPLINE
  5
109
330
1F
100
AcDbEntity
  8
0
 62
   240
100
AcDbSpline
 70
     0
 71
     3
 72
     8
 73
     4
 74
     0
 42
0.000000001
 43
0.0000001
 40
0.0
 40
0.0
 40
0.0
 40
0.0
 40
1.0
 40
1.0
 40
1.0
 40
1.0
 10
32.1689
 20
53.268
 30
0.0
 10
34.5033
 20
53.2652
 30
0.0
 10
37.2237
 20
53.3562
 30
0.0
 10
37.8008
 20
56.3259
 30
0.0
  0
SPLINE
  5
10A
330
1F
100
AcDbEntity
  8
0
 62
   240
100
AcDbSpline
 70
     0
 71
     3
 72
     8
 73
     4
 74
     0
 42
0.000000001
 43
0.0000001
 40
0.0
 40
0.0
 40
0.0
 40
0.0
 40
1.0
 40
1.0
 40
1.0
 40
1.0
 10
45.4353
 20
33.1322
 30
0.0
 10
45.7094
 20
31.0872
 30
0.0
 10
47.1428
 20
28.44
 30
0.0
 10
51.0413
 20
28.44
 30
0.0
  0
LINE
  5
10B
330
1F
100
AcDbEntity
  8
0
 62
   240
100
AcDbLine
 10
51.0413
 20
28.44
 30
0.0
 11
51.0452
 21
28.44
 31
0.0
  0
SPLINE
  5
10C
330
1F
100
AcDbEntity
  8
0
 62
   240
100
AcDbSpline
 70
     0
 71
     3
 72
     8
 73
     4
 74
     0
 42
0.000000001
 43
0.0000001
 40
0.0
 40
0.0
 40
0.0
 40
0.0
 40
1.0
 40
1.0
 40
1.0
 40
1.0
 10
51.0452
 20
28.44
 30
0.0
 10
62.1866
 20
28.44
 30
0.0
 10
71.9709
 20
39.1721
 30
0.0
 10
74.1151
 20
50.4472
 30
0.0
  0
SPLINE
  5
10D
330
1F
100
AcDbEntity
  8
0
 62
   240
100
AcDbSpline
 70
     0
 71
     3
 72
     8
 73
     4
 74
     0
 42
0.000000001
 43
0.0000001
 40
0.0
 40
0.0
 40
0.0
 40
0.0
 40
1.0
 40
1.0
 40
1.0
 40
1.0
 10
74.1151
 20
50.4472
 30
0.0
 10
75.5191
 20
57.846
 30
0.0
 10
74.1701
 20
64.2856
 30
0.0
 10
70.2109
 20
69.0633
 30
0.0
  0
SPLINE
  5
10E
330
1F
100
AcDbEntity
  8
0
 62
   240
100
AcDbSpline
 70
     0
 71
     3
 72
     8
 73
     4
 74
     0
 42
0.000000001
 43
0.0000001
 40
0.0
 40
0.0
 40
0.0
 40
0.0
 40
1.0
 40
1.0
 40
1.0
 40
1.0
 10
70.2109
 20
69.0633
 30
0.0
 10
65.7571
 20
74.4485
 30
0.0
 10
58.0249
 20
77.5367
 30
0.0
 10
49.0072
 20
77.5437
 30
0.0
  0
LINE
  5
10F
330
1F
100
AcDbEntity
  8
0
 62
   240
100
AcDbLine
 10
49.0072
 20
77.5437
 30
0.0
 11
48.9962
 21
77.5437
 31
0.0
  0
SPLINE
  5
110
330
1F
100
AcDbEntity
  8
0
 62
   240
100
AcDbSpline
 70
     0
 71
     3
 72
     8
 73
     4
 74
     0
 42
0.000000001
 43
0.0000001
 40
0.0
 40
0.0
 40
0.0
 40
0.0
 40
1.0
 40
1.0
 40
1.0
 40
1.0
 10
48.9962
 20
77.5437
 30
0.0
 10
31.5419
 20
77.5437
 30
0.0
 10
11.6761
 20
65.9613
 30
0.0
 10
7.47035
 20
43.8231
 30
0.0
  0
SPLINE
  5
111
330
1F
100
AcDbEntity
  8
0
 62
   240
100
AcDbSpline
 70
     0
 71
     3
 72
     8
 73
     4
 74
     0
 42
0.000000001
 43
0.0000001
 40
0.0
 40
0.0
 40
0.0
 40
0.0
 40
1.0
 40
1.0
 40
1.0
 40
1.0
 10
7.47035
 20
43.8231
 30
0.0
 10
5.71472
 20
34.5805
 30
0.0
 10
7.39041
 20
26.5548
 30
0.0
 10
12.3155
 20
20.6099
 30
0.0
  0
SPLINE
  5
112
330
1F
100
AcDbEntity
  8
0
 62
   240
100
AcDbSpline
 70
     0
 71
     3
 72
     8
 73
     4
 74
     0
 42
0.000000001
 43
0.0000001
 40
0.0
 40
0.0
 40
0.0
 40
0.0
 40
1.0
 40
1.0
 40
1.0
 40
1.0
 10
12.3155
 20
20.6099
 30
0.0
 10
17.3964
 20
14.4653
 30
0.0
 10
25.7046
 20
11.0863
 30
0.0
 10
35.7117
 20
11.0836
 30
0.0
  0
LINE
  5
113
330
1F
100
AcDbEntity
  8
0
 62
   240
100
AcDbLine
 10
35.7117
 20
11.0836
 30
0.0
 11
35.7283
 21
11.0836
 31
0.0
  0
SPLINE
  5
114
330
1F
100
AcDbEntity
  8
0
 62
   240
100
AcDbSpline
 70
     0
 71
     3
 72
     8
 73
     4
 74
     0
 42
0.000000001
 43
0.0000001
 40
0.0
 40
0.0
 40
0.0
 40
0.0
 40
1.0
 40
1.0
 40
1.0
 40
1.0
 10
35.7283
 20
11.0836
 30
0.0
 10
50.9295
 20
11.0036
 30
0.0
 10
62.5066
 20
18.8943
 30
0.0
 10
67.987
 20
23.1497
 30
0.0
  0
LINE
  5
115
330
1F
100
AcDbEntity
  8
0
 62
   240
100
AcDbLine
 10
67.987
 20
23.1497
 30
0.0
 11
67.9358
 21
23.1497
 31
0.0
  0
SPLINE
  5
116
330
1F
100
AcDbEntity
  8
0
 62
   240
100
AcDbSpline
 70
     0
 71
     3
 72
     8
 73
     4
 74
     0
 42
0.000000001
 43
0.0000001
 40
0.0
 40
0.0
 40
0.0
 40
0.0
 40
1.0
 40
1.0
 40
1.0
 40
1.0
 10
67.9358
 20
23.1497
 30
0.0
 10
68.9116
 20
23.8593
 30
0.0
 10
69.7537
 20
24.5318
 30
0.0
 10
70.4303
 20
25.1327
 30
0.0
  0
LINE
  5
117
330
1F
100
AcDbEntity
  8
0
 62
   240
100
AcDbLine
 10
70.4303
 20
25.1327
 30
0.0
 11
60.7385
 21
24.7399
 31
0.0
  0
SPLINE
  5
118
330
1F
100
AcDbEntity
  8
0
 62
   240
100
AcDbSpline
 70
     0
 71
     3
 72
     8
 73
     4
 74
     0
 42
0.000000001
 43
0.0000001
 40
0.0
 40
0.0
 40
0.0
 40
0.0
 40
1.0
 40
1.0
 40
1.0
 40
1.0
 10
60.7385
 20
24.7399
 30
0.0
 10
51.6336
 20
18.8722
 30
0.0
 10
44.4253
 20
16.4786
 30
0.0
 10
35.8525
 20
16.4786
 30
0.0
  0
LINE
  5
119
330
1F
100
AcDbEntity
  8
0
 62
   240
100
AcDbLine
 10
35.8525
 20
16.4786
 30
0.0
 11
35.8373
 21
16.4786
 31
0.0
  0
SPLINE
  5
11A
330
1F
100
AcDbEntity
  8
0
 62
   240
100
AcDbSpline
 70
     0
 71
     3
 72
     8
 73
     4
 74
     0
 42
0.000000001
 43
0.0000001
 40
0.0
 40
0.0
 40
0.0
 40
0.0
 40
1.0
 40
1.0
 40
1.0
 40
1.0
 10
35.8373
 20
16.4786
 30
0.0
 10
27.3554
 20
16.4827
 30
0.0
 10
20.3881
 20
19.3173
 30
0.0
 10
16.2126
 20
24.4712
 30
0.0
  0
SPLINE
  5
11B
330
1F
100
AcDbEntity
  8
0
 62
   240
100
AcDbSpline
 70
     0
 71
     3
 72
     8
 73
     4
 74
     0
 42
0.000000001
 43
0.0000001
 40
0.0
 40
0.0
 40
0.0
 40
0.0
 40
1.0
 40
1.0
 40
1.0
 40
1.0
 10
16.2126
 20
24.4712
 30
0.0
 10
12.1984
 20
29.4197
 30
0.0
 10
10.8562
 20
36.2218
 30
0.0
 10
12.3293
 20
44.1456
 30
0.0
  0
SPLINE
  5
11C
330
1F
100
AcDbEntity
  8
0
 62
   240
100
AcDbSpline
 70
     0
 71
     3
 72
     8
 73
     4
 74
     0
 42
0.000000001
 43
0.0000001
 40
0.0
 40
0.0
 40
0.0
 40
0.0
 40
1.0
 40
1.0
 40
1.0
 40
1.0
 10
12.3293
 20
44.1456
 30
0.0
 10
14.6017
 20
56.3633
 30
0.0
 10
22.1575
 20
64.951
 30
0.0
 10
31.2029
 20
69.6983
 30
0.0
  0
SPLINE
  5
11D
330
1F
100
AcDbEntity
  8
0
 62
   240
100
AcDbSpline
 70
     0
 71
     3
 72
     8
 73
     4
 74
     0
 42
0.000000001
 43
0.0000001
 40
0.0
 40
0.0
 40
0.0
 40
0.0
 40
1.0
 40
1.0
 40
1.0
 40
1.0
 10
31.2029
 20
69.6983
 30
0.0
 10
36.8776
 20
72.5385
 30
0.0
 10
43.0886
 20
73.9909
 30
0.0
 10
48.9962
 20
73.9909
 30
0.0
  0
LINE
  5
11E
330
1F
100
AcDbEntity
  8
0
 62
   240
100
AcDbLine
 10
48.9962
 20
73.9909
 30
0.0
 11
49.0072
 21
73.9909
 31
0.0
  0
SPLINE
  5
11F
330
1F
100
AcDbEntity
  8
0
 62
   240
100
AcDbSpline
 70
     0
 71
     3
 72
     8
 73
     4
 74
     0
 42
0.000000001
 43
0.0000001
 40
0.0
 40
0.0
 40
0.0
 40
0.0
 40
1.0
 40
1.0
 40
1.0
 40
1.0
 10
49.0072
 20
73.9909
 30
0.0
 10
56.9655
 20
73.9881
 30
0.0
 10
63.6972
 20
71.3687
 30
0.0
 10
67.4783
 20
66.7964
 30
0.0
  0
SPLINE
  5
120
330
1F
100
AcDbEntity
  8
0
 62
   240
100
AcDbSpline
 70
     0
 71
     3
 72
     8
 73
     4
 74
     0
 42
0.000000001
 43
0.0000001
 40
0.0
 40
0.0
 40
0.0
 40
0.0
 40
1.0
 40
1.0
 40
1.0
 40
1.0
 10
67.4783
 20
66.7964
 30
0.0
 10
70.7856
 20
62.804
 30
0.0
 10
72.2231
 20
57.4435
 30
0.0
 10
70.6219
 20
51.1101
 30
0.0
  0
SPLINE
  5
121
330
1F
100
AcDbEntity
  8
0
 62
   240
100
AcDbSpline
 70
     0
 71
     3
 72
     8
 73
     4
 74
     0
 42
0.000000001
 43
0.0000001
 40
0.0
 40
0.0
 40
0.0
 40
0.0
 40
1.0
 40
1.0
 40
1.0
 40
1.0
 10
70.6219
 20
51.1101
 30
0.0
 10
67.6204
 20
39.2299
 30
0.0
 10
60.6654
 20
34.6742
 30
0.0
 10
56.0836
 20
33.1349
 30
0.0
  0
SPLINE
  5
122
330
1F
100
AcDbEntity
  8
0
 62
   240
100
AcDbSpline
 70
     0
 71
     3
 72
     8
 73
     4
 74
     0
 42
0.000000001
 43
0.0000001
 40
0.0
 40
0.0
 40
0.0
 40
0.0
 40
1.0
 40
1.0
 40
1.0
 40
1.0
 10
56.0836
 20
33.1349
 30
0.0
 10
48.0907
 20
30.4546
 30
0.0
 10
48.8086
 20
38.4679
 30
0.0
 10
48.9109
 20
40.9374
 30
0.0
  0
SPLINE
  5
123
330
1F
100
AcDbEntity
  8
0
 62
   240
100
AcDbSpline
 70
     0
 71
     3
 72
     8
 73
     4
 74
     0
 42
0.000000001
 43
0.0000001
 40
0.0
 40
0.0
 40
0.0
 40
0.0
 40
1.0
 40
1.0
 40
1.0
 40
1.0
 10
48.9109
 20
40.9374
 30
0.0
 10
49.0128
 20
43.4026
 30
0.0
 10
49.1063
 20
44.7876
 30
0.0
 10
48.7151
 20
46.5377
 30
0.0
  0
SPLINE
  5
124
330
1F
100
AcDbEntity
  8
0
 62
   240
100
AcDbSpline
 70
     0
 71
     3
 72
     8
 73
     4
 74
     0
 42
0.000000001
 43
0.0000001
 40
0.0
 40
0.0
 40
0.0
 40
0.0
 40
1.0
 40
1.0
 40
1.0
 40
1.0
 10
48.7151
 20
46.5377
 30
0.0
 10
48.0632
 20
48.8749
 30
0.0
 10
46.6796
 20
49.5268
 30
0.0
 10
46.6796
 20
49.5268
 30
0.0
  0
SPLINE
  5
125
330
1F
100
AcDbEntity
  8
0
 62
   240
100
AcDbSpline
 70
     0
 71
     3
 72
     8
 73
     4
 74
     0
 42
0.000000001
 43
0.0000001
 40
0.0
 40
0.0
 40
0.0
 40
0.0
 40
1.0
 40
1.0
 40
1.0
 40
1.0
 10
46.6796
 20
49.5268
 30
0.0
 10
48.7013
 20
50.2652
 30
0.0
 10
50.0902
 20
51.6132
 30
0.0
 10
50.9986
 20
52.8327
 30
0.0
  0
SPLINE
  5
126
330
1F
100
AcDbEntity
  8
0
 62
   240
100
AcDbSpline
 70
     0
 71
     3
 72
     8
 73
     4
 74
     0
 42
0.000000001
 43
0.0000001
 40
0.0
 40
0.0
 40
0.0
 40
0.0
 40
1.0
 40
1.0
 40
1.0
 40
1.0
 10
50.9986
 20
52.8327
 30
0.0
 10
52.0181
 20
54.2629
 30
0.0
 10
52.7279
 20
55.9058
 30
0.0
 10
53.0835
 20
57.7275
 30
0.0
  0
SPLINE
  5
127
330
1F
100
AcDbEntity
  8
0
 62
   240
100
AcDbSpline
 70
     0
 71
     3
 72
     8
 73
     4
 74
     0
 42
0.000000001
 43
0.0000001
 40
0.0
 40
0.0
 40
0.0
 40
0.0
 40
1.0
 40
1.0
 40
1.0
 40
1.0
 10
53.0835
 20
57.7275
 30
0.0
 10
53.6582
 20
60.6778
 30
0.0
 10
53.2486
 20
63.2435
 30
0.0
 10
51.646
 20
65.1605
 30
0.0
  0
SPLINE
  5
128
330
1F
100
AcDbEntity
  8
0
 62
   240
100
AcDbSpline
 70
     0
 71
     3
 72
     8
 73
     4
 74
     0
 42
0.000000001
 43
0.0000001
 40
0.0
 40
0.0
 40
0.0
 40
0.0
 40
1.0
 40
1.0
 40
1.0
 40
1.0
 10
51.646
 20
65.1605
 30
0.0
 10
51.6213
 20
65.188
 30
0.0
 10
51.598
 20
65.2184
 30
0.0
 10
51.5705
 20
65.2459
 30
0.0
  0
SPLINE
  5
129
330
1F
100
AcDbEntity
  8
0
 62
   240
100
AcDbSpline
 70
     0
 71
     3
 72
     8
 73
     4
 74
     0
 42
0.000000001
 43
0.0000001
 40
0.0
 40
0.0
 40
0.0
 40
0.0
 40
1.0
 40
1.0
 40
1.0
 40
1.0
 10
51.5705
 20
65.2459
 30
0.0
 10
51.544
 20
65.2833
 30
0.0
 10
51.5165
 20
65.3161
 30
0.0
 10
51.489
 20
65.3479
 30
0.0
  0
SPLINE
  5
12A
330
1F
100
AcDbEntity
  8
0
 62
   240
100
AcDbSpline
 70
     0
 71
     3
 72
     8
 73
     4
 74
     0
 42
0.000000001
 43
0.0000001
 40
0.0
 40
0.0
 40
0.0
 40
0.0
 40
1.0
 40
1.0
 40
1.0
 40
1.0
 10
51.489
 20
65.3479
 30
0.0
 10
51.423
 20
65.4223
 30
0.0
 10
51.3486
 20
65.49
 30
0.0
 10
51.2755
 20
65.556
 30
0.0
  0
SPLINE
  5
12B
330
1F
100
AcDbEntity
  8
0
 62
   240
100
AcDbSpline
 70
     0
 71
     3
 72
     8
 73
     4
 74
     0
 42
0.000000001
 43
0.0000001
 40
0.0
 40
0.0
 40
0.0
 40
0.0
 40
1.0
 40
1.0
 40
1.0
 40
1.0
 10
51.2755
 20
65.556
 30
0.0
 10
51.2713
 20
65.5655
 30
0.0
 10
51.2632
 20
65.5726
 30
0.0
 10
51.2547
 20
65.5807
 30
0.0
  0
SPLINE
  5
12C
330
1F
100
AcDbEntity
  8
0
 62
   240
100
AcDbSpline
 70
     0
 71
     3
 72
     8
 73
     4
 74
     0
 42
0.000000001
 43
0.0000001
 40
0.0
 40
0.0
 40
0.0
 40
0.0
 40
1.0
 40
1.0
 40
1.0
 40
1.0
 10
51.2547
 20
65.5807
 30
0.0
 10
50.8649
 20
65.9613
 30
0.0
 10
50.4126
 20
66.2838
 30
0.0
 10
49.9124
 20
66.5536
 30
0.0
  0
SPLINE
  5
12D
330
1F
100
AcDbEntity
  8
0
 62
   240
100
AcDbSpline
 70
     0
 71
     3
 72
     8
 73
     4
 74
     0
 42
0.000000001
 43
0.0000001
 40
0.0
 40
0.0
 40
0.0
 40
0.0
 40
1.0
 40
1.0
 40
1.0
 40
1.0
 10
49.9124
 20
66.5536
 30
0.0
 10
49.8602
 20
66.5812
 30
0.0
 10
49.8052
 20
66.6115
 30
0.0
 10
49.7487
 20
66.6433
 30
0.0
  0
SPLINE
  5
12E
330
1F
100
AcDbEntity
  8
0
 62
   240
100
AcDbSpline
 70
     0
 71
     3
 72
     8
 73
     4
 74
     0
 42
0.000000001
 43
0.0000001
 40
0.0
 40
0.0
 40
0.0
 40
0.0
 40
1.0
 40
1.0
 40
1.0
 40
1.0
 10
49.7487
 20
66.6433
 30
0.0
 10
49.7085
 20
66.6584
 30
0.0
 10
49.6672
 20
66.6859
 30
0.0
 10
49.626
 20
66.7039
 30
0.0
  0
SPLINE
  5
12F
330
1F
100
AcDbEntity
  8
0
 62
   240
100
AcDbSpline
 70
     0
 71
     3
 72
     8
 73
     4
 74
     0
 42
0.000000001
 43
0.0000001
 40
0.0
 40
0.0
 40
0.0
 40
0.0
 40
1.0
 40
1.0
 40
1.0
 40
1.0
 10
49.626
 20
66.7039
 30
0.0
 10
47.5671
 20
67.776
 30
0.0
 10
44.3272
 20
68.4967
 30
0.0
 10
39.6642
 20
68.4057
 30
0.0
  0
SPLINE
  5
130
330
1F
100
AcDbEntity
  8
0
 62
   240
100
AcDbSpline
 70
     0
 71
     3
 72
     8
 73
     4
 74
     0
 42
0.000000001
 43
0.0000001
 40
0.0
 40
0.0
 40
0.0
 40
0.0
 40
1.0
 40
1.0
 40
1.0
 40
1.0
 10
39.6642
 20
68.4057
 30
0.0
 10
39.6325
 20
68.4057
 30
0.0
 10
39.6049
 20
68.4029
 30
0.0
 10
39.5774
 20
68.399
 30
0.0
  0
SPLINE
  5
131
330
1F
100
AcDbEntity
  8
0
 62
   240
100
AcDbSpline
 70
     0
 71
     3
 72
     8
 73
     4
 74
     0
 42
0.000000001
 43
0.0000001
 40
0.0
 40
0.0
 40
0.0
 40
0.0
 40
1.0
 40
1.0
 40
1.0
 40
1.0
 10
39.5774
 20
68.399
 30
0.0
 10
39.062
 20
68.4086
 30
0.0
 10
38.5367
 20
68.4142
 30
0.0
 10
37.9843
 20
68.4057
 30
0.0
  0
SPLINE
  5
132
330
1F
100
AcDbEntity
  8
0
 62
   240
100
AcDbSpline
 70
     0
 71
     3
 72
     8
 73
     4
 74
     0
 42
0.000000001
 43
0.0000001
 40
0.0
 40
0.0
 40
0.0
 40
0.0
 40
1.0
 40
1.0
 40
1.0
 40
1.0
 10
37.9843
 20
68.4057
 30
0.0
 10
37.2565
 20
68.3906
 30
0.0
 10
36.5622
 20
68.3232
 30
0.0
 10
35.8994
 20
68.2308
 30
0.0
  0
LINE
  5
133
330
1F
100
AcDbEntity
  8
0
 62
   240
100
AcDbLine
 10
35.8994
 20
68.2308
 30
0.0
 11
35.8126
 21
67.7831
 31
0.0
  0
LINE
  5
134
330
1F
100
AcDbEntity
  8
0
 62
   240
100
AcDbLine
 10
35.8126
 20
67.7831
 30
0.0
 11
37.5627
 21
67.7831
 31
0.0
  0
SPLINE
  5
135
330
1F
100
AcDbEntity
  8
0
 62
   240
100
AcDbSpline
 70
     0
 71
     3
 72
     8
 73
     4
 74
     0
 42
0.000000001
 43
0.0000001
 40
0.0
 40
0.0
 40
0.0
 40
0.0
 40
1.0
 40
1.0
 40
1.0
 40
1.0
 10
37.5627
 20
67.7831
 30
0.0
 10
38.4598
 20
67.7803
 30
0.0
 10
39.376
 20
67.7333
 30
0.0
 10
40.2855
 20
67.6381
 30
0.0
  0
SPLINE
  5
136
330
1F
100
AcDbEntity
  8
0
 62
   240
100
AcDbSpline
 70
     0
 71
     3
 72
     8
 73
     4
 74
     0
 42
0.000000001
 43
0.0000001
 40
0.0
 40
0.0
 40
0.0
 40
0.0
 40
1.0
 40
1.0
 40
1.0
 40
1.0
 10
40.2855
 20
67.6381
 30
0.0
 10
40.4026
 20
67.6257
 30
0.0
 10
40.5211
 20
67.6134
 30
0.0
 10
40.6382
 20
67.601
 30
0.0
  0
SPLINE
  5
137
330
1F
100
AcDbEntity
  8
0
 62
   240
100
AcDbSpline
 70
     0
 71
     3
 72
     8
 73
     4
 74
     0
 42
0.000000001
 43
0.0000001
 40
0.0
 40
0.0
 40
0.0
 40
0.0
 40
1.0
 40
1.0
 40
1.0
 40
1.0
 10
40.6382
 20
67.601
 30
0.0
 10
40.7554
 20
67.5845
 30
0.0
 10
40.8725
 20
67.5693
 30
0.0
 10
40.9896
 20
67.5513
 30
0.0
  0
SPLINE
  5
138
330
1F
100
AcDbEntity
  8
0
 62
   240
100
AcDbSpline
 70
     0
 71
     3
 72
     8
 73
     4
 74
     0
 42
0.000000001
 43
0.0000001
 40
0.0
 40
0.0
 40
0.0
 40
0.0
 40
1.0
 40
1.0
 40
1.0
 40
1.0
 10
40.9896
 20
67.5513
 30
0.0
 10
41.1275
 20
67.5361
 30
0.0
 10
41.2641
 20
67.5185
 30
0.0
 10
41.4002
 20
67.4963
 30
0.0
  0
SPLINE
  5
139
330
1F
100
AcDbEntity
  8
0
 62
   240
100
AcDbSpline
 70
     0
 71
     3
 72
     8
 73
     4
 74
     0
 42
0.000000001
 43
0.0000001
 40
0.0
 40
0.0
 40
0.0
 40
0.0
 40
1.0
 40
1.0
 40
1.0
 40
1.0
 10
41.4002
 20
67.4963
 30
0.0
 10
41.5396
 20
67.4758
 30
0.0
 10
41.6828
 20
67.4508
 30
0.0
 10
41.8222
 20
67.4261
 30
0.0
  0
SPLINE
  5
13A
330
1F
100
AcDbEntity
  8
0
 62
   240
100
AcDbSpline
 70
     0
 71
     3
 72
     8
 73
     4
 74
     0
 42
0.000000001
 43
0.0000001
 40
0.0
 40
0.0
 40
0.0
 40
0.0
 40
1.0
 40
1.0
 40
1.0
 40
1.0
 10
41.8222
 20
67.4261
 30
0.0
 10
41.9047
 20
67.4109
 30
0.0
 10
41.9876
 20
67.3985
 30
0.0
 10
42.0702
 20
67.3834
 30
0.0
  0
SPLINE
  5
13B
330
1F
100
AcDbEntity
  8
0
 62
   240
100
AcDbSpline
 70
     0
 71
     3
 72
     8
 73
     4
 74
     0
 42
0.000000001
 43
0.0000001
 40
0.0
 40
0.0
 40
0.0
 40
0.0
 40
1.0
 40
1.0
 40
1.0
 40
1.0
 10
42.0702
 20
67.3834
 30
0.0
 10
42.2233
 20
67.353
 30
0.0
 10
42.3774
 20
67.3213
 30
0.0
 10
42.5305
 20
67.291
 30
0.0
  0
SPLINE
  5
13C
330
1F
100
AcDbEntity
  8
0
 62
   240
100
AcDbSpline
 70
     0
 71
     3
 72
     8
 73
     4
 74
     0
 42
0.000000001
 43
0.0000001
 40
0.0
 40
0.0
 40
0.0
 40
0.0
 40
1.0
 40
1.0
 40
1.0
 40
1.0
 10
42.5305
 20
67.291
 30
0.0
 10
42.5813
 20
67.28
 30
0.0
 10
42.635
 20
67.2677
 30
0.0
 10
42.6875
 20
67.2539
 30
0.0
  0
SPLINE
  5
13D
330
1F
100
AcDbEntity
  8
0
 62
   240
100
AcDbSpline
 70
     0
 71
     3
 72
     8
 73
     4
 74
     0
 42
0.000000001
 43
0.0000001
 40
0.0
 40
0.0
 40
0.0
 40
0.0
 40
1.0
 40
1.0
 40
1.0
 40
1.0
 10
42.6875
 20
67.2539
 30
0.0
 10
42.8942
 20
67.2112
 30
0.0
 10
43.0967
 20
67.1615
 30
0.0
 10
43.2978
 20
67.1065
 30
0.0
  0
SPLINE
  5
13E
330
1F
100
AcDbEntity
  8
0
 62
   240
100
AcDbSpline
 70
     0
 71
     3
 72
     8
 73
     4
 74
     0
 42
0.000000001
 43
0.0000001
 40
0.0
 40
0.0
 40
0.0
 40
0.0
 40
1.0
 40
1.0
 40
1.0
 40
1.0
 10
43.2978
 20
67.1065
 30
0.0
 10
43.3433
 20
67.098
 30
0.0
 10
43.3874
 20
67.0842
 30
0.0
 10
43.4315
 20
67.0733
 30
0.0
  0
SPLINE
  5
13F
330
1F
100
AcDbEntity
  8
0
 62
   240
100
AcDbSpline
 70
     0
 71
     3
 72
     8
 73
     4
 74
     0
 42
0.000000001
 43
0.0000001
 40
0.0
 40
0.0
 40
0.0
 40
0.0
 40
1.0
 40
1.0
 40
1.0
 40
1.0
 10
43.4315
 20
67.0733
 30
0.0
 10
43.6107
 20
67.0235
 30
0.0
 10
43.7871
 20
66.9727
 30
0.0
 10
43.9635
 20
66.9149
 30
0.0
  0
SPLINE
  5
140
330
1F
100
AcDbEntity
  8
0
 62
   240
100
AcDbSpline
 70
     0
 71
     3
 72
     8
 73
     4
 74
     0
 42
0.000000001
 43
0.0000001
 40
0.0
 40
0.0
 40
0.0
 40
0.0
 40
1.0
 40
1.0
 40
1.0
 40
1.0
 10
43.9635
 20
66.9149
 30
0.0
 10
43.9953
 20
66.9078
 30
0.0
 10
44.0256
 20
66.8983
 30
0.0
 10
44.0574
 20
66.8884
 30
0.0
  0
SPLINE
  5
141
330
1F
100
AcDbEntity
  8
0
 62
   240
100
AcDbSpline
 70
     0
 71
     3
 72
     8
 73
     4
 74
     0
 42
0.000000001
 43
0.0000001
 40
0.0
 40
0.0
 40
0.0
 40
0.0
 40
1.0
 40
1.0
 40
1.0
 40
1.0
 10
44.0574
 20
66.8884
 30
0.0
 10
44.4832
 20
66.7508
 30
0.0
 10
44.8938
 20
66.6006
 30
0.0
 10
45.2893
 20
66.4256
 30
0.0
  0
SPLINE
  5
142
330
1F
100
AcDbEntity
  8
0
 62
   240
100
AcDbSpline
 70
     0
 71
     3
 72
     8
 73
     4
 74
     0
 42
0.000000001
 43
0.0000001
 40
0.0
 40
0.0
 40
0.0
 40
0.0
 40
1.0
 40
1.0
 40
1.0
 40
1.0
 10
45.2893
 20
66.4256
 30
0.0
 10
45.3058
 20
66.4214
 30
0.0
 10
45.3224
 20
66.4132
 30
0.0
 10
45.3376
 20
66.4062
 30
0.0
  0
SPLINE
  5
143
330
1F
100
AcDbEntity
  8
0
 62
   240
100
AcDbSpline
 70
     0
 71
     3
 72
     8
 73
     4
 74
     0
 42
0.000000001
 43
0.0000001
 40
0.0
 40
0.0
 40
0.0
 40
0.0
 40
1.0
 40
1.0
 40
1.0
 40
1.0
 10
45.3376
 20
66.4062
 30
0.0
 10
45.7426
 20
66.2284
 30
0.0
 10
46.1285
 20
66.0315
 30
0.0
 10
46.4922
 20
65.811
 30
0.0
  0
SPLINE
  5
144
330
1F
100
AcDbEntity
  8
0
 62
   240
100
AcDbSpline
 70
     0
 71
     3
 72
     8
 73
     4
 74
     0
 42
0.000000001
 43
0.0000001
 40
0.0
 40
0.0
 40
0.0
 40
0.0
 40
1.0
 40
1.0
 40
1.0
 40
1.0
 10
46.4922
 20
65.811
 30
0.0
 10
46.4951
 20
65.8082
 30
0.0
 10
46.4979
 20
65.8082
 30
0.0
 10
46.5018
 20
65.8012
 30
0.0
  0
SPLINE
  5
145
330
1F
100
AcDbEntity
  8
0
 62
   240
100
AcDbSpline
 70
     0
 71
     3
 72
     8
 73
     4
 74
     0
 42
0.000000001
 43
0.0000001
 40
0.0
 40
0.0
 40
0.0
 40
0.0
 40
1.0
 40
1.0
 40
1.0
 40
1.0
 10
46.5018
 20
65.8012
 30
0.0
 10
47.0574
 20
65.4664
 30
0.0
 10
47.5601
 20
65.0804
 30
0.0
 10
48.0
 20
64.6356
 30
0.0
  0
LINE
  5
146
330
1F
100
AcDbEntity
  8
0
 62
   240
100
AcDbLine
 10
48.0
 20
64.6356
 30
0.0
 11
48.0011
 21
64.6356
 31
0.0
  0
SPLINE
  5
147
330
1F
100
AcDbEntity
  8
0
 62
   240
100
AcDbSpline
 70
     0
 71
     3
 72
     8
 73
     4
 74
     0
 42
0.000000001
 43
0.0000001
 40
0.0
 40
0.0
 40
0.0
 40
0.0
 40
1.0
 40
1.0
 40
1.0
 40
1.0
 10
48.0011
 20
64.6356
 30
0.0
 10
49.4714
 20
63.1458
 30
0.0
 10
50.2006
 20
61.0235
 30
0.0
 10
49.6203
 20
58.0457
 30
0.0
  0
SPLINE
  5
148
330
1F
100
AcDbEntity
  8
0
 62
   240
100
AcDbSpline
 70
     0
 71
     3
 72
     8
 73
     4
 74
     0
 42
0.000000001
 43
0.0000001
 40
0.0
 40
0.0
 40
0.0
 40
0.0
 40
1.0
 40
1.0
 40
1.0
 40
1.0
 10
49.6203
 20
58.0457
 30
0.0
 10
48.8047
 20
53.8649
 30
0.0
 10
45.9066
 20
51.1129
 30
0.0
 10
42.3016
 20
49.7498
 30
0.0
  0
SPLINE
  5
149
330
1F
100
AcDbEntity
  8
0
 62
   240
100
AcDbSpline
 70
     0
 71
     3
 72
     8
 73
     4
 74
     0
 42
0.000000001
 43
0.0000001
 40
0.0
 40
0.0
 40
0.0
 40
0.0
 40
1.0
 40
1.0
 40
1.0
 40
1.0
 10
42.3016
 20
49.7498
 30
0.0
 10
45.405
 20
48.5331
 30
0.0
 10
45.7426
 20
45.5605
 30
0.0
 10
45.4187
 20
41.0475
 30
0.0
  0
SPLINE
  5
14A
330
1F
100
AcDbEntity
  8
0
 62
   240
100
AcDbSpline
 70
     0
 71
     3
 72
     8
 73
     4
 74
     0
 42
0.000000001
 43
0.0000001
 40
0.0
 40
0.0
 40
0.0
 40
0.0
 40
1.0
 40
1.0
 40
1.0
 40
1.0
 10
45.4187
 20
41.0475
 30
0.0
 10
45.2258
 20
38.3603
 30
0.0
 10
45.1598
 20
35.1703
 30
0.0
 10
45.4353
 20
33.1322
 30
0.0
  0
LINE
  5
14B
330
1F
100
AcDbEntity
  8
0
 62
     0
100
AcDbLine
 10
87.9394
 20
53.527
 30
0.0
 11
83.3755
 21
32.0421
 31
0.0
  0
LINE
  5
14C
330
1F
100
AcDbEntity
  8
0
 62
     0
100
AcDbLine
 10
83.3755
 20
32.0421
 30
0.0
 11
78.7823
 21
32.0421
 31
0.0
  0
LINE
  5
14D
330
1F
100
AcDbEntity
  8
0
 62
     0
100
AcDbLine
 10
78.7823
 20
32.0421
 30
0.0
 11
83.3452
 21
53.527
 31
0.0
  0
LINE
  5
14E
330
1F
100
AcDbEntity
  8
0
 62
     0
100
AcDbLine
 10
83.3452
 20
53.527
 30
0.0
 11
87.9394
 21
53.527
 31
0.0
  0
SPLINE
  5
14F
330
1F
100
AcDbEntity
  8
0
 62
     0
100
AcDbSpline
 70
     0
 71
     3
 72
     8
 73
     4
 74
     0
 42
0.000000001
 43
0.0000001
 40
0.0
 40
0.0
 40
0.0
 40
0.0
 40
1.0
 40
1.0
 40
1.0
 40
1.0
 10
106.577
 20
49.0224
 30
0.0
 10
106.577
 20
48.5179
 30
0.0
 10
106.489
 20
47.9559
 30
0.0
 10
106.371
 20
47.3329
 30
0.0
  0
LINE
  5
150
330
1F
100
AcDbEntity
  8
0
 62
     0
100
AcDbLine
 10
106.371
 20
47.3329
 30
0.0
 11
101.956
 21
47.3329
 31
0.0
  0
LINE
  5
151
330
1F
100
AcDbEntity
  8
0
 62
     0
100
AcDbLine
 10
101.956
 20
47.3329
 30
0.0
 11
102.015
 21
48.103
 31
0.0
  0
SPLINE
  5
152
330
1F
100
AcDbEntity
  8
0
 62
     0
100
AcDbSpline
 70
     0
 71
     3
 72
     8
 73
     4
 74
     0
 42
0.000000001
 43
0.0000001
 40
0.0
 40
0.0
 40
0.0
 40
0.0
 40
1.0
 40
1.0
 40
1.0
 40
1.0
 10
102.015
 20
48.103
 30
0.0
 10
102.015
 20
49.615
 30
0.0
 10
101.096
 20
50.5933
 30
0.0
 10
99.169
 20
50.5933
 30
0.0
  0
SPLINE
  5
153
330
1F
100
AcDbEntity
  8
0
 62
     0
100
AcDbSpline
 70
     0
 71
     3
 72
     8
 73
     4
 74
     0
 42
0.000000001
 43
0.0000001
 40
0.0
 40
0.0
 40
0.0
 40
0.0
 40
1.0
 40
1.0
 40
1.0
 40
1.0
 10
99.169
 20
50.5933
 30
0.0
 10
98.1922
 20
50.5933
 30
0.0
 10
97.3032
 20
50.3562
 30
0.0
 10
96.6212
 20
49.911
 30
0.0
  0
SPLINE
  5
154
330
1F
100
AcDbEntity
  8
0
 62
     0
100
AcDbSpline
 70
     0
 71
     3
 72
     8
 73
     4
 74
     0
 42
0.000000001
 43
0.0000001
 40
0.0
 40
0.0
 40
0.0
 40
0.0
 40
1.0
 40
1.0
 40
1.0
 40
1.0
 10
96.6212
 20
49.911
 30
0.0
 10
95.5544
 20
49.2594
 30
0.0
 10
94.9621
 20
48.1334
 30
0.0
 10
94.9621
 20
47.0669
 30
0.0
  0
SPLINE
  5
155
330
1F
100
AcDbEntity
  8
0
 62
     0
100
AcDbSpline
 70
     0
 71
     3
 72
     8
 73
     4
 74
     0
 42
0.000000001
 43
0.0000001
 40
0.0
 40
0.0
 40
0.0
 40
0.0
 40
1.0
 40
1.0
 40
1.0
 40
1.0
 10
94.9621
 20
47.0669
 30
0.0
 10
94.9621
 20
46.0887
 30
0.0
 10
95.6426
 20
45.5856
 30
0.0
 10
96.9768
 20
45.1404
 30
0.0
  0
SPLINE
  5
156
330
1F
100
AcDbEntity
  8
0
 62
     0
100
AcDbSpline
 70
     0
 71
     3
 72
     8
 73
     4
 74
     0
 42
0.000000001
 43
0.0000001
 40
0.0
 40
0.0
 40
0.0
 40
0.0
 40
1.0
 40
1.0
 40
1.0
 40
1.0
 10
96.9768
 20
45.1404
 30
0.0
 10
98.3396
 20
44.7255
 30
0.0
 10
99.5549
 20
44.4292
 30
0.0
 10
100.593
 20
44.1621
 30
0.0
  0
SPLINE
  5
157
330
1F
100
AcDbEntity
  8
0
 62
     0
100
AcDbSpline
 70
     0
 71
     3
 72
     8
 73
     4
 74
     0
 42
0.000000001
 43
0.0000001
 40
0.0
 40
0.0
 40
0.0
 40
0.0
 40
1.0
 40
1.0
 40
1.0
 40
1.0
 10
100.593
 20
44.1621
 30
0.0
 10
103.704
 20
43.3035
 30
0.0
 10
105.215
 20
41.9696
 30
0.0
 10
105.215
 20
39.7771
 30
0.0
  0
SPLINE
  5
158
330
1F
100
AcDbEntity
  8
0
 62
     0
100
AcDbSpline
 70
     0
 71
     3
 72
     8
 73
     4
 74
     0
 42
0.000000001
 43
0.0000001
 40
0.0
 40
0.0
 40
0.0
 40
0.0
 40
1.0
 40
1.0
 40
1.0
 40
1.0
 10
105.215
 20
39.7771
 30
0.0
 10
105.215
 20
37.495
 30
0.0
 10
103.852
 20
34.9167
 30
0.0
 10
101.392
 20
33.3761
 30
0.0
  0
SPLINE
  5
159
330
1F
100
AcDbEntity
  8
0
 62
     0
100
AcDbSpline
 70
     0
 71
     3
 72
     8
 73
     4
 74
     0
 42
0.000000001
 43
0.0000001
 40
0.0
 40
0.0
 40
0.0
 40
0.0
 40
1.0
 40
1.0
 40
1.0
 40
1.0
 10
101.392
 20
33.3761
 30
0.0
 10
99.5549
 20
32.2199
 30
0.0
 10
97.2728
 20
31.5391
 30
0.0
 10
94.4577
 20
31.5391
 30
0.0
  0
SPLINE
  5
15A
330
1F
100
AcDbEntity
  8
0
 62
     0
100
AcDbSpline
 70
     0
 71
     3
 72
     8
 73
     4
 74
     0
 42
0.000000001
 43
0.0000001
 40
0.0
 40
0.0
 40
0.0
 40
0.0
 40
1.0
 40
1.0
 40
1.0
 40
1.0
 10
94.4577
 20
31.5391
 30
0.0
 10
89.7749
 20
31.5391
 30
0.0
 10
87.4353
 20
33.2576
 30
0.0
 10
87.4353
 20
36.6353
 30
0.0
  0
SPLINE
  5
15B
330
1F
100
AcDbEntity
  8
0
 62
     0
100
AcDbSpline
 70
     0
 71
     3
 72
     8
 73
     4
 74
     0
 42
0.000000001
 43
0.0000001
 40
0.0
 40
0.0
 40
0.0
 40
0.0
 40
1.0
 40
1.0
 40
1.0
 40
1.0
 10
87.4353
 20
36.6353
 30
0.0
 10
87.4353
 20
37.1987
 30
0.0
 10
87.5538
 20
38.0587
 30
0.0
 10
87.7316
 20
38.8881
 30
0.0
  0
LINE
  5
15C
330
1F
100
AcDbEntity
  8
0
 62
     0
100
AcDbLine
 10
87.7316
 20
38.8881
 30
0.0
 11
92.414
 21
38.8881
 31
0.0
  0
SPLINE
  5
15D
330
1F
100
AcDbEntity
  8
0
 62
     0
100
AcDbSpline
 70
     0
 71
     3
 72
     8
 73
     4
 74
     0
 42
0.000000001
 43
0.0000001
 40
0.0
 40
0.0
 40
0.0
 40
0.0
 40
1.0
 40
1.0
 40
1.0
 40
1.0
 10
92.414
 20
38.8881
 30
0.0
 10
92.2651
 20
38.2365
 30
0.0
 10
92.2348
 20
37.761
 30
0.0
 10
92.2348
 20
37.4054
 30
0.0
  0
SPLINE
  5
15E
330
1F
100
AcDbEntity
  8
0
 62
     0
100
AcDbSpline
 70
     0
 71
     3
 72
     8
 73
     4
 74
     0
 42
0.000000001
 43
0.0000001
 40
0.0
 40
0.0
 40
0.0
 40
0.0
 40
1.0
 40
1.0
 40
1.0
 40
1.0
 10
92.2348
 20
37.4054
 30
0.0
 10
92.2348
 20
35.7173
 30
0.0
 10
93.3609
 20
34.8272
 30
0.0
 10
95.4359
 20
34.8272
 30
0.0
  0
SPLINE
  5
15F
330
1F
100
AcDbEntity
  8
0
 62
     0
100
AcDbSpline
 70
     0
 71
     3
 72
     8
 73
     4
 74
     0
 42
0.000000001
 43
0.0000001
 40
0.0
 40
0.0
 40
0.0
 40
0.0
 40
1.0
 40
1.0
 40
1.0
 40
1.0
 10
95.4359
 20
34.8272
 30
0.0
 10
98.5174
 20
34.8272
 30
0.0
 10
100.177
 20
36.576
 30
0.0
 10
100.177
 20
38.4736
 30
0.0
  0
SPLINE
  5
160
330
1F
100
AcDbEntity
  8
0
 62
     0
100
AcDbSpline
 70
     0
 71
     3
 72
     8
 73
     4
 74
     0
 42
0.000000001
 43
0.0000001
 40
0.0
 40
0.0
 40
0.0
 40
0.0
 40
1.0
 40
1.0
 40
1.0
 40
1.0
 10
100.177
 20
38.4736
 30
0.0
 10
100.177
 20
39.0066
 30
0.0
 10
100.029
 20
39.2726
 30
0.0
 10
99.6735
 20
39.5993
 30
0.0
  0
SPLINE
  5
161
330
1F
100
AcDbEntity
  8
0
 62
     0
100
AcDbSpline
 70
     0
 71
     3
 72
     8
 73
     4
 74
     0
 42
0.000000001
 43
0.0000001
 40
0.0
 40
0.0
 40
0.0
 40
0.0
 40
1.0
 40
1.0
 40
1.0
 40
1.0
 10
99.6735
 20
39.5993
 30
0.0
 10
99.3771
 20
39.8956
 30
0.0
 10
98.5174
 20
40.2512
 30
0.0
 10
97.0068
 20
40.6065
 30
0.0
  0
SPLINE
  5
162
330
1F
100
AcDbEntity
  8
0
 62
     0
100
AcDbSpline
 70
     0
 71
     3
 72
     8
 73
     4
 74
     0
 42
0.000000001
 43
0.0000001
 40
0.0
 40
0.0
 40
0.0
 40
0.0
 40
1.0
 40
1.0
 40
1.0
 40
1.0
 10
97.0068
 20
40.6065
 30
0.0
 10
92.2348
 20
41.7918
 30
0.0
 10
90.0423
 20
43.2442
 30
0.0
 10
90.0423
 20
45.9109
 30
0.0
  0
SPLINE
  5
163
330
1F
100
AcDbEntity
  8
0
 62
     0
100
AcDbSpline
 70
     0
 71
     3
 72
     8
 73
     4
 74
     0
 42
0.000000001
 43
0.0000001
 40
0.0
 40
0.0
 40
0.0
 40
0.0
 40
1.0
 40
1.0
 40
1.0
 40
1.0
 10
90.0423
 20
45.9109
 30
0.0
 10
90.0423
 20
47.1854
 30
0.0
 10
90.5178
 20
48.7549
 30
0.0
 10
91.3765
 20
49.9703
 30
0.0
  0
SPLINE
  5
164
330
1F
100
AcDbEntity
  8
0
 62
     0
100
AcDbSpline
 70
     0
 71
     3
 72
     8
 73
     4
 74
     0
 42
0.000000001
 43
0.0000001
 40
0.0
 40
0.0
 40
0.0
 40
0.0
 40
1.0
 40
1.0
 40
1.0
 40
1.0
 10
91.3765
 20
49.9703
 30
0.0
 10
92.9474
 20
52.222
 30
0.0
 10
95.7626
 20
53.8233
 30
0.0
 10
100.059
 20
53.8233
 30
0.0
  0
SPLINE
  5
165
330
1F
100
AcDbEntity
  8
0
 62
     0
100
AcDbSpline
 70
     0
 71
     3
 72
     8
 73
     4
 74
     0
 42
0.000000001
 43
0.0000001
 40
0.0
 40
0.0
 40
0.0
 40
0.0
 40
1.0
 40
1.0
 40
1.0
 40
1.0
 10
100.059
 20
53.8233
 30
0.0
 10
104.385
 20
53.8233
 30
0.0
 10
106.577
 20
51.8968
 30
0.0
 10
106.577
 20
49.0224
 30
0.0
  0
LINE
  5
166
330
1F
100
AcDbEntity
  8
0
 62
     0
100
AcDbLine
 10
115.261
 20
49.9413
 30
0.0
 11
113.957
 21
43.7776
 31
0.0
  0
LINE
  5
167
330
1F
100
AcDbEntity
  8
0
 62
     0
100
AcDbLine
 10
113.957
 20
43.7776
 30
0.0
 11
115.971
 21
43.7776
 31
0.0
  0
SPLINE
  5
168
330
1F
100
AcDbEntity
  8
0
 62
     0
100
AcDbSpline
 70
     0
 71
     3
 72
     8
 73
     4
 74
     0
 42
0.000000001
 43
0.0000001
 40
0.0
 40
0.0
 40
0.0
 40
0.0
 40
1.0
 40
1.0
 40
1.0
 40
1.0
 10
115.971
 20
43.7776
 30
0.0
 10
117.512
 20
43.7776
 30
0.0
 10
118.342
 20
43.9843
 30
0.0
 10
119.231
 20
44.5477
 30
0.0
  0
SPLINE
  5
169
330
1F
100
AcDbEntity
  8
0
 62
     0
100
AcDbSpline
 70
     0
 71
     3
 72
     8
 73
     4
 74
     0
 42
0.000000001
 43
0.0000001
 40
0.0
 40
0.0
 40
0.0
 40
0.0
 40
1.0
 40
1.0
 40
1.0
 40
1.0
 10
119.231
 20
44.5477
 30
0.0
 10
120.268
 20
45.23
 30
0.0
 10
120.832
 20
46.7113
 30
0.0
 10
120.832
 20
47.807
 30
0.0
  0
SPLINE
  5
16A
330
1F
100
AcDbEntity
  8
0
 62
     0
100
AcDbSpline
 70
     0
 71
     3
 72
     8
 73
     4
 74
     0
 42
0.000000001
 43
0.0000001
 40
0.0
 40
0.0
 40
0.0
 40
0.0
 40
1.0
 40
1.0
 40
1.0
 40
1.0
 10
120.832
 20
47.807
 30
0.0
 10
120.832
 20
49.0816
 30
0.0
 10
120.239
 20
49.9413
 30
0.0
 10
117.779
 20
49.9413
 30
0.0
  0
LINE
  5
16B
330
1F
100
AcDbEntity
  8
0
 62
     0
100
AcDbLine
 10
117.779
 20
49.9413
 30
0.0
 11
115.261
 21
49.9413
 31
0.0
  0
SPLINE
  5
16C
330
1F
100
AcDbEntity
  8
0
 62
     0
100
AcDbSpline
 70
     0
 71
     3
 72
     8
 73
     4
 74
     0
 42
0.000000001
 43
0.0000001
 40
0.0
 40
0.0
 40
0.0
 40
0.0
 40
1.0
 40
1.0
 40
1.0
 40
1.0
 10
118.342
 20
53.4088
 30
0.0
 10
120.119
 20
53.4088
 30
0.0
 10
121.721
 20
53.3192
 30
0.0
 10
122.994
 20
52.7569
 30
0.0
  0
SPLINE
  5
16D
330
1F
100
AcDbEntity
  8
0
 62
     0
100
AcDbSpline
 70
     0
 71
     3
 72
     8
 73
     4
 74
     0
 42
0.000000001
 43
0.0000001
 40
0.0
 40
0.0
 40
0.0
 40
0.0
 40
1.0
 40
1.0
 40
1.0
 40
1.0
 10
122.994
 20
52.7569
 30
0.0
 10
124.565
 20
52.1035
 30
0.0
 10
125.662
 20
50.7118
 30
0.0
 10
125.662
 20
48.5482
 30
0.0
  0
SPLINE
  5
16E
330
1F
100
AcDbEntity
  8
0
 62
     0
100
AcDbSpline
 70
     0
 71
     3
 72
     8
 73
     4
 74
     0
 42
0.000000001
 43
0.0000001
 40
0.0
 40
0.0
 40
0.0
 40
0.0
 40
1.0
 40
1.0
 40
1.0
 40
1.0
 10
125.662
 20
48.5482
 30
0.0
 10
125.662
 20
47.6003
 30
0.0
 10
125.366
 20
46.1479
 30
0.0
 10
124.743
 20
44.9033
 30
0.0
  0
SPLINE
  5
16F
330
1F
100
AcDbEntity
  8
0
 62
     0
100
AcDbSpline
 70
     0
 71
     3
 72
     8
 73
     4
 74
     0
 42
0.000000001
 43
0.0000001
 40
0.0
 40
0.0
 40
0.0
 40
0.0
 40
1.0
 40
1.0
 40
1.0
 40
1.0
 10
124.743
 20
44.9033
 30
0.0
 10
124.121
 20
43.6591
 30
0.0
 10
123.173
 20
42.4737
 30
0.0
 10
122.076
 20
41.7036
 30
0.0
  0
SPLINE
  5
170
330
1F
100
AcDbEntity
  8
0
 62
     0
100
AcDbSpline
 70
     0
 71
     3
 72
     8
 73
     4
 74
     0
 42
0.000000001
 43
0.0000001
 40
0.0
 40
0.0
 40
0.0
 40
0.0
 40
1.0
 40
1.0
 40
1.0
 40
1.0
 10
122.076
 20
41.7036
 30
0.0
 10
120.565
 20
40.6658
 30
0.0
 10
118.757
 20
40.3698
 30
0.0
 10
116.683
 20
40.3698
 30
0.0
  0
LINE
  5
171
330
1F
100
AcDbEntity
  8
0
 62
     0
100
AcDbLine
 10
116.683
 20
40.3698
 30
0.0
 11
113.364
 21
40.3698
 31
0.0
  0
LINE
  5
172
330
1F
100
AcDbEntity
  8
0
 62
     0
100
AcDbLine
 10
113.364
 20
40.3698
 30
0.0
 11
111.585
 21
32.0421
 31
0.0
  0
LINE
  5
173
330
1F
100
AcDbEntity
  8
0
 62
     0
100
AcDbLine
 10
111.585
 20
32.0421
 30
0.0
 11
106.933
 21
32.0421
 31
0.0
  0
LINE
  5
174
330
1F
100
AcDbEntity
  8
0
 62
     0
100
AcDbLine
 10
106.933
 20
32.0421
 30
0.0
 11
111.467
 21
53.4088
 31
0.0
  0
LINE
  5
175
330
1F
100
AcDbEntity
  8
0
 62
     0
100
AcDbLine
 10
129.188
 20
40.1327
 30
0.0
 11
135.322
 21
40.1327
 31
0.0
  0
LINE
  5
176
330
1F
100
AcDbEntity
  8
0
 62
     0
100
AcDbLine
 10
135.322
 20
40.1327
 30
0.0
 11
134.284
 21
49.2594
 31
0.0
  0
LINE
  5
177
330
1F
100
AcDbEntity
  8
0
 62
     0
100
AcDbLine
 10
134.284
 20
49.2594
 30
0.0
 11
129.188
 21
40.1327
 31
0.0
  0
LINE
  5
178
330
1F
100
AcDbEntity
  8
0
 62
     0
100
AcDbLine
 10
138.048
 20
53.4681
 30
0.0
 11
140.922
 21
32.0421
 31
0.0
  0
LINE
  5
179
330
1F
100
AcDbEntity
  8
0
 62
     0
100
AcDbLine
 10
140.922
 20
32.0421
 30
0.0
 11
136.3
 21
32.0421
 31
0.0
  0
LINE
  5
17A
330
1F
100
AcDbEntity
  8
0
 62
     0
100
AcDbLine
 10
136.3
 20
32.0421
 30
0.0
 11
135.737
 21
36.6656
 31
0.0
  0
LINE
  5
17B
330
1F
100
AcDbEntity
  8
0
 62
     0
100
AcDbLine
 10
135.737
 20
36.6656
 30
0.0
 11
127.262
 21
36.6656
 31
0.0
  0
LINE
  5
17C
330
1F
100
AcDbEntity
  8
0
 62
     0
100
AcDbLine
 10
127.262
 20
36.6656
 30
0.0
 11
124.684
 21
32.0421
 31
0.0
  0
LINE
  5
17D
330
1F
100
AcDbEntity
  8
0
 62
     0
100
AcDbLine
 10
124.684
 20
32.0421
 30
0.0
 11
120.299
 21
32.0421
 31
0.0
  0
LINE
  5
17E
330
1F
100
AcDbEntity
  8
0
 62
     0
100
AcDbLine
 10
120.299
 20
32.0421
 30
0.0
 11
132.596
 21
53.4681
 31
0.0
  0
SPLINE
  5
17F
330
1F
100
AcDbEntity
  8
0
 62
     0
100
AcDbSpline
 70
     0
 71
     3
 72
     8
 73
     4
 74
     0
 42
0.000000001
 43
0.0000001
 40
0.0
 40
0.0
 40
0.0
 40
0.0
 40
1.0
 40
1.0
 40
1.0
 40
1.0
 10
165.489
 20
48.6668
 30
0.0
 10
165.489
 20
48.1926
 30
0.0
 10
165.429
 20
47.57
 30
0.0
 10
165.282
 20
46.8891
 30
0.0
  0
LINE
  5
180
330
1F
100
AcDbEntity
  8
0
 62
     0
100
AcDbLine
 10
165.282
 20
46.8891
 30
0.0
 11
160.51
 21
46.8891
 31
0.0
  0
SPLINE
  5
181
330
1F
100
AcDbEntity
  8
0
 62
     0
100
AcDbSpline
 70
     0
 71
     3
 72
     8
 73
     4
 74
     0
 42
0.000000001
 43
0.0000001
 40
0.0
 40
0.0
 40
0.0
 40
0.0
 40
1.0
 40
1.0
 40
1.0
 40
1.0
 10
160.51
 20
46.8891
 30
0.0
 10
160.599
 20
47.304
 30
0.0
 10
160.628
 20
47.57
 30
0.0
 10
160.628
 20
47.8966
 30
0.0
  0
SPLINE
  5
182
330
1F
100
AcDbEntity
  8
0
 62
     0
100
AcDbSpline
 70
     0
 71
     3
 72
     8
 73
     4
 74
     0
 42
0.000000001
 43
0.0000001
 40
0.0
 40
0.0
 40
0.0
 40
0.0
 40
1.0
 40
1.0
 40
1.0
 40
1.0
 10
160.628
 20
47.8966
 30
0.0
 10
160.628
 20
49.1409
 30
0.0
 10
159.917
 20
50.7118
 30
0.0
 10
157.161
 20
50.7118
 30
0.0
  0
SPLINE
  5
183
330
1F
100
AcDbEntity
  8
0
 62
     0
100
AcDbSpline
 70
     0
 71
     3
 72
     8
 73
     4
 74
     0
 42
0.000000001
 43
0.0000001
 40
0.0
 40
0.0
 40
0.0
 40
0.0
 40
1.0
 40
1.0
 40
1.0
 40
1.0
 10
157.161
 20
50.7118
 30
0.0
 10
155.561
 20
50.7118
 30
0.0
 10
154.139
 20
50.2377
 30
0.0
 10
152.895
 20
49.3187
 30
0.0
  0
SPLINE
  5
184
330
1F
100
AcDbEntity
  8
0
 62
     0
100
AcDbSpline
 70
     0
 71
     3
 72
     8
 73
     4
 74
     0
 42
0.000000001
 43
0.0000001
 40
0.0
 40
0.0
 40
0.0
 40
0.0
 40
1.0
 40
1.0
 40
1.0
 40
1.0
 10
152.895
 20
49.3187
 30
0.0
 10
152.006
 20
48.6075
 30
0.0
 10
151.176
 20
47.6003
 30
0.0
 10
150.554
 20
46.4439
 30
0.0
  0
SPLINE
  5
185
330
1F
100
AcDbEntity
  8
0
 62
     0
100
AcDbSpline
 70
     0
 71
     3
 72
     8
 73
     4
 74
     0
 42
0.000000001
 43
0.0000001
 40
0.0
 40
0.0
 40
0.0
 40
0.0
 40
1.0
 40
1.0
 40
1.0
 40
1.0
 10
150.554
 20
46.4439
 30
0.0
 10
149.487
 20
44.4292
 30
0.0
 10
148.864
 20
41.8814
 30
0.0
 10
148.864
 20
40.0734
 30
0.0
  0
SPLINE
  5
186
330
1F
100
AcDbEntity
  8
0
 62
     0
100
AcDbSpline
 70
     0
 71
     3
 72
     8
 73
     4
 74
     0
 42
0.000000001
 43
0.0000001
 40
0.0
 40
0.0
 40
0.0
 40
0.0
 40
1.0
 40
1.0
 40
1.0
 40
1.0
 10
148.864
 20
40.0734
 30
0.0
 10
148.864
 20
37.6135
 30
0.0
 10
149.813
 20
36.0729
 30
0.0
 10
151.561
 20
35.3907
 30
0.0
  0
SPLINE
  5
187
330
1F
100
AcDbEntity
  8
0
 62
     0
100
AcDbSpline
 70
     0
 71
     3
 72
     8
 73
     4
 74
     0
 42
0.000000001
 43
0.0000001
 40
0.0
 40
0.0
 40
0.0
 40
0.0
 40
1.0
 40
1.0
 40
1.0
 40
1.0
 10
151.561
 20
35.3907
 30
0.0
 10
152.331
 20
35.1248
 30
0.0
 10
153.279
 20
34.976
 30
0.0
 10
154.407
 20
34.976
 30
0.0
  0
SPLINE
  5
188
330
1F
100
AcDbEntity
  8
0
 62
     0
100
AcDbSpline
 70
     0
 71
     3
 72
     8
 73
     4
 74
     0
 42
0.000000001
 43
0.0000001
 40
0.0
 40
0.0
 40
0.0
 40
0.0
 40
1.0
 40
1.0
 40
1.0
 40
1.0
 10
154.407
 20
34.976
 30
0.0
 10
155.829
 20
34.976
 30
0.0
 10
157.014
 20
35.1248
 30
0.0
 10
157.962
 20
35.3907
 30
0.0
  0
LINE
  5
189
330
1F
100
AcDbEntity
  8
0
 62
     0
100
AcDbLine
 10
157.962
 20
35.3907
 30
0.0
 11
158.91
 21
39.8956
 31
0.0
  0
LINE
  5
18A
330
1F
100
AcDbEntity
  8
0
 62
     0
100
AcDbLine
 10
158.91
 20
39.8956
 30
0.0
 11
154.762
 21
39.8956
 31
0.0
  0
LINE
  5
18B
330
1F
100
AcDbEntity
  8
0
 62
     0
100
AcDbLine
 10
154.762
 20
39.8956
 30
0.0
 11
155.532
 21
43.4509
 31
0.0
  0
LINE
  5
18C
330
1F
100
AcDbEntity
  8
0
 62
     0
100
AcDbLine
 10
155.532
 20
43.4509
 30
0.0
 11
164.273
 21
43.4509
 31
0.0
  0
LINE
  5
18D
330
1F
100
AcDbEntity
  8
0
 62
     0
100
AcDbLine
 10
164.273
 20
43.4509
 30
0.0
 11
161.992
 21
32.7532
 31
0.0
  0
SPLINE
  5
18E
330
1F
100
AcDbEntity
  8
0
 62
     0
100
AcDbSpline
 70
     0
 71
     3
 72
     8
 73
     4
 74
     0
 42
0.000000001
 43
0.0000001
 40
0.0
 40
0.0
 40
0.0
 40
0.0
 40
1.0
 40
1.0
 40
1.0
 40
1.0
 10
161.992
 20
32.7532
 30
0.0
 10
159.325
 20
31.8947
 30
0.0
 10
156.865
 20
31.5681
 30
0.0
 10
154.021
 20
31.5681
 30
0.0
  0
SPLINE
  5
18F
330
1F
100
AcDbEntity
  8
0
 62
     0
100
AcDbSpline
 70
     0
 71
     3
 72
     8
 73
     4
 74
     0
 42
0.000000001
 43
0.0000001
 40
0.0
 40
0.0
 40
0.0
 40
0.0
 40
1.0
 40
1.0
 40
1.0
 40
1.0
 10
154.021
 20
31.5681
 30
0.0
 10
151.473
 20
31.5681
 30
0.0
 10
149.487
 20
31.8354
 30
0.0
 10
147.828
 20
32.5754
 30
0.0
  0
SPLINE
  5
190
330
1F
100
AcDbEntity
  8
0
 62
     0
100
AcDbSpline
 70
     0
 71
     3
 72
     8
 73
     4
 74
     0
 42
0.000000001
 43
0.0000001
 40
0.0
 40
0.0
 40
0.0
 40
0.0
 40
1.0
 40
1.0
 40
1.0
 40
1.0
 10
147.828
 20
32.5754
 30
0.0
 10
144.953
 20
33.8791
 30
0.0
 10
143.946
 20
36.3389
 30
0.0
 10
143.946
 20
39.3912
 30
0.0
  0
SPLINE
  5
191
330
1F
100
AcDbEntity
  8
0
 62
     0
100
AcDbSpline
 70
     0
 71
     3
 72
     8
 73
     4
 74
     0
 42
0.000000001
 43
0.0000001
 40
0.0
 40
0.0
 40
0.0
 40
0.0
 40
1.0
 40
1.0
 40
1.0
 40
1.0
 10
143.946
 20
39.3912
 30
0.0
 10
143.946
 20
41.5851
 30
0.0
 10
144.479
 20
44.0436
 30
0.0
 10
145.634
 20
46.415
 30
0.0
  0
SPLINE
  5
192
330
1F
100
AcDbEntity
  8
0
 62
     0
100
AcDbSpline
 70
     0
 71
     3
 72
     8
 73
     4
 74
     0
 42
0.000000001
 43
0.0000001
 40
0.0
 40
0.0
 40
0.0
 40
0.0
 40
1.0
 40
1.0
 40
1.0
 40
1.0
 10
145.634
 20
46.415
 30
0.0
 10
147.916
 20
51.1556
 30
0.0
 10
152.509
 20
54.0604
 30
0.0
 10
157.992
 20
54.0604
 30
0.0
  0
SPLINE
  5
193
330
1F
100
AcDbEntity
  8
0
 62
     0
100
AcDbSpline
 70
     0
 71
     3
 72
     8
 73
     4
 74
     0
 42
0.000000001
 43
0.0000001
 40
0.0
 40
0.0
 40
0.0
 40
0.0
 40
1.0
 40
1.0
 40
1.0
 40
1.0
 10
157.992
 20
54.0604
 30
0.0
 10
162.526
 20
54.0604
 30
0.0
 10
165.489
 20
52.0442
 30
0.0
 10
165.489
 20
48.6668
 30
0.0
  0
LINE
  5
194
330
1F
100
AcDbEntity
  8
0
 62
     0
100
AcDbLine
 10
78.7054
 20
23.3454
 30
0.0
 11
78.238
 21
20.8511
 31
0.0
  0
LINE
  5
195
330
1F
100
AcDbEntity
  8
0
 62
     0
100
AcDbLine
 10
78.238
 20
20.8511
 30
0.0
 11
79.6727
 21
20.8511
 31
0.0
  0
SPLINE
  5
196
330
1F
100
AcDbEntity
  8
0
 62
     0
100
AcDbSpline
 70
     0
 71
     3
 72
     8
 73
     4
 74
     0
 42
0.000000001
 43
0.0000001
 40
0.0
 40
0.0
 40
0.0
 40
0.0
 40
1.0
 40
1.0
 40
1.0
 40
1.0
 10
79.6727
 20
20.8511
 30
0.0
 10
79.9274
 20
20.8511
 30
0.0
 10
80.1494
 20
20.8883
 30
0.0
 10
80.3271
 20
20.9737
 30
0.0
  0
SPLINE
  5
197
330
1F
100
AcDbEntity
  8
0
 62
     0
100
AcDbSpline
 70
     0
 71
     3
 72
     8
 73
     4
 74
     0
 42
0.000000001
 43
0.0000001
 40
0.0
 40
0.0
 40
0.0
 40
0.0
 40
1.0
 40
1.0
 40
1.0
 40
1.0
 10
80.3271
 20
20.9737
 30
0.0
 10
80.8274
 20
21.1846
 30
0.0
 10
81.2271
 20
21.8019
 30
0.0
 10
81.2271
 20
22.4441
 30
0.0
  0
SPLINE
  5
198
330
1F
100
AcDbEntity
  8
0
 62
     0
100
AcDbSpline
 70
     0
 71
     3
 72
     8
 73
     4
 74
     0
 42
0.000000001
 43
0.0000001
 40
0.0
 40
0.0
 40
0.0
 40
0.0
 40
1.0
 40
1.0
 40
1.0
 40
1.0
 10
81.2271
 20
22.4441
 30
0.0
 10
81.2271
 20
22.7404
 30
0.0
 10
81.1498
 20
22.9374
 30
0.0
 10
81.0274
 20
23.0739
 30
0.0
  0
SPLINE
  5
199
330
1F
100
AcDbEntity
  8
0
 62
     0
100
AcDbSpline
 70
     0
 71
     3
 72
     8
 73
     4
 74
     0
 42
0.000000001
 43
0.0000001
 40
0.0
 40
0.0
 40
0.0
 40
0.0
 40
1.0
 40
1.0
 40
1.0
 40
1.0
 10
81.0274
 20
23.0739
 30
0.0
 10
80.8496
 20
23.2585
 30
0.0
 10
80.6937
 20
23.3454
 30
0.0
 10
79.9497
 20
23.3454
 30
0.0
  0
LINE
  5
19A
330
1F
100
AcDbEntity
  8
0
 62
     0
100
AcDbLine
 10
79.9497
 20
23.3454
 30
0.0
 11
78.7054
 21
23.3454
 31
0.0
  0
SPLINE
  5
19B
330
1F
100
AcDbEntity
  8
0
 62
     0
100
AcDbSpline
 70
     0
 71
     3
 72
     8
 73
     4
 74
     0
 42
0.000000001
 43
0.0000001
 40
0.0
 40
0.0
 40
0.0
 40
0.0
 40
1.0
 40
1.0
 40
1.0
 40
1.0
 10
80.4718
 20
24.7523
 30
0.0
 10
81.2726
 20
24.7523
 30
0.0
 10
81.7714
 20
24.7399
 30
0.0
 10
82.2385
 20
24.4933
 30
0.0
  0
SPLINE
  5
19C
330
1F
100
AcDbEntity
  8
0
 62
     0
100
AcDbSpline
 70
     0
 71
     3
 72
     8
 73
     4
 74
     0
 42
0.000000001
 43
0.0000001
 40
0.0
 40
0.0
 40
0.0
 40
0.0
 40
1.0
 40
1.0
 40
1.0
 40
1.0
 10
82.2385
 20
24.4933
 30
0.0
 10
82.7719
 20
24.2094
 30
0.0
 10
83.0943
 20
23.6168
 30
0.0
 10
83.0943
 20
22.9126
 30
0.0
  0
SPLINE
  5
19D
330
1F
100
AcDbEntity
  8
0
 62
     0
100
AcDbSpline
 70
     0
 71
     3
 72
     8
 73
     4
 74
     0
 42
0.000000001
 43
0.0000001
 40
0.0
 40
0.0
 40
0.0
 40
0.0
 40
1.0
 40
1.0
 40
1.0
 40
1.0
 10
83.0943
 20
22.9126
 30
0.0
 10
83.0943
 20
22.5792
 30
0.0
 10
83.027
 20
22.2581
 30
0.0
 10
82.9165
 20
21.937
 30
0.0
  0
SPLINE
  5
19E
330
1F
100
AcDbEntity
  8
0
 62
     0
100
AcDbSpline
 70
     0
 71
     3
 72
     8
 73
     4
 74
     0
 42
0.000000001
 43
0.0000001
 40
0.0
 40
0.0
 40
0.0
 40
0.0
 40
1.0
 40
1.0
 40
1.0
 40
1.0
 10
82.9165
 20
21.937
 30
0.0
 10
82.6382
 20
21.1846
 30
0.0
 10
82.0057
 20
20.5424
 30
0.0
 10
80.9502
 20
20.2461
 30
0.0
  0
SPLINE
  5
19F
330
1F
100
AcDbEntity
  8
0
 62
     0
100
AcDbSpline
 70
     0
 71
     3
 72
     8
 73
     4
 74
     0
 42
0.000000001
 43
0.0000001
 40
0.0
 40
0.0
 40
0.0
 40
0.0
 40
1.0
 40
1.0
 40
1.0
 40
1.0
 10
80.9502
 20
20.2461
 30
0.0
 10
81.2945
 20
20.2089
 30
0.0
 10
81.5605
 20
20.1097
 30
0.0
 10
81.7273
 20
19.9499
 30
0.0
  0
SPLINE
  5
1A0
330
1F
100
AcDbEntity
  8
0
 62
     0
100
AcDbSpline
 70
     0
 71
     3
 72
     8
 73
     4
 74
     0
 42
0.000000001
 43
0.0000001
 40
0.0
 40
0.0
 40
0.0
 40
0.0
 40
1.0
 40
1.0
 40
1.0
 40
1.0
 10
81.7273
 20
19.9499
 30
0.0
 10
81.9711
 20
19.7266
 30
0.0
 10
82.0388
 20
19.3325
 30
0.0
 10
82.0388
 20
19.0845
 30
0.0
  0
SPLINE
  5
1A1
330
1F
100
AcDbEntity
  8
0
 62
     0
100
AcDbSpline
 70
     0
 71
     3
 72
     8
 73
     4
 74
     0
 42
0.000000001
 43
0.0000001
 40
0.0
 40
0.0
 40
0.0
 40
0.0
 40
1.0
 40
1.0
 40
1.0
 40
1.0
 10
82.0388
 20
19.0845
 30
0.0
 10
82.0388
 20
18.2452
 30
0.0
 10
81.9161
 20
17.1593
 30
0.0
 10
81.9161
 20
16.677
 30
0.0
  0
SPLINE
  5
1A2
330
1F
100
AcDbEntity
  8
0
 62
     0
100
AcDbSpline
 70
     0
 71
     3
 72
     8
 73
     4
 74
     0
 42
0.000000001
 43
0.0000001
 40
0.0
 40
0.0
 40
0.0
 40
0.0
 40
1.0
 40
1.0
 40
1.0
 40
1.0
 10
81.9161
 20
16.677
 30
0.0
 10
81.9161
 20
16.2333
 30
0.0
 10
81.927
 20
16.0845
 30
0.0
 10
82.0388
 20
15.8254
 30
0.0
  0
LINE
  5
1A3
330
1F
100
AcDbEntity
  8
0
 62
     0
100
AcDbLine
 10
82.0388
 20
15.8254
 30
0.0
 11
80.1384
 21
15.8254
 31
0.0
  0
LINE
  5
1A4
330
1F
100
AcDbEntity
  8
0
 62
     0
100
AcDbLine
 10
80.1384
 20
15.8254
 30
0.0
 11
80.2612
 21
17.8745
 31
0.0
  0
SPLINE
  5
1A5
330
1F
100
AcDbEntity
  8
0
 62
     0
100
AcDbSpline
 70
     0
 71
     3
 72
     8
 73
     4
 74
     0
 42
0.000000001
 43
0.0000001
 40
0.0
 40
0.0
 40
0.0
 40
0.0
 40
1.0
 40
1.0
 40
1.0
 40
1.0
 10
80.2612
 20
17.8745
 30
0.0
 10
80.2831
 20
18.2452
 30
0.0
 10
80.294
 20
18.5415
 30
0.0
 10
80.294
 20
18.7647
 30
0.0
  0
SPLINE
  5
1A6
330
1F
100
AcDbEntity
  8
0
 62
     0
100
AcDbSpline
 70
     0
 71
     3
 72
     8
 73
     4
 74
     0
 42
0.000000001
 43
0.0000001
 40
0.0
 40
0.0
 40
0.0
 40
0.0
 40
1.0
 40
1.0
 40
1.0
 40
1.0
 10
80.294
 20
18.7647
 30
0.0
 10
80.294
 20
19.2705
 30
0.0
 10
80.0834
 20
19.4303
 30
0.0
 10
79.5722
 20
19.4303
 30
0.0
  0
LINE
  5
1A7
330
1F
100
AcDbEntity
  8
0
 62
     0
100
AcDbLine
 10
79.5722
 20
19.4303
 30
0.0
 11
78.0161
 21
19.4303
 31
0.0
  0
LINE
  5
1A8
330
1F
100
AcDbEntity
  8
0
 62
     0
100
AcDbLine
 10
78.0161
 20
19.4303
 30
0.0
 11
77.3271
 21
15.8254
 31
0.0
  0
LINE
  5
1A9
330
1F
100
AcDbEntity
  8
0
 62
     0
100
AcDbLine
 10
77.3271
 20
15.8254
 30
0.0
 11
75.5731
 21
15.8254
 31
0.0
  0
LINE
  5
1AA
330
1F
100
AcDbEntity
  8
0
 62
     0
100
AcDbLine
 10
75.5731
 20
15.8254
 30
0.0
 11
77.283
 21
24.7523
 31
0.0
  0
LINE
  5
1AB
330
1F
100
AcDbEntity
  8
0
 62
     0
100
AcDbLine
 10
88.6284
 20
24.8392
 30
0.0
 11
86.7615
 21
23.0491
 31
0.0
  0
LINE
  5
1AC
330
1F
100
AcDbEntity
  8
0
 62
     0
100
AcDbLine
 10
86.7615
 20
23.0491
 30
0.0
 11
85.8725
 21
23.0491
 31
0.0
  0
LINE
  5
1AD
330
1F
100
AcDbEntity
  8
0
 62
     0
100
AcDbLine
 10
85.8725
 20
23.0491
 30
0.0
 11
87.1389
 21
24.8392
 31
0.0
  0
LINE
  5
1AE
330
1F
100
AcDbEntity
  8
0
 62
     0
100
AcDbLine
 10
87.1389
 20
24.8392
 30
0.0
 11
88.6284
 21
24.8392
 31
0.0
  0
SPLINE
  5
1AF
330
1F
100
AcDbEntity
  8
0
 62
     0
100
AcDbSpline
 70
     0
 71
     3
 72
     8
 73
     4
 74
     0
 42
0.000000001
 43
0.0000001
 40
0.0
 40
0.0
 40
0.0
 40
0.0
 40
1.0
 40
1.0
 40
1.0
 40
1.0
 10
87.0066
 20
19.6288
 30
0.0
 10
87.0398
 20
19.863
 30
0.0
 10
87.0617
 20
19.9857
 30
0.0
 10
87.0617
 20
20.1345
 30
0.0
  0
SPLINE
  5
1B0
330
1F
100
AcDbEntity
  8
0
 62
     0
100
AcDbSpline
 70
     0
 71
     3
 72
     8
 73
     4
 74
     0
 42
0.000000001
 43
0.0000001
 40
0.0
 40
0.0
 40
0.0
 40
0.0
 40
1.0
 40
1.0
 40
1.0
 40
1.0
 10
87.0617
 20
20.1345
 30
0.0
 10
87.0617
 20
20.6775
 30
0.0
 10
86.8179
 20
21.0234
 30
0.0
 10
86.2954
 20
21.0234
 30
0.0
  0
SPLINE
  5
1B1
330
1F
100
AcDbEntity
  8
0
 62
     0
100
AcDbSpline
 70
     0
 71
     3
 72
     8
 73
     4
 74
     0
 42
0.000000001
 43
0.0000001
 40
0.0
 40
0.0
 40
0.0
 40
0.0
 40
1.0
 40
1.0
 40
1.0
 40
1.0
 10
86.2954
 20
21.0234
 30
0.0
 10
85.6837
 20
21.0234
 30
0.0
 10
85.1944
 20
20.5176
 30
0.0
 10
84.9725
 20
19.6288
 30
0.0
  0
LINE
  5
1B2
330
1F
100
AcDbEntity
  8
0
 62
     0
100
AcDbLine
 10
84.9725
 20
19.6288
 30
0.0
 11
87.0066
 21
19.6288
 31
0.0
  0
SPLINE
  5
1B3
330
1F
100
AcDbEntity
  8
0
 62
     0
100
AcDbSpline
 70
     0
 71
     3
 72
     8
 73
     4
 74
     0
 42
0.000000001
 43
0.0000001
 40
0.0
 40
0.0
 40
0.0
 40
0.0
 40
1.0
 40
1.0
 40
1.0
 40
1.0
 10
88.6725
 20
19.9374
 30
0.0
 10
88.6725
 20
19.48
 30
0.0
 10
88.6065
 20
19.0114
 30
0.0
 10
88.4728
 20
18.4795
 30
0.0
  0
LINE
  5
1B4
330
1F
100
AcDbEntity
  8
0
 62
     0
100
AcDbLine
 10
88.4728
 20
18.4795
 30
0.0
 11
84.7065
 21
18.4795
 31
0.0
  0
SPLINE
  5
1B5
330
1F
100
AcDbEntity
  8
0
 62
     0
100
AcDbSpline
 70
     0
 71
     3
 72
     8
 73
     4
 74
     0
 42
0.000000001
 43
0.0000001
 40
0.0
 40
0.0
 40
0.0
 40
0.0
 40
1.0
 40
1.0
 40
1.0
 40
1.0
 10
84.7065
 20
18.4795
 30
0.0
 10
84.661
 20
18.2576
 30
0.0
 10
84.6282
 20
18.0482
 30
0.0
 10
84.6282
 20
17.8745
 30
0.0
  0
SPLINE
  5
1B6
330
1F
100
AcDbEntity
  8
0
 62
     0
100
AcDbSpline
 70
     0
 71
     3
 72
     8
 73
     4
 74
     0
 42
0.000000001
 43
0.0000001
 40
0.0
 40
0.0
 40
0.0
 40
0.0
 40
1.0
 40
1.0
 40
1.0
 40
1.0
 10
84.6282
 20
17.8745
 30
0.0
 10
84.6282
 20
17.1097
 30
0.0
 10
84.9616
 20
16.8121
 30
0.0
 10
85.5278
 20
16.8121
 30
0.0
  0
SPLINE
  5
1B7
330
1F
100
AcDbEntity
  8
0
 62
     0
100
AcDbSpline
 70
     0
 71
     3
 72
     8
 73
     4
 74
     0
 42
0.000000001
 43
0.0000001
 40
0.0
 40
0.0
 40
0.0
 40
0.0
 40
1.0
 40
1.0
 40
1.0
 40
1.0
 10
85.5278
 20
16.8121
 30
0.0
 10
86.0503
 20
16.8121
 30
0.0
 10
86.4277
 20
17.0973
 30
0.0
 10
86.6733
 20
17.6775
 30
0.0
  0
LINE
  5
1B8
330
1F
100
AcDbEntity
  8
0
 62
     0
100
AcDbLine
 10
86.6733
 20
17.6775
 30
0.0
 11
88.1726
 21
17.6775
 31
0.0
  0
SPLINE
  5
1B9
330
1F
100
AcDbEntity
  8
0
 62
     0
100
AcDbSpline
 70
     0
 71
     3
 72
     8
 73
     4
 74
     0
 42
0.000000001
 43
0.0000001
 40
0.0
 40
0.0
 40
0.0
 40
0.0
 40
1.0
 40
1.0
 40
1.0
 40
1.0
 10
88.1726
 20
17.6775
 30
0.0
 10
87.8279
 20
16.3435
 30
0.0
 10
86.7615
 20
15.5897
 30
0.0
 10
85.2731
 20
15.5897
 30
0.0
  0
SPLINE
  5
1BA
330
1F
100
AcDbEntity
  8
0
 62
     0
100
AcDbSpline
 70
     0
 71
     3
 72
     8
 73
     4
 74
     0
 42
0.000000001
 43
0.0000001
 40
0.0
 40
0.0
 40
0.0
 40
0.0
 40
1.0
 40
1.0
 40
1.0
 40
1.0
 10
85.2731
 20
15.5897
 30
0.0
 10
84.8388
 20
15.5897
 30
0.0
 10
84.4614
 20
15.6641
 30
0.0
 10
84.1403
 20
15.8006
 30
0.0
  0
SPLINE
  5
1BB
330
1F
100
AcDbEntity
  8
0
 62
     0
100
AcDbSpline
 70
     0
 71
     3
 72
     8
 73
     4
 74
     0
 42
0.000000001
 43
0.0000001
 40
0.0
 40
0.0
 40
0.0
 40
0.0
 40
1.0
 40
1.0
 40
1.0
 40
1.0
 10
84.1403
 20
15.8006
 30
0.0
 10
83.4732
 20
16.0845
 30
0.0
 10
83.0735
 20
16.7266
 30
0.0
 10
83.0735
 20
17.7877
 30
0.0
  0
SPLINE
  5
1BC
330
1F
100
AcDbEntity
  8
0
 62
     0
100
AcDbSpline
 70
     0
 71
     3
 72
     8
 73
     4
 74
     0
 42
0.000000001
 43
0.0000001
 40
0.0
 40
0.0
 40
0.0
 40
0.0
 40
1.0
 40
1.0
 40
1.0
 40
1.0
 10
83.0735
 20
17.7877
 30
0.0
 10
83.0735
 20
18.4299
 30
0.0
 10
83.2171
 20
19.2085
 30
0.0
 10
83.5173
 20
19.9622
 30
0.0
  0
SPLINE
  5
1BD
330
1F
100
AcDbEntity
  8
0
 62
     0
100
AcDbSpline
 70
     0
 71
     3
 72
     8
 73
     4
 74
     0
 42
0.000000001
 43
0.0000001
 40
0.0
 40
0.0
 40
0.0
 40
0.0
 40
1.0
 40
1.0
 40
1.0
 40
1.0
 10
83.5173
 20
19.9622
 30
0.0
 10
84.1167
 20
21.4685
 30
0.0
 10
85.3613
 20
22.2705
 30
0.0
 10
86.5946
 20
22.2705
 30
0.0
  0
SPLINE
  5
1BE
330
1F
100
AcDbEntity
  8
0
 62
     0
100
AcDbSpline
 70
     0
 71
     3
 72
     8
 73
     4
 74
     0
 42
0.000000001
 43
0.0000001
 40
0.0
 40
0.0
 40
0.0
 40
0.0
 40
1.0
 40
1.0
 40
1.0
 40
1.0
 10
86.5946
 20
22.2705
 30
0.0
 10
87.9066
 20
22.2705
 30
0.0
 10
88.6725
 20
21.394
 30
0.0
 10
88.6725
 20
19.9374
 30
0.0
  0
SPLINE
  5
1BF
330
1F
100
AcDbEntity
  8
0
 62
     0
100
AcDbSpline
 70
     0
 71
     3
 72
     8
 73
     4
 74
     0
 42
0.000000001
 43
0.0000001
 40
0.0
 40
0.0
 40
0.0
 40
0.0
 40
1.0
 40
1.0
 40
1.0
 40
1.0
 10
94.0954
 20
20.7395
 30
0.0
 10
94.0954
 20
20.6279
 30
0.0
 10
94.0841
 20
20.4928
 30
0.0
 10
94.0622
 20
20.3688
 30
0.0
  0
LINE
  5
1C0
330
1F
100
AcDbEntity
  8
0
 62
     0
100
AcDbLine
 10
94.0622
 20
20.3688
 30
0.0
 11
92.5629
 21
20.3688
 31
0.0
  0
LINE
  5
1C1
330
1F
100
AcDbEntity
  8
0
 62
     0
100
AcDbLine
 10
92.5629
 20
20.3688
 30
0.0
 11
92.5738
 21
20.5424
 31
0.0
  0
SPLINE
  5
1C2
330
1F
100
AcDbEntity
  8
0
 62
     0
100
AcDbSpline
 70
     0
 71
     3
 72
     8
 73
     4
 74
     0
 42
0.000000001
 43
0.0000001
 40
0.0
 40
0.0
 40
0.0
 40
0.0
 40
1.0
 40
1.0
 40
1.0
 40
1.0
 10
92.5738
 20
20.5424
 30
0.0
 10
92.5738
 20
20.9131
 30
0.0
 10
92.3505
 20
21.1102
 30
0.0
 10
91.9067
 20
21.1102
 30
0.0
  0
SPLINE
  5
1C3
330
1F
100
AcDbEntity
  8
0
 62
     0
100
AcDbSpline
 70
     0
 71
     3
 72
     8
 73
     4
 74
     0
 42
0.000000001
 43
0.0000001
 40
0.0
 40
0.0
 40
0.0
 40
0.0
 40
1.0
 40
1.0
 40
1.0
 40
1.0
 10
91.9067
 20
21.1102
 30
0.0
 10
91.3846
 20
21.1102
 30
0.0
 10
90.9959
 20
20.7891
 30
0.0
 10
90.9959
 20
20.3564
 30
0.0
  0
SPLINE
  5
1C4
330
1F
100
AcDbEntity
  8
0
 62
     0
100
AcDbSpline
 70
     0
 71
     3
 72
     8
 73
     4
 74
     0
 42
0.000000001
 43
0.0000001
 40
0.0
 40
0.0
 40
0.0
 40
0.0
 40
1.0
 40
1.0
 40
1.0
 40
1.0
 10
90.9959
 20
20.3564
 30
0.0
 10
90.9959
 20
20.0477
 30
0.0
 10
91.2619
 20
19.9622
 30
0.0
 10
91.6284
 20
19.8506
 30
0.0
  0
LINE
  5
1C5
330
1F
100
AcDbEntity
  8
0
 62
     0
100
AcDbLine
 10
91.6284
 20
19.8506
 30
0.0
 11
92.596
 21
19.5296
 31
0.0
  0
SPLINE
  5
1C6
330
1F
100
AcDbEntity
  8
0
 62
     0
100
AcDbSpline
 70
     0
 71
     3
 72
     8
 73
     4
 74
     0
 42
0.000000001
 43
0.0000001
 40
0.0
 40
0.0
 40
0.0
 40
0.0
 40
1.0
 40
1.0
 40
1.0
 40
1.0
 10
92.596
 20
19.5296
 30
0.0
 10
93.6184
 20
19.1961
 30
0.0
 10
93.8071
 20
18.6159
 30
0.0
 10
93.8071
 20
18.146
 30
0.0
  0
SPLINE
  5
1C7
330
1F
100
AcDbEntity
  8
0
 62
     0
100
AcDbSpline
 70
     0
 71
     3
 72
     8
 73
     4
 74
     0
 42
0.000000001
 43
0.0000001
 40
0.0
 40
0.0
 40
0.0
 40
0.0
 40
1.0
 40
1.0
 40
1.0
 40
1.0
 10
93.8071
 20
18.146
 30
0.0
 10
93.8071
 20
17.0601
 30
0.0
 10
92.7848
 20
15.6393
 30
0.0
 10
90.7852
 20
15.6393
 30
0.0
  0
SPLINE
  5
1C8
330
1F
100
AcDbEntity
  8
0
 62
     0
100
AcDbSpline
 70
     0
 71
     3
 72
     8
 73
     4
 74
     0
 42
0.000000001
 43
0.0000001
 40
0.0
 40
0.0
 40
0.0
 40
0.0
 40
1.0
 40
1.0
 40
1.0
 40
1.0
 10
90.7852
 20
15.6393
 30
0.0
 10
90.0285
 20
15.6393
 30
0.0
 10
89.5078
 20
15.8378
 30
0.0
 10
89.1741
 20
16.1947
 30
0.0
  0
SPLINE
  5
1C9
330
1F
100
AcDbEntity
  8
0
 62
     0
100
AcDbSpline
 70
     0
 71
     3
 72
     8
 73
     4
 74
     0
 42
0.000000001
 43
0.0000001
 40
0.0
 40
0.0
 40
0.0
 40
0.0
 40
1.0
 40
1.0
 40
1.0
 40
1.0
 10
89.1741
 20
16.1947
 30
0.0
 10
88.9399
 20
16.4551
 30
0.0
 10
88.7857
 20
16.7514
 30
0.0
 10
88.7857
 20
17.1841
 30
0.0
  0
SPLINE
  5
1CA
330
1F
100
AcDbEntity
  8
0
 62
     0
100
AcDbSpline
 70
     0
 71
     3
 72
     8
 73
     4
 74
     0
 42
0.000000001
 43
0.0000001
 40
0.0
 40
0.0
 40
0.0
 40
0.0
 40
1.0
 40
1.0
 40
1.0
 40
1.0
 10
88.7857
 20
17.1841
 30
0.0
 10
88.7857
 20
17.3068
 30
0.0
 10
88.8076
 20
17.4542
 30
0.0
 10
88.8298
 20
17.6279
 30
0.0
  0
LINE
  5
1CB
330
1F
100
AcDbEntity
  8
0
 62
     0
100
AcDbLine
 10
88.8298
 20
17.6279
 30
0.0
 11
90.3746
 21
17.6279
 31
0.0
  0
SPLINE
  5
1CC
330
1F
100
AcDbEntity
  8
0
 62
     0
100
AcDbSpline
 70
     0
 71
     3
 72
     8
 73
     4
 74
     0
 42
0.000000001
 43
0.0000001
 40
0.0
 40
0.0
 40
0.0
 40
0.0
 40
1.0
 40
1.0
 40
1.0
 40
1.0
 10
90.3746
 20
17.6279
 30
0.0
 10
90.3623
 20
17.5782
 30
0.0
 10
90.3623
 20
17.5162
 30
0.0
 10
90.3623
 20
17.468
 30
0.0
  0
SPLINE
  5
1CD
330
1F
100
AcDbEntity
  8
0
 62
     0
100
AcDbSpline
 70
     0
 71
     3
 72
     8
 73
     4
 74
     0
 42
0.000000001
 43
0.0000001
 40
0.0
 40
0.0
 40
0.0
 40
0.0
 40
1.0
 40
1.0
 40
1.0
 40
1.0
 10
90.3623
 20
17.468
 30
0.0
 10
90.3623
 20
16.9733
 30
0.0
 10
90.7066
 20
16.7762
 30
0.0
 10
91.1408
 20
16.7762
 30
0.0
  0
SPLINE
  5
1CE
330
1F
100
AcDbEntity
  8
0
 62
     0
100
AcDbSpline
 70
     0
 71
     3
 72
     8
 73
     4
 74
     0
 42
0.000000001
 43
0.0000001
 40
0.0
 40
0.0
 40
0.0
 40
0.0
 40
1.0
 40
1.0
 40
1.0
 40
1.0
 10
91.1408
 20
16.7762
 30
0.0
 10
91.8062
 20
16.7762
 30
0.0
 10
92.1618
 20
17.2572
 30
0.0
 10
92.1618
 20
17.6403
 30
0.0
  0
SPLINE
  5
1CF
330
1F
100
AcDbEntity
  8
0
 62
     0
100
AcDbSpline
 70
     0
 71
     3
 72
     8
 73
     4
 74
     0
 42
0.000000001
 43
0.0000001
 40
0.0
 40
0.0
 40
0.0
 40
0.0
 40
1.0
 40
1.0
 40
1.0
 40
1.0
 10
92.1618
 20
17.6403
 30
0.0
 10
92.1618
 20
17.8373
 30
0.0
 10
92.0845
 20
18.0233
 30
0.0
 10
91.5183
 20
18.208
 30
0.0
  0
LINE
  5
1D0
330
1F
100
AcDbEntity
  8
0
 62
     0
100
AcDbLine
 10
91.5183
 20
18.208
 30
0.0
 11
90.4628
 21
18.5663
 31
0.0
  0
SPLINE
  5
1D1
330
1F
100
AcDbEntity
  8
0
 62
     0
100
AcDbSpline
 70
     0
 71
     3
 72
     8
 73
     4
 74
     0
 42
0.000000001
 43
0.0000001
 40
0.0
 40
0.0
 40
0.0
 40
0.0
 40
1.0
 40
1.0
 40
1.0
 40
1.0
 10
90.4628
 20
18.5663
 30
0.0
 10
89.607
 20
18.8502
 30
0.0
 10
89.4073
 20
19.3559
 30
0.0
 10
89.4073
 20
19.863
 30
0.0
  0
SPLINE
  5
1D2
330
1F
100
AcDbEntity
  8
0
 62
     0
100
AcDbSpline
 70
     0
 71
     3
 72
     8
 73
     4
 74
     0
 42
0.000000001
 43
0.0000001
 40
0.0
 40
0.0
 40
0.0
 40
0.0
 40
1.0
 40
1.0
 40
1.0
 40
1.0
 10
89.4073
 20
19.863
 30
0.0
 10
89.4073
 20
20.4556
 30
0.0
 10
89.6966
 20
21.1598
 30
0.0
 10
90.2741
 20
21.5911
 30
0.0
  0
SPLINE
  5
1D3
330
1F
100
AcDbEntity
  8
0
 62
     0
100
AcDbSpline
 70
     0
 71
     3
 72
     8
 73
     4
 74
     0
 42
0.000000001
 43
0.0000001
 40
0.0
 40
0.0
 40
0.0
 40
0.0
 40
1.0
 40
1.0
 40
1.0
 40
1.0
 10
90.2741
 20
21.5911
 30
0.0
 10
90.7743
 20
21.9742
 30
0.0
 10
91.4506
 20
22.2085
 30
0.0
 10
92.2845
 20
22.2085
 30
0.0
  0
SPLINE
  5
1D4
330
1F
100
AcDbEntity
  8
0
 62
     0
100
AcDbSpline
 70
     0
 71
     3
 72
     8
 73
     4
 74
     0
 42
0.000000001
 43
0.0000001
 40
0.0
 40
0.0
 40
0.0
 40
0.0
 40
1.0
 40
1.0
 40
1.0
 40
1.0
 10
92.2845
 20
22.2085
 30
0.0
 10
93.4187
 20
22.2085
 30
0.0
 10
94.0954
 20
21.6407
 30
0.0
 10
94.0954
 20
20.7395
 30
0.0
  0
SPLINE
  5
1D5
330
1F
100
AcDbEntity
  8
0
 62
     0
100
AcDbSpline
 70
     0
 71
     3
 72
     8
 73
     4
 74
     0
 42
0.000000001
 43
0.0000001
 40
0.0
 40
0.0
 40
0.0
 40
0.0
 40
1.0
 40
1.0
 40
1.0
 40
1.0
 10
98.407
 20
19.6288
 30
0.0
 10
98.4416
 20
19.863
 30
0.0
 10
98.4635
 20
19.9871
 30
0.0
 10
98.4635
 20
20.1345
 30
0.0
  0
SPLINE
  5
1D6
330
1F
100
AcDbEntity
  8
0
 62
     0
100
AcDbSpline
 70
     0
 71
     3
 72
     8
 73
     4
 74
     0
 42
0.000000001
 43
0.0000001
 40
0.0
 40
0.0
 40
0.0
 40
0.0
 40
1.0
 40
1.0
 40
1.0
 40
1.0
 10
98.4635
 20
20.1345
 30
0.0
 10
98.4635
 20
20.6775
 30
0.0
 10
98.2183
 20
21.0234
 30
0.0
 10
97.6962
 20
21.0234
 30
0.0
  0
SPLINE
  5
1D7
330
1F
100
AcDbEntity
  8
0
 62
     0
100
AcDbSpline
 70
     0
 71
     3
 72
     8
 73
     4
 74
     0
 42
0.000000001
 43
0.0000001
 40
0.0
 40
0.0
 40
0.0
 40
0.0
 40
1.0
 40
1.0
 40
1.0
 40
1.0
 10
97.6962
 20
21.0234
 30
0.0
 10
97.0855
 20
21.0234
 30
0.0
 10
96.5962
 20
20.5176
 30
0.0
 10
96.3747
 20
19.6288
 30
0.0
  0
LINE
  5
1D8
330
1F
100
AcDbEntity
  8
0
 62
     0
100
AcDbLine
 10
96.3747
 20
19.6288
 30
0.0
 11
98.407
 21
19.6288
 31
0.0
  0
SPLINE
  5
1D9
330
1F
100
AcDbEntity
  8
0
 62
     0
100
AcDbSpline
 70
     0
 71
     3
 72
     8
 73
     4
 74
     0
 42
0.000000001
 43
0.0000001
 40
0.0
 40
0.0
 40
0.0
 40
0.0
 40
1.0
 40
1.0
 40
1.0
 40
1.0
 10
100.075
 20
19.9374
 30
0.0
 10
100.075
 20
19.48
 30
0.0
 10
100.007
 20
19.0114
 30
0.0
 10
99.8732
 20
18.4795
 30
0.0
  0
LINE
  5
1DA
330
1F
100
AcDbEntity
  8
0
 62
     0
100
AcDbLine
 10
99.8732
 20
18.4795
 30
0.0
 11
96.1087
 21
18.4795
 31
0.0
  0
SPLINE
  5
1DB
330
1F
100
AcDbEntity
  8
0
 62
     0
100
AcDbSpline
 70
     0
 71
     3
 72
     8
 73
     4
 74
     0
 42
0.000000001
 43
0.0000001
 40
0.0
 40
0.0
 40
0.0
 40
0.0
 40
1.0
 40
1.0
 40
1.0
 40
1.0
 10
96.1087
 20
18.4795
 30
0.0
 10
96.0632
 20
18.2576
 30
0.0
 10
96.03
 20
18.0482
 30
0.0
 10
96.03
 20
17.8745
 30
0.0
  0
SPLINE
  5
1DC
330
1F
100
AcDbEntity
  8
0
 62
     0
100
AcDbSpline
 70
     0
 71
     3
 72
     8
 73
     4
 74
     0
 42
0.000000001
 43
0.0000001
 40
0.0
 40
0.0
 40
0.0
 40
0.0
 40
1.0
 40
1.0
 40
1.0
 40
1.0
 10
96.03
 20
17.8745
 30
0.0
 10
96.03
 20
17.1097
 30
0.0
 10
96.3634
 20
16.8135
 30
0.0
 10
96.9299
 20
16.8135
 30
0.0
  0
SPLINE
  5
1DD
330
1F
100
AcDbEntity
  8
0
 62
     0
100
AcDbSpline
 70
     0
 71
     3
 72
     8
 73
     4
 74
     0
 42
0.000000001
 43
0.0000001
 40
0.0
 40
0.0
 40
0.0
 40
0.0
 40
1.0
 40
1.0
 40
1.0
 40
1.0
 10
96.9299
 20
16.8135
 30
0.0
 10
97.452
 20
16.8135
 30
0.0
 10
97.8299
 20
17.0973
 30
0.0
 10
98.075
 20
17.6775
 30
0.0
  0
LINE
  5
1DE
330
1F
100
AcDbEntity
  8
0
 62
     0
100
AcDbLine
 10
98.075
 20
17.6775
 30
0.0
 11
99.5743
 21
17.6775
 31
0.0
  0
SPLINE
  5
1DF
330
1F
100
AcDbEntity
  8
0
 62
     0
100
AcDbSpline
 70
     0
 71
     3
 72
     8
 73
     4
 74
     0
 42
0.000000001
 43
0.0000001
 40
0.0
 40
0.0
 40
0.0
 40
0.0
 40
1.0
 40
1.0
 40
1.0
 40
1.0
 10
99.5743
 20
17.6775
 30
0.0
 10
99.2297
 20
16.3435
 30
0.0
 10
98.1632
 20
15.5911
 30
0.0
 10
96.6749
 20
15.5911
 30
0.0
  0
SPLINE
  5
1E0
330
1F
100
AcDbEntity
  8
0
 62
     0
100
AcDbSpline
 70
     0
 71
     3
 72
     8
 73
     4
 74
     0
 42
0.000000001
 43
0.0000001
 40
0.0
 40
0.0
 40
0.0
 40
0.0
 40
1.0
 40
1.0
 40
1.0
 40
1.0
 10
96.6749
 20
15.5911
 30
0.0
 10
96.2409
 20
15.5911
 30
0.0
 10
95.8631
 20
15.6641
 30
0.0
 10
95.5407
 20
15.8006
 30
0.0
  0
SPLINE
  5
1E1
330
1F
100
AcDbEntity
  8
0
 62
     0
100
AcDbSpline
 70
     0
 71
     3
 72
     8
 73
     4
 74
     0
 42
0.000000001
 43
0.0000001
 40
0.0
 40
0.0
 40
0.0
 40
0.0
 40
1.0
 40
1.0
 40
1.0
 40
1.0
 10
95.5407
 20
15.8006
 30
0.0
 10
94.8753
 20
16.0845
 30
0.0
 10
94.4742
 20
16.7266
 30
0.0
 10
94.4742
 20
17.7877
 30
0.0
  0
SPLINE
  5
1E2
330
1F
100
AcDbEntity
  8
0
 62
     0
100
AcDbSpline
 70
     0
 71
     3
 72
     8
 73
     4
 74
     0
 42
0.000000001
 43
0.0000001
 40
0.0
 40
0.0
 40
0.0
 40
0.0
 40
1.0
 40
1.0
 40
1.0
 40
1.0
 10
94.4742
 20
17.7877
 30
0.0
 10
94.4742
 20
18.4299
 30
0.0
 10
94.6189
 20
19.2085
 30
0.0
 10
94.9194
 20
19.9622
 30
0.0
  0
SPLINE
  5
1E3
330
1F
100
AcDbEntity
  8
0
 62
     0
100
AcDbSpline
 70
     0
 71
     3
 72
     8
 73
     4
 74
     0
 42
0.000000001
 43
0.0000001
 40
0.0
 40
0.0
 40
0.0
 40
0.0
 40
1.0
 40
1.0
 40
1.0
 40
1.0
 10
94.9194
 20
19.9622
 30
0.0
 10
95.5188
 20
21.4685
 30
0.0
 10
96.7631
 20
22.2705
 30
0.0
 10
97.9964
 20
22.2705
 30
0.0
  0
SPLINE
  5
1E4
330
1F
100
AcDbEntity
  8
0
 62
     0
100
AcDbSpline
 70
     0
 71
     3
 72
     8
 73
     4
 74
     0
 42
0.000000001
 43
0.0000001
 40
0.0
 40
0.0
 40
0.0
 40
0.0
 40
1.0
 40
1.0
 40
1.0
 40
1.0
 10
97.9964
 20
22.2705
 30
0.0
 10
99.3084
 20
22.2705
 30
0.0
 10
100.075
 20
21.394
 30
0.0
 10
100.075
 20
19.9374
 30
0.0
  0
LINE
  5
1E5
330
1F
100
AcDbEntity
  8
0
 62
     0
100
AcDbLine
 10
104.898
 20
22.0982
 30
0.0
 11
104.586
 21
20.4556
 31
0.0
  0
SPLINE
  5
1E6
330
1F
100
AcDbEntity
  8
0
 62
     0
100
AcDbSpline
 70
     0
 71
     3
 72
     8
 73
     4
 74
     0
 42
0.000000001
 43
0.0000001
 40
0.0
 40
0.0
 40
0.0
 40
0.0
 40
1.0
 40
1.0
 40
1.0
 40
1.0
 10
104.586
 20
20.4556
 30
0.0
 10
104.419
 20
20.468
 30
0.0
 10
104.297
 20
20.468
 30
0.0
 10
104.198
 20
20.468
 30
0.0
  0
SPLINE
  5
1E7
330
1F
100
AcDbEntity
  8
0
 62
     0
100
AcDbSpline
 70
     0
 71
     3
 72
     8
 73
     4
 74
     0
 42
0.000000001
 43
0.0000001
 40
0.0
 40
0.0
 40
0.0
 40
0.0
 40
1.0
 40
1.0
 40
1.0
 40
1.0
 10
104.198
 20
20.468
 30
0.0
 10
103.831
 20
20.468
 30
0.0
 10
103.531
 20
20.406
 30
0.0
 10
103.287
 20
20.2709
 30
0.0
  0
SPLINE
  5
1E8
330
1F
100
AcDbEntity
  8
0
 62
     0
100
AcDbSpline
 70
     0
 71
     3
 72
     8
 73
     4
 74
     0
 42
0.000000001
 43
0.0000001
 40
0.0
 40
0.0
 40
0.0
 40
0.0
 40
1.0
 40
1.0
 40
1.0
 40
1.0
 10
103.287
 20
20.2709
 30
0.0
 10
102.897
 20
20.0477
 30
0.0
 10
102.664
 20
19.6536
 30
0.0
 10
102.541
 20
18.9742
 30
0.0
  0
LINE
  5
1E9
330
1F
100
AcDbEntity
  8
0
 62
     0
100
AcDbLine
 10
102.541
 20
18.9742
 30
0.0
 11
101.931
 21
15.8254
 31
0.0
  0
LINE
  5
1EA
330
1F
100
AcDbEntity
  8
0
 62
     0
100
AcDbLine
 10
101.931
 20
15.8254
 30
0.0
 11
100.287
 21
15.8254
 31
0.0
  0
LINE
  5
1EB
330
1F
100
AcDbEntity
  8
0
 62
     0
100
AcDbLine
 10
100.287
 20
15.8254
 30
0.0
 11
101.187
 21
20.5052
 31
0.0
  0
SPLINE
  5
1EC
330
1F
100
AcDbEntity
  8
0
 62
     0
100
AcDbSpline
 70
     0
 71
     3
 72
     8
 73
     4
 74
     0
 42
0.000000001
 43
0.0000001
 40
0.0
 40
0.0
 40
0.0
 40
0.0
 40
1.0
 40
1.0
 40
1.0
 40
1.0
 10
101.187
 20
20.5052
 30
0.0
 10
101.209
 20
20.6899
 30
0.0
 10
101.264
 20
20.9737
 30
0.0
 10
101.319
 20
21.3568
 30
0.0
  0
SPLINE
  5
1ED
330
1F
100
AcDbEntity
  8
0
 62
     0
100
AcDbSpline
 70
     0
 71
     3
 72
     8
 73
     4
 74
     0
 42
0.000000001
 43
0.0000001
 40
0.0
 40
0.0
 40
0.0
 40
0.0
 40
1.0
 40
1.0
 40
1.0
 40
1.0
 10
101.319
 20
21.3568
 30
0.0
 10
101.375
 20
21.7399
 30
0.0
 10
101.408
 20
21.9866
 30
0.0
 10
101.408
 20
22.0858
 30
0.0
  0
LINE
  5
1EE
330
1F
100
AcDbEntity
  8
0
 62
     0
100
AcDbLine
 10
101.408
 20
22.0858
 30
0.0
 11
102.953
 21
22.0858
 31
0.0
  0
LINE
  5
1EF
330
1F
100
AcDbEntity
  8
0
 62
     0
100
AcDbLine
 10
102.953
 20
22.0858
 30
0.0
 11
102.754
 21
20.8883
 31
0.0
  0
SPLINE
  5
1F0
330
1F
100
AcDbEntity
  8
0
 62
     0
100
AcDbSpline
 70
     0
 71
     3
 72
     8
 73
     4
 74
     0
 42
0.000000001
 43
0.0000001
 40
0.0
 40
0.0
 40
0.0
 40
0.0
 40
1.0
 40
1.0
 40
1.0
 40
1.0
 10
102.754
 20
20.8883
 30
0.0
 10
103.353
 20
21.9866
 30
0.0
 10
104.198
 20
22.0982
 30
0.0
 10
104.685
 20
22.0982
 30
0.0
  0
LINE
  5
1F1
330
1F
100
AcDbEntity
  8
0
 62
     0
100
AcDbLine
 10
106.743
 20
22.061
 30
0.0
 11
107.198
 21
17.8373
 31
0.0
  0
LINE
  5
1F2
330
1F
100
AcDbEntity
  8
0
 62
     0
100
AcDbLine
 10
107.198
 20
17.8373
 30
0.0
 11
109.298
 21
22.061
 31
0.0
  0
LINE
  5
1F3
330
1F
100
AcDbEntity
  8
0
 62
     0
100
AcDbLine
 10
109.298
 20
22.061
 30
0.0
 11
110.887
 21
22.061
 31
0.0
  0
LINE
  5
1F4
330
1F
100
AcDbEntity
  8
0
 62
     0
100
AcDbLine
 10
110.887
 20
22.061
 30
0.0
 11
107.676
 21
15.8254
 31
0.0
  0
LINE
  5
1F5
330
1F
100
AcDbEntity
  8
0
 62
     0
100
AcDbLine
 10
107.676
 20
15.8254
 30
0.0
 11
105.854
 21
15.8254
 31
0.0
  0
LINE
  5
1F6
330
1F
100
AcDbEntity
  8
0
 62
     0
100
AcDbLine
 10
105.854
 20
15.8254
 30
0.0
 11
104.987
 21
22.061
 31
0.0
  0
SPLINE
  5
1F7
330
1F
100
AcDbEntity
  8
0
 62
     0
100
AcDbSpline
 70
     0
 71
     3
 72
     8
 73
     4
 74
     0
 42
0.000000001
 43
0.0000001
 40
0.0
 40
0.0
 40
0.0
 40
0.0
 40
1.0
 40
1.0
 40
1.0
 40
1.0
 10
113.098
 20
16.8741
 30
0.0
 10
113.543
 20
16.8741
 30
0.0
 10
113.853
 20
17.0601
 30
0.0
 10
114.088
 20
17.3564
 30
0.0
  0
SPLINE
  5
1F8
330
1F
100
AcDbEntity
  8
0
 62
     0
100
AcDbSpline
 70
     0
 71
     3
 72
     8
 73
     4
 74
     0
 42
0.000000001
 43
0.0000001
 40
0.0
 40
0.0
 40
0.0
 40
0.0
 40
1.0
 40
1.0
 40
1.0
 40
1.0
 10
114.088
 20
17.3564
 30
0.0
 10
114.598
 20
18.011
 30
0.0
 10
114.81
 20
19.2581
 30
0.0
 10
114.81
 20
19.8134
 30
0.0
  0
SPLINE
  5
1F9
330
1F
100
AcDbEntity
  8
0
 62
     0
100
AcDbSpline
 70
     0
 71
     3
 72
     8
 73
     4
 74
     0
 42
0.000000001
 43
0.0000001
 40
0.0
 40
0.0
 40
0.0
 40
0.0
 40
1.0
 40
1.0
 40
1.0
 40
1.0
 10
114.81
 20
19.8134
 30
0.0
 10
114.81
 20
20.592
 30
0.0
 10
114.52
 20
20.9862
 30
0.0
 10
113.865
 20
20.9862
 30
0.0
  0
SPLINE
  5
1FA
330
1F
100
AcDbEntity
  8
0
 62
     0
100
AcDbSpline
 70
     0
 71
     3
 72
     8
 73
     4
 74
     0
 42
0.000000001
 43
0.0000001
 40
0.0
 40
0.0
 40
0.0
 40
0.0
 40
1.0
 40
1.0
 40
1.0
 40
1.0
 10
113.865
 20
20.9862
 30
0.0
 10
112.866
 20
20.9862
 30
0.0
 10
112.454
 20
19.9251
 30
0.0
 10
112.287
 20
19.0238
 30
0.0
  0
SPLINE
  5
1FB
330
1F
100
AcDbEntity
  8
0
 62
     0
100
AcDbSpline
 70
     0
 71
     3
 72
     8
 73
     4
 74
     0
 42
0.000000001
 43
0.0000001
 40
0.0
 40
0.0
 40
0.0
 40
0.0
 40
1.0
 40
1.0
 40
1.0
 40
1.0
 10
112.287
 20
19.0238
 30
0.0
 10
112.188
 20
18.5663
 30
0.0
 10
112.154
 20
18.2452
 30
0.0
 10
112.154
 20
18.011
 30
0.0
  0
SPLINE
  5
1FC
330
1F
100
AcDbEntity
  8
0
 62
     0
100
AcDbSpline
 70
     0
 71
     3
 72
     8
 73
     4
 74
     0
 42
0.000000001
 43
0.0000001
 40
0.0
 40
0.0
 40
0.0
 40
0.0
 40
1.0
 40
1.0
 40
1.0
 40
1.0
 10
112.154
 20
18.011
 30
0.0
 10
112.154
 20
17.344
 30
0.0
 10
112.387
 20
16.8741
 30
0.0
 10
113.098
 20
16.8741
 30
0.0
  0
SPLINE
  5
1FD
330
1F
100
AcDbEntity
  8
0
 62
     0
100
AcDbSpline
 70
     0
 71
     3
 72
     8
 73
     4
 74
     0
 42
0.000000001
 43
0.0000001
 40
0.0
 40
0.0
 40
0.0
 40
0.0
 40
1.0
 40
1.0
 40
1.0
 40
1.0
 10
116.476
 20
19.801
 30
0.0
 10
116.476
 20
18.0482
 30
0.0
 10
115.332
 20
15.6022
 30
0.0
 10
112.798
 20
15.6022
 30
0.0
  0
SPLINE
  5
1FE
330
1F
100
AcDbEntity
  8
0
 62
     0
100
AcDbSpline
 70
     0
 71
     3
 72
     8
 73
     4
 74
     0
 42
0.000000001
 43
0.0000001
 40
0.0
 40
0.0
 40
0.0
 40
0.0
 40
1.0
 40
1.0
 40
1.0
 40
1.0
 10
112.798
 20
15.6022
 30
0.0
 10
111.41
 20
15.6022
 30
0.0
 10
110.476
 20
16.418
 30
0.0
 10
110.476
 20
17.9737
 30
0.0
  0
SPLINE
  5
1FF
330
1F
100
AcDbEntity
  8
0
 62
     0
100
AcDbSpline
 70
     0
 71
     3
 72
     8
 73
     4
 74
     0
 42
0.000000001
 43
0.0000001
 40
0.0
 40
0.0
 40
0.0
 40
0.0
 40
1.0
 40
1.0
 40
1.0
 40
1.0
 10
110.476
 20
17.9737
 30
0.0
 10
110.476
 20
19.6646
 30
0.0
 10
111.487
 20
22.2085
 30
0.0
 10
114.099
 20
22.2085
 30
0.0
  0
SPLINE
  5
200
330
1F
100
AcDbEntity
  8
0
 62
     0
100
AcDbSpline
 70
     0
 71
     3
 72
     8
 73
     4
 74
     0
 42
0.000000001
 43
0.0000001
 40
0.0
 40
0.0
 40
0.0
 40
0.0
 40
1.0
 40
1.0
 40
1.0
 40
1.0
 10
114.099
 20
22.2085
 30
0.0
 10
115.598
 20
22.2085
 30
0.0
 10
116.476
 20
21.3568
 30
0.0
 10
116.476
 20
19.801
 30
0.0
  0
LINE
  5
201
330
1F
100
AcDbEntity
  8
0
 62
     0
100
AcDbLine
 10
120.255
 20
24.7399
 30
0.0
 11
119.954
 21
23.1469
 31
0.0
  0
LINE
  5
202
330
1F
100
AcDbEntity
  8
0
 62
     0
100
AcDbLine
 10
119.954
 20
23.1469
 30
0.0
 11
118.199
 21
23.1469
 31
0.0
  0
LINE
  5
203
330
1F
100
AcDbEntity
  8
0
 62
     0
100
AcDbLine
 10
118.199
 20
23.1469
 30
0.0
 11
118.499
 21
24.7399
 31
0.0
  0
LINE
  5
204
330
1F
100
AcDbEntity
  8
0
 62
     0
100
AcDbLine
 10
118.499
 20
24.7399
 30
0.0
 11
120.255
 21
24.7399
 31
0.0
  0
LINE
  5
205
330
1F
100
AcDbEntity
  8
0
 62
     0
100
AcDbLine
 10
119.699
 20
22.0734
 30
0.0
 11
118.499
 21
15.8254
 31
0.0
  0
LINE
  5
206
330
1F
100
AcDbEntity
  8
0
 62
     0
100
AcDbLine
 10
118.499
 20
15.8254
 30
0.0
 11
116.855
 21
15.8254
 31
0.0
  0
LINE
  5
207
330
1F
100
AcDbEntity
  8
0
 62
     0
100
AcDbLine
 10
116.855
 20
15.8254
 30
0.0
 11
118.055
 21
22.0734
 31
0.0
  0
LINE
  5
208
330
1F
100
AcDbEntity
  8
0
 62
     0
100
AcDbLine
 10
124.389
 20
22.0982
 30
0.0
 11
124.077
 21
20.4556
 31
0.0
  0
SPLINE
  5
209
330
1F
100
AcDbEntity
  8
0
 62
     0
100
AcDbSpline
 70
     0
 71
     3
 72
     8
 73
     4
 74
     0
 42
0.000000001
 43
0.0000001
 40
0.0
 40
0.0
 40
0.0
 40
0.0
 40
1.0
 40
1.0
 40
1.0
 40
1.0
 10
124.077
 20
20.4556
 30
0.0
 10
123.91
 20
20.468
 30
0.0
 10
123.788
 20
20.468
 30
0.0
 10
123.688
 20
20.468
 30
0.0
  0
SPLINE
  5
20A
330
1F
100
AcDbEntity
  8
0
 62
     0
100
AcDbSpline
 70
     0
 71
     3
 72
     8
 73
     4
 74
     0
 42
0.000000001
 43
0.0000001
 40
0.0
 40
0.0
 40
0.0
 40
0.0
 40
1.0
 40
1.0
 40
1.0
 40
1.0
 10
123.688
 20
20.468
 30
0.0
 10
123.322
 20
20.468
 30
0.0
 10
123.022
 20
20.406
 30
0.0
 10
122.778
 20
20.2709
 30
0.0
  0
SPLINE
  5
20B
330
1F
100
AcDbEntity
  8
0
 62
     0
100
AcDbSpline
 70
     0
 71
     3
 72
     8
 73
     4
 74
     0
 42
0.000000001
 43
0.0000001
 40
0.0
 40
0.0
 40
0.0
 40
0.0
 40
1.0
 40
1.0
 40
1.0
 40
1.0
 10
122.778
 20
20.2709
 30
0.0
 10
122.388
 20
20.0477
 30
0.0
 10
122.155
 20
19.6536
 30
0.0
 10
122.032
 20
18.9742
 30
0.0
  0
LINE
  5
20C
330
1F
100
AcDbEntity
  8
0
 62
     0
100
AcDbLine
 10
122.032
 20
18.9742
 30
0.0
 11
121.422
 21
15.8254
 31
0.0
  0
LINE
  5
20D
330
1F
100
AcDbEntity
  8
0
 62
     0
100
AcDbLine
 10
121.422
 20
15.8254
 30
0.0
 11
119.778
 21
15.8254
 31
0.0
  0
LINE
  5
20E
330
1F
100
AcDbEntity
  8
0
 62
     0
100
AcDbLine
 10
119.778
 20
15.8254
 30
0.0
 11
120.678
 21
20.5052
 31
0.0
  0
SPLINE
  5
20F
330
1F
100
AcDbEntity
  8
0
 62
     0
100
AcDbSpline
 70
     0
 71
     3
 72
     8
 73
     4
 74
     0
 42
0.000000001
 43
0.0000001
 40
0.0
 40
0.0
 40
0.0
 40
0.0
 40
1.0
 40
1.0
 40
1.0
 40
1.0
 10
120.678
 20
20.5052
 30
0.0
 10
120.7
 20
20.6899
 30
0.0
 10
120.755
 20
20.9737
 30
0.0
 10
120.81
 20
21.3568
 30
0.0
  0
SPLINE
  5
210
330
1F
100
AcDbEntity
  8
0
 62
     0
100
AcDbSpline
 70
     0
 71
     3
 72
     8
 73
     4
 74
     0
 42
0.000000001
 43
0.0000001
 40
0.0
 40
0.0
 40
0.0
 40
0.0
 40
1.0
 40
1.0
 40
1.0
 40
1.0
 10
120.81
 20
21.3568
 30
0.0
 10
120.866
 20
21.7399
 30
0.0
 10
120.899
 20
21.9866
 30
0.0
 10
120.899
 20
22.0858
 30
0.0
  0
LINE
  5
211
330
1F
100
AcDbEntity
  8
0
 62
     0
100
AcDbLine
 10
120.899
 20
22.0858
 30
0.0
 11
122.444
 21
22.0858
 31
0.0
  0
LINE
  5
212
330
1F
100
AcDbEntity
  8
0
 62
     0
100
AcDbLine
 10
122.444
 20
22.0858
 30
0.0
 11
122.245
 21
20.8883
 31
0.0
  0
SPLINE
  5
213
330
1F
100
AcDbEntity
  8
0
 62
     0
100
AcDbSpline
 70
     0
 71
     3
 72
     8
 73
     4
 74
     0
 42
0.000000001
 43
0.0000001
 40
0.0
 40
0.0
 40
0.0
 40
0.0
 40
1.0
 40
1.0
 40
1.0
 40
1.0
 10
122.245
 20
20.8883
 30
0.0
 10
122.844
 20
21.9866
 30
0.0
 10
123.688
 20
22.0982
 30
0.0
 10
124.176
 20
22.0982
 30
0.0
  0
SPLINE
  5
214
330
1F
100
AcDbEntity
  8
0
 62
     0
100
AcDbSpline
 70
     0
 71
     3
 72
     8
 73
     4
 74
     0
 42
0.000000001
 43
0.0000001
 40
0.0
 40
0.0
 40
0.0
 40
0.0
 40
1.0
 40
1.0
 40
1.0
 40
1.0
 10
129.144
 20
20.7395
 30
0.0
 10
129.144
 20
20.6279
 30
0.0
 10
129.133
 20
20.4928
 30
0.0
 10
129.11
 20
20.3688
 30
0.0
  0
LINE
  5
215
330
1F
100
AcDbEntity
  8
0
 62
     0
100
AcDbLine
 10
129.11
 20
20.3688
 30
0.0
 11
127.61
 21
20.3688
 31
0.0
  0
LINE
  5
216
330
1F
100
AcDbEntity
  8
0
 62
     0
100
AcDbLine
 10
127.61
 20
20.3688
 30
0.0
 11
127.622
 21
20.5424
 31
0.0
  0
SPLINE
  5
217
330
1F
100
AcDbEntity
  8
0
 62
     0
100
AcDbSpline
 70
     0
 71
     3
 72
     8
 73
     4
 74
     0
 42
0.000000001
 43
0.0000001
 40
0.0
 40
0.0
 40
0.0
 40
0.0
 40
1.0
 40
1.0
 40
1.0
 40
1.0
 10
127.622
 20
20.5424
 30
0.0
 10
127.622
 20
20.9131
 30
0.0
 10
127.4
 20
21.1102
 30
0.0
 10
126.954
 20
21.1102
 30
0.0
  0
SPLINE
  5
218
330
1F
100
AcDbEntity
  8
0
 62
     0
100
AcDbSpline
 70
     0
 71
     3
 72
     8
 73
     4
 74
     0
 42
0.000000001
 43
0.0000001
 40
0.0
 40
0.0
 40
0.0
 40
0.0
 40
1.0
 40
1.0
 40
1.0
 40
1.0
 10
126.954
 20
21.1102
 30
0.0
 10
126.432
 20
21.1102
 30
0.0
 10
126.044
 20
20.7891
 30
0.0
 10
126.044
 20
20.3564
 30
0.0
  0
SPLINE
  5
219
330
1F
100
AcDbEntity
  8
0
 62
     0
100
AcDbSpline
 70
     0
 71
     3
 72
     8
 73
     4
 74
     0
 42
0.000000001
 43
0.0000001
 40
0.0
 40
0.0
 40
0.0
 40
0.0
 40
1.0
 40
1.0
 40
1.0
 40
1.0
 10
126.044
 20
20.3564
 30
0.0
 10
126.044
 20
20.0477
 30
0.0
 10
126.311
 20
19.9622
 30
0.0
 10
126.678
 20
19.8506
 30
0.0
  0
LINE
  5
21A
330
1F
100
AcDbEntity
  8
0
 62
     0
100
AcDbLine
 10
126.678
 20
19.8506
 30
0.0
 11
127.643
 21
19.5296
 31
0.0
  0
SPLINE
  5
21B
330
1F
100
AcDbEntity
  8
0
 62
     0
100
AcDbSpline
 70
     0
 71
     3
 72
     8
 73
     4
 74
     0
 42
0.000000001
 43
0.0000001
 40
0.0
 40
0.0
 40
0.0
 40
0.0
 40
1.0
 40
1.0
 40
1.0
 40
1.0
 10
127.643
 20
19.5296
 30
0.0
 10
128.666
 20
19.1961
 30
0.0
 10
128.855
 20
18.6159
 30
0.0
 10
128.855
 20
18.146
 30
0.0
  0
SPLINE
  5
21C
330
1F
100
AcDbEntity
  8
0
 62
     0
100
AcDbSpline
 70
     0
 71
     3
 72
     8
 73
     4
 74
     0
 42
0.000000001
 43
0.0000001
 40
0.0
 40
0.0
 40
0.0
 40
0.0
 40
1.0
 40
1.0
 40
1.0
 40
1.0
 10
128.855
 20
18.146
 30
0.0
 10
128.855
 20
17.0601
 30
0.0
 10
127.832
 20
15.6393
 30
0.0
 10
125.833
 20
15.6393
 30
0.0
  0
SPLINE
  5
21D
330
1F
100
AcDbEntity
  8
0
 62
     0
100
AcDbSpline
 70
     0
 71
     3
 72
     8
 73
     4
 74
     0
 42
0.000000001
 43
0.0000001
 40
0.0
 40
0.0
 40
0.0
 40
0.0
 40
1.0
 40
1.0
 40
1.0
 40
1.0
 10
125.833
 20
15.6393
 30
0.0
 10
125.078
 20
15.6393
 30
0.0
 10
124.555
 20
15.8378
 30
0.0
 10
124.222
 20
16.1947
 30
0.0
  0
SPLINE
  5
21E
330
1F
100
AcDbEntity
  8
0
 62
     0
100
AcDbSpline
 70
     0
 71
     3
 72
     8
 73
     4
 74
     0
 42
0.000000001
 43
0.0000001
 40
0.0
 40
0.0
 40
0.0
 40
0.0
 40
1.0
 40
1.0
 40
1.0
 40
1.0
 10
124.222
 20
16.1947
 30
0.0
 10
123.989
 20
16.4551
 30
0.0
 10
123.833
 20
16.7514
 30
0.0
 10
123.833
 20
17.1841
 30
0.0
  0
SPLINE
  5
21F
330
1F
100
AcDbEntity
  8
0
 62
     0
100
AcDbSpline
 70
     0
 71
     3
 72
     8
 73
     4
 74
     0
 42
0.000000001
 43
0.0000001
 40
0.0
 40
0.0
 40
0.0
 40
0.0
 40
1.0
 40
1.0
 40
1.0
 40
1.0
 10
123.833
 20
17.1841
 30
0.0
 10
123.833
 20
17.3068
 30
0.0
 10
123.855
 20
17.4542
 30
0.0
 10
123.877
 20
17.6279
 30
0.0
  0
LINE
  5
220
330
1F
100
AcDbEntity
  8
0
 62
     0
100
AcDbLine
 10
123.877
 20
17.6279
 30
0.0
 11
125.422
 21
17.6279
 31
0.0
  0
SPLINE
  5
221
330
1F
100
AcDbEntity
  8
0
 62
     0
100
AcDbSpline
 70
     0
 71
     3
 72
     8
 73
     4
 74
     0
 42
0.000000001
 43
0.0000001
 40
0.0
 40
0.0
 40
0.0
 40
0.0
 40
1.0
 40
1.0
 40
1.0
 40
1.0
 10
125.422
 20
17.6279
 30
0.0
 10
125.411
 20
17.5782
 30
0.0
 10
125.411
 20
17.5162
 30
0.0
 10
125.411
 20
17.468
 30
0.0
  0
SPLINE
  5
222
330
1F
100
AcDbEntity
  8
0
 62
     0
100
AcDbSpline
 70
     0
 71
     3
 72
     8
 73
     4
 74
     0
 42
0.000000001
 43
0.0000001
 40
0.0
 40
0.0
 40
0.0
 40
0.0
 40
1.0
 40
1.0
 40
1.0
 40
1.0
 10
125.411
 20
17.468
 30
0.0
 10
125.411
 20
16.9733
 30
0.0
 10
125.756
 20
16.7762
 30
0.0
 10
126.188
 20
16.7762
 30
0.0
  0
SPLINE
  5
223
330
1F
100
AcDbEntity
  8
0
 62
     0
100
AcDbSpline
 70
     0
 71
     3
 72
     8
 73
     4
 74
     0
 42
0.000000001
 43
0.0000001
 40
0.0
 40
0.0
 40
0.0
 40
0.0
 40
1.0
 40
1.0
 40
1.0
 40
1.0
 10
126.188
 20
16.7762
 30
0.0
 10
126.855
 20
16.7762
 30
0.0
 10
127.211
 20
17.2572
 30
0.0
 10
127.211
 20
17.6403
 30
0.0
  0
SPLINE
  5
224
330
1F
100
AcDbEntity
  8
0
 62
     0
100
AcDbSpline
 70
     0
 71
     3
 72
     8
 73
     4
 74
     0
 42
0.000000001
 43
0.0000001
 40
0.0
 40
0.0
 40
0.0
 40
0.0
 40
1.0
 40
1.0
 40
1.0
 40
1.0
 10
127.211
 20
17.6403
 30
0.0
 10
127.211
 20
17.8373
 30
0.0
 10
127.134
 20
18.0233
 30
0.0
 10
126.566
 20
18.208
 30
0.0
  0
LINE
  5
225
330
1F
100
AcDbEntity
  8
0
 62
     0
100
AcDbLine
 10
126.566
 20
18.208
 30
0.0
 11
125.51
 21
18.5663
 31
0.0
  0
SPLINE
  5
226
330
1F
100
AcDbEntity
  8
0
 62
     0
100
AcDbSpline
 70
     0
 71
     3
 72
     8
 73
     4
 74
     0
 42
0.000000001
 43
0.0000001
 40
0.0
 40
0.0
 40
0.0
 40
0.0
 40
1.0
 40
1.0
 40
1.0
 40
1.0
 10
125.51
 20
18.5663
 30
0.0
 10
124.655
 20
18.8502
 30
0.0
 10
124.455
 20
19.3559
 30
0.0
 10
124.455
 20
19.863
 30
0.0
  0
SPLINE
  5
227
330
1F
100
AcDbEntity
  8
0
 62
     0
100
AcDbSpline
 70
     0
 71
     3
 72
     8
 73
     4
 74
     0
 42
0.000000001
 43
0.0000001
 40
0.0
 40
0.0
 40
0.0
 40
0.0
 40
1.0
 40
1.0
 40
1.0
 40
1.0
 10
124.455
 20
19.863
 30
0.0
 10
124.455
 20
20.4556
 30
0.0
 10
124.744
 20
21.1598
 30
0.0
 10
125.321
 20
21.5911
 30
0.0
  0
SPLINE
  5
228
330
1F
100
AcDbEntity
  8
0
 62
     0
100
AcDbSpline
 70
     0
 71
     3
 72
     8
 73
     4
 74
     0
 42
0.000000001
 43
0.0000001
 40
0.0
 40
0.0
 40
0.0
 40
0.0
 40
1.0
 40
1.0
 40
1.0
 40
1.0
 10
125.321
 20
21.5911
 30
0.0
 10
125.822
 20
21.9742
 30
0.0
 10
126.5
 20
22.2085
 30
0.0
 10
127.332
 20
22.2085
 30
0.0
  0
SPLINE
  5
229
330
1F
100
AcDbEntity
  8
0
 62
     0
100
AcDbSpline
 70
     0
 71
     3
 72
     8
 73
     4
 74
     0
 42
0.000000001
 43
0.0000001
 40
0.0
 40
0.0
 40
0.0
 40
0.0
 40
1.0
 40
1.0
 40
1.0
 40
1.0
 10
127.332
 20
22.2085
 30
0.0
 10
128.466
 20
22.2085
 30
0.0
 10
129.144
 20
21.6407
 30
0.0
 10
129.144
 20
20.7395
 30
0.0
  0
SPLINE
  5
22A
330
1F
100
AcDbEntity
  8
0
 62
     0
100
AcDbSpline
 70
     0
 71
     3
 72
     8
 73
     4
 74
     0
 42
0.000000001
 43
0.0000001
 40
0.0
 40
0.0
 40
0.0
 40
0.0
 40
1.0
 40
1.0
 40
1.0
 40
1.0
 10
137.457
 20
20.7395
 30
0.0
 10
137.457
 20
20.6279
 30
0.0
 10
137.445
 20
20.4928
 30
0.0
 10
137.424
 20
20.3688
 30
0.0
  0
LINE
  5
22B
330
1F
100
AcDbEntity
  8
0
 62
     0
100
AcDbLine
 10
137.424
 20
20.3688
 30
0.0
 11
135.923
 21
20.3688
 31
0.0
  0
LINE
  5
22C
330
1F
100
AcDbEntity
  8
0
 62
     0
100
AcDbLine
 10
135.923
 20
20.3688
 30
0.0
 11
135.934
 21
20.5424
 31
0.0
  0
SPLINE
  5
22D
330
1F
100
AcDbEntity
  8
0
 62
     0
100
AcDbSpline
 70
     0
 71
     3
 72
     8
 73
     4
 74
     0
 42
0.000000001
 43
0.0000001
 40
0.0
 40
0.0
 40
0.0
 40
0.0
 40
1.0
 40
1.0
 40
1.0
 40
1.0
 10
135.934
 20
20.5424
 30
0.0
 10
135.934
 20
20.9131
 30
0.0
 10
135.712
 20
21.1102
 30
0.0
 10
135.267
 20
21.1102
 30
0.0
  0
SPLINE
  5
22E
330
1F
100
AcDbEntity
  8
0
 62
     0
100
AcDbSpline
 70
     0
 71
     3
 72
     8
 73
     4
 74
     0
 42
0.000000001
 43
0.0000001
 40
0.0
 40
0.0
 40
0.0
 40
0.0
 40
1.0
 40
1.0
 40
1.0
 40
1.0
 10
135.267
 20
21.1102
 30
0.0
 10
134.745
 20
21.1102
 30
0.0
 10
134.356
 20
20.7891
 30
0.0
 10
134.356
 20
20.3564
 30
0.0
  0
SPLINE
  5
22F
330
1F
100
AcDbEntity
  8
0
 62
     0
100
AcDbSpline
 70
     0
 71
     3
 72
     8
 73
     4
 74
     0
 42
0.000000001
 43
0.0000001
 40
0.0
 40
0.0
 40
0.0
 40
0.0
 40
1.0
 40
1.0
 40
1.0
 40
1.0
 10
134.356
 20
20.3564
 30
0.0
 10
134.356
 20
20.0477
 30
0.0
 10
134.623
 20
19.9622
 30
0.0
 10
134.99
 20
19.8506
 30
0.0
  0
LINE
  5
230
330
1F
100
AcDbEntity
  8
0
 62
     0
100
AcDbLine
 10
134.99
 20
19.8506
 30
0.0
 11
135.956
 21
19.5296
 31
0.0
  0
SPLINE
  5
231
330
1F
100
AcDbEntity
  8
0
 62
     0
100
AcDbSpline
 70
     0
 71
     3
 72
     8
 73
     4
 74
     0
 42
0.000000001
 43
0.0000001
 40
0.0
 40
0.0
 40
0.0
 40
0.0
 40
1.0
 40
1.0
 40
1.0
 40
1.0
 10
135.956
 20
19.5296
 30
0.0
 10
136.978
 20
19.1961
 30
0.0
 10
137.167
 20
18.6159
 30
0.0
 10
137.167
 20
18.146
 30
0.0
  0
SPLINE
  5
232
330
1F
100
AcDbEntity
  8
0
 62
     0
100
AcDbSpline
 70
     0
 71
     3
 72
     8
 73
     4
 74
     0
 42
0.000000001
 43
0.0000001
 40
0.0
 40
0.0
 40
0.0
 40
0.0
 40
1.0
 40
1.0
 40
1.0
 40
1.0
 10
137.167
 20
18.146
 30
0.0
 10
137.167
 20
17.0601
 30
0.0
 10
136.145
 20
15.6393
 30
0.0
 10
134.145
 20
15.6393
 30
0.0
  0
SPLINE
  5
233
330
1F
100
AcDbEntity
  8
0
 62
     0
100
AcDbSpline
 70
     0
 71
     3
 72
     8
 73
     4
 74
     0
 42
0.000000001
 43
0.0000001
 40
0.0
 40
0.0
 40
0.0
 40
0.0
 40
1.0
 40
1.0
 40
1.0
 40
1.0
 10
134.145
 20
15.6393
 30
0.0
 10
133.39
 20
15.6393
 30
0.0
 10
132.868
 20
15.8378
 30
0.0
 10
132.534
 20
16.1947
 30
0.0
  0
SPLINE
  5
234
330
1F
100
AcDbEntity
  8
0
 62
     0
100
AcDbSpline
 70
     0
 71
     3
 72
     8
 73
     4
 74
     0
 42
0.000000001
 43
0.0000001
 40
0.0
 40
0.0
 40
0.0
 40
0.0
 40
1.0
 40
1.0
 40
1.0
 40
1.0
 10
132.534
 20
16.1947
 30
0.0
 10
132.301
 20
16.4551
 30
0.0
 10
132.146
 20
16.7514
 30
0.0
 10
132.146
 20
17.1841
 30
0.0
  0
SPLINE
  5
235
330
1F
100
AcDbEntity
  8
0
 62
     0
100
AcDbSpline
 70
     0
 71
     3
 72
     8
 73
     4
 74
     0
 42
0.000000001
 43
0.0000001
 40
0.0
 40
0.0
 40
0.0
 40
0.0
 40
1.0
 40
1.0
 40
1.0
 40
1.0
 10
132.146
 20
17.1841
 30
0.0
 10
132.146
 20
17.3068
 30
0.0
 10
132.167
 20
17.4542
 30
0.0
 10
132.19
 20
17.6279
 30
0.0
  0
LINE
  5
236
330
1F
100
AcDbEntity
  8
0
 62
     0
100
AcDbLine
 10
132.19
 20
17.6279
 30
0.0
 11
133.735
 21
17.6279
 31
0.0
  0
SPLINE
  5
237
330
1F
100
AcDbEntity
  8
0
 62
     0
100
AcDbSpline
 70
     0
 71
     3
 72
     8
 73
     4
 74
     0
 42
0.000000001
 43
0.0000001
 40
0.0
 40
0.0
 40
0.0
 40
0.0
 40
1.0
 40
1.0
 40
1.0
 40
1.0
 10
133.735
 20
17.6279
 30
0.0
 10
133.724
 20
17.5782
 30
0.0
 10
133.724
 20
17.5162
 30
0.0
 10
133.724
 20
17.468
 30
0.0
  0
SPLINE
  5
238
330
1F
100
AcDbEntity
  8
0
 62
     0
100
AcDbSpline
 70
     0
 71
     3
 72
     8
 73
     4
 74
     0
 42
0.000000001
 43
0.0000001
 40
0.0
 40
0.0
 40
0.0
 40
0.0
 40
1.0
 40
1.0
 40
1.0
 40
1.0
 10
133.724
 20
17.468
 30
0.0
 10
133.724
 20
16.9733
 30
0.0
 10
134.068
 20
16.7762
 30
0.0
 10
134.501
 20
16.7762
 30
0.0
  0
SPLINE
  5
239
330
1F
100
AcDbEntity
  8
0
 62
     0
100
AcDbSpline
 70
     0
 71
     3
 72
     8
 73
     4
 74
     0
 42
0.000000001
 43
0.0000001
 40
0.0
 40
0.0
 40
0.0
 40
0.0
 40
1.0
 40
1.0
 40
1.0
 40
1.0
 10
134.501
 20
16.7762
 30
0.0
 10
135.168
 20
16.7762
 30
0.0
 10
135.523
 20
17.2572
 30
0.0
 10
135.523
 20
17.6403
 30
0.0
  0
SPLINE
  5
23A
330
1F
100
AcDbEntity
  8
0
 62
     0
100
AcDbSpline
 70
     0
 71
     3
 72
     8
 73
     4
 74
     0
 42
0.000000001
 43
0.0000001
 40
0.0
 40
0.0
 40
0.0
 40
0.0
 40
1.0
 40
1.0
 40
1.0
 40
1.0
 10
135.523
 20
17.6403
 30
0.0
 10
135.523
 20
17.8373
 30
0.0
 10
135.445
 20
18.0233
 30
0.0
 10
134.878
 20
18.208
 30
0.0
  0
LINE
  5
23B
330
1F
100
AcDbEntity
  8
0
 62
     0
100
AcDbLine
 10
134.878
 20
18.208
 30
0.0
 11
133.823
 21
18.5663
 31
0.0
  0
SPLINE
  5
23C
330
1F
100
AcDbEntity
  8
0
 62
     0
100
AcDbSpline
 70
     0
 71
     3
 72
     8
 73
     4
 74
     0
 42
0.000000001
 43
0.0000001
 40
0.0
 40
0.0
 40
0.0
 40
0.0
 40
1.0
 40
1.0
 40
1.0
 40
1.0
 10
133.823
 20
18.5663
 30
0.0
 10
132.967
 20
18.8502
 30
0.0
 10
132.767
 20
19.3559
 30
0.0
 10
132.767
 20
19.863
 30
0.0
  0
SPLINE
  5
23D
330
1F
100
AcDbEntity
  8
0
 62
     0
100
AcDbSpline
 70
     0
 71
     3
 72
     8
 73
     4
 74
     0
 42
0.000000001
 43
0.0000001
 40
0.0
 40
0.0
 40
0.0
 40
0.0
 40
1.0
 40
1.0
 40
1.0
 40
1.0
 10
132.767
 20
19.863
 30
0.0
 10
132.767
 20
20.4556
 30
0.0
 10
133.056
 20
21.1598
 30
0.0
 10
133.634
 20
21.5911
 30
0.0
  0
SPLINE
  5
23E
330
1F
100
AcDbEntity
  8
0
 62
     0
100
AcDbSpline
 70
     0
 71
     3
 72
     8
 73
     4
 74
     0
 42
0.000000001
 43
0.0000001
 40
0.0
 40
0.0
 40
0.0
 40
0.0
 40
1.0
 40
1.0
 40
1.0
 40
1.0
 10
133.634
 20
21.5911
 30
0.0
 10
134.134
 20
21.9742
 30
0.0
 10
134.812
 20
22.2085
 30
0.0
 10
135.646
 20
22.2085
 30
0.0
  0
SPLINE
  5
23F
330
1F
100
AcDbEntity
  8
0
 62
     0
100
AcDbSpline
 70
     0
 71
     3
 72
     8
 73
     4
 74
     0
 42
0.000000001
 43
0.0000001
 40
0.0
 40
0.0
 40
0.0
 40
0.0
 40
1.0
 40
1.0
 40
1.0
 40
1.0
 10
135.646
 20
22.2085
 30
0.0
 10
136.779
 20
22.2085
 30
0.0
 10
137.457
 20
21.6407
 30
0.0
 10
137.457
 20
20.7395
 30
0.0
  0
LINE
  5
240
330
1F
100
AcDbEntity
  8
0
 62
     0
100
AcDbLine
 10
140.434
 20
22.061
 30
0.0
 11
139.746
 21
18.4547
 31
0.0
  0
SPLINE
  5
241
330
1F
100
AcDbEntity
  8
0
 62
     0
100
AcDbSpline
 70
     0
 71
     3
 72
     8
 73
     4
 74
     0
 42
0.000000001
 43
0.0000001
 40
0.0
 40
0.0
 40
0.0
 40
0.0
 40
1.0
 40
1.0
 40
1.0
 40
1.0
 10
139.746
 20
18.4547
 30
0.0
 10
139.668
 20
18.0233
 30
0.0
 10
139.646
 20
17.8497
 30
0.0
 10
139.646
 20
17.7023
 30
0.0
  0
SPLINE
  5
242
330
1F
100
AcDbEntity
  8
0
 62
     0
100
AcDbSpline
 70
     0
 71
     3
 72
     8
 73
     4
 74
     0
 42
0.000000001
 43
0.0000001
 40
0.0
 40
0.0
 40
0.0
 40
0.0
 40
1.0
 40
1.0
 40
1.0
 40
1.0
 10
139.646
 20
17.7023
 30
0.0
 10
139.646
 20
17.22
 30
0.0
 10
139.857
 20
16.9733
 30
0.0
 10
140.345
 20
16.9733
 30
0.0
  0
SPLINE
  5
243
330
1F
100
AcDbEntity
  8
0
 62
     0
100
AcDbSpline
 70
     0
 71
     3
 72
     8
 73
     4
 74
     0
 42
0.000000001
 43
0.0000001
 40
0.0
 40
0.0
 40
0.0
 40
0.0
 40
1.0
 40
1.0
 40
1.0
 40
1.0
 10
140.345
 20
16.9733
 30
0.0
 10
140.612
 20
16.9733
 30
0.0
 10
140.856
 20
17.0229
 30
0.0
 10
141.034
 20
17.1593
 30
0.0
  0
SPLINE
  5
244
330
1F
100
AcDbEntity
  8
0
 62
     0
100
AcDbSpline
 70
     0
 71
     3
 72
     8
 73
     4
 74
     0
 42
0.000000001
 43
0.0000001
 40
0.0
 40
0.0
 40
0.0
 40
0.0
 40
1.0
 40
1.0
 40
1.0
 40
1.0
 10
141.034
 20
17.1593
 30
0.0
 10
141.4
 20
17.4308
 30
0.0
 10
141.556
 20
17.7877
 30
0.0
 10
141.767
 20
18.9122
 30
0.0
  0
LINE
  5
245
330
1F
100
AcDbEntity
  8
0
 62
     0
100
AcDbLine
 10
141.767
 20
18.9122
 30
0.0
 11
142.368
 21
22.061
 31
0.0
  0
LINE
  5
246
330
1F
100
AcDbEntity
  8
0
 62
     0
100
AcDbLine
 10
142.368
 20
22.061
 30
0.0
 11
144.058
 21
22.061
 31
0.0
  0
LINE
  5
247
330
1F
100
AcDbEntity
  8
0
 62
     0
100
AcDbLine
 10
144.058
 20
22.061
 30
0.0
 11
143.191
 21
17.479
 31
0.0
  0
SPLINE
  5
248
330
1F
100
AcDbEntity
  8
0
 62
     0
100
AcDbSpline
 70
     0
 71
     3
 72
     8
 73
     4
 74
     0
 42
0.000000001
 43
0.0000001
 40
0.0
 40
0.0
 40
0.0
 40
0.0
 40
1.0
 40
1.0
 40
1.0
 40
1.0
 10
143.191
 20
17.479
 30
0.0
 10
143.145
 20
17.1952
 30
0.0
 10
143.057
 20
16.7142
 30
0.0
 10
142.989
 20
16.3063
 30
0.0
  0
SPLINE
  5
249
330
1F
100
AcDbEntity
  8
0
 62
     0
100
AcDbSpline
 70
     0
 71
     3
 72
     8
 73
     4
 74
     0
 42
0.000000001
 43
0.0000001
 40
0.0
 40
0.0
 40
0.0
 40
0.0
 40
1.0
 40
1.0
 40
1.0
 40
1.0
 10
142.989
 20
16.3063
 30
0.0
 10
142.967
 20
16.1217
 30
0.0
 10
142.945
 20
15.9356
 30
0.0
 10
142.945
 20
15.8254
 30
0.0
  0
LINE
  5
24A
330
1F
100
AcDbEntity
  8
0
 62
     0
100
AcDbLine
 10
142.945
 20
15.8254
 30
0.0
 11
141.345
 21
15.8254
 31
0.0
  0
LINE
  5
24B
330
1F
100
AcDbEntity
  8
0
 62
     0
100
AcDbLine
 10
141.345
 20
15.8254
 30
0.0
 11
141.446
 21
16.6522
 31
0.0
  0
SPLINE
  5
24C
330
1F
100
AcDbEntity
  8
0
 62
     0
100
AcDbSpline
 70
     0
 71
     3
 72
     8
 73
     4
 74
     0
 42
0.000000001
 43
0.0000001
 40
0.0
 40
0.0
 40
0.0
 40
0.0
 40
1.0
 40
1.0
 40
1.0
 40
1.0
 10
141.446
 20
16.6522
 30
0.0
 10
140.946
 20
15.9852
 30
0.0
 10
140.301
 20
15.6641
 30
0.0
 10
139.601
 20
15.6641
 30
0.0
  0
SPLINE
  5
24D
330
1F
100
AcDbEntity
  8
0
 62
     0
100
AcDbSpline
 70
     0
 71
     3
 72
     8
 73
     4
 74
     0
 42
0.000000001
 43
0.0000001
 40
0.0
 40
0.0
 40
0.0
 40
0.0
 40
1.0
 40
1.0
 40
1.0
 40
1.0
 10
139.601
 20
15.6641
 30
0.0
 10
139.19
 20
15.6641
 30
0.0
 10
138.69
 20
15.7882
 30
0.0
 10
138.334
 20
16.1465
 30
0.0
  0
SPLINE
  5
24E
330
1F
100
AcDbEntity
  8
0
 62
     0
100
AcDbSpline
 70
     0
 71
     3
 72
     8
 73
     4
 74
     0
 42
0.000000001
 43
0.0000001
 40
0.0
 40
0.0
 40
0.0
 40
0.0
 40
1.0
 40
1.0
 40
1.0
 40
1.0
 10
138.334
 20
16.1465
 30
0.0
 10
138.091
 20
16.3932
 30
0.0
 10
137.924
 20
16.7142
 30
0.0
 10
137.924
 20
17.2324
 30
0.0
  0
SPLINE
  5
24F
330
1F
100
AcDbEntity
  8
0
 62
     0
100
AcDbSpline
 70
     0
 71
     3
 72
     8
 73
     4
 74
     0
 42
0.000000001
 43
0.0000001
 40
0.0
 40
0.0
 40
0.0
 40
0.0
 40
1.0
 40
1.0
 40
1.0
 40
1.0
 10
137.924
 20
17.2324
 30
0.0
 10
137.924
 20
17.6279
 30
0.0
 10
137.99
 20
17.9737
 30
0.0
 10
138.047
 20
18.2452
 30
0.0
  0
LINE
  5
250
330
1F
100
AcDbEntity
  8
0
 62
     0
100
AcDbLine
 10
138.047
 20
18.2452
 30
0.0
 11
138.768
 21
22.061
 31
0.0
  0
LINE
  5
251
330
1F
100
AcDbEntity
  8
0
 62
     0
100
AcDbLine
 10
148.868
 20
22.0982
 30
0.0
 11
148.556
 21
20.4556
 31
0.0
  0
SPLINE
  5
252
330
1F
100
AcDbEntity
  8
0
 62
     0
100
AcDbSpline
 70
     0
 71
     3
 72
     8
 73
     4
 74
     0
 42
0.000000001
 43
0.0000001
 40
0.0
 40
0.0
 40
0.0
 40
0.0
 40
1.0
 40
1.0
 40
1.0
 40
1.0
 10
148.556
 20
20.4556
 30
0.0
 10
148.391
 20
20.468
 30
0.0
 10
148.269
 20
20.468
 30
0.0
 10
148.168
 20
20.468
 30
0.0
  0
SPLINE
  5
253
330
1F
100
AcDbEntity
  8
0
 62
     0
100
AcDbSpline
 70
     0
 71
     3
 72
     8
 73
     4
 74
     0
 42
0.000000001
 43
0.0000001
 40
0.0
 40
0.0
 40
0.0
 40
0.0
 40
1.0
 40
1.0
 40
1.0
 40
1.0
 10
148.168
 20
20.468
 30
0.0
 10
147.802
 20
20.468
 30
0.0
 10
147.502
 20
20.406
 30
0.0
 10
147.257
 20
20.2709
 30
0.0
  0
SPLINE
  5
254
330
1F
100
AcDbEntity
  8
0
 62
     0
100
AcDbSpline
 70
     0
 71
     3
 72
     8
 73
     4
 74
     0
 42
0.000000001
 43
0.0000001
 40
0.0
 40
0.0
 40
0.0
 40
0.0
 40
1.0
 40
1.0
 40
1.0
 40
1.0
 10
147.257
 20
20.2709
 30
0.0
 10
146.868
 20
20.0477
 30
0.0
 10
146.636
 20
19.6536
 30
0.0
 10
146.513
 20
18.9742
 30
0.0
  0
LINE
  5
255
330
1F
100
AcDbEntity
  8
0
 62
     0
100
AcDbLine
 10
146.513
 20
18.9742
 30
0.0
 11
145.901
 21
15.8254
 31
0.0
  0
LINE
  5
256
330
1F
100
AcDbEntity
  8
0
 62
     0
100
AcDbLine
 10
145.901
 20
15.8254
 30
0.0
 11
144.259
 21
15.8254
 31
0.0
  0
LINE
  5
257
330
1F
100
AcDbEntity
  8
0
 62
     0
100
AcDbLine
 10
144.259
 20
15.8254
 30
0.0
 11
145.157
 21
20.5052
 31
0.0
  0
SPLINE
  5
258
330
1F
100
AcDbEntity
  8
0
 62
     0
100
AcDbSpline
 70
     0
 71
     3
 72
     8
 73
     4
 74
     0
 42
0.000000001
 43
0.0000001
 40
0.0
 40
0.0
 40
0.0
 40
0.0
 40
1.0
 40
1.0
 40
1.0
 40
1.0
 10
145.157
 20
20.5052
 30
0.0
 10
145.18
 20
20.6899
 30
0.0
 10
145.235
 20
20.9737
 30
0.0
 10
145.291
 20
21.3568
 30
0.0
  0
SPLINE
  5
259
330
1F
100
AcDbEntity
  8
0
 62
     0
100
AcDbSpline
 70
     0
 71
     3
 72
     8
 73
     4
 74
     0
 42
0.000000001
 43
0.0000001
 40
0.0
 40
0.0
 40
0.0
 40
0.0
 40
1.0
 40
1.0
 40
1.0
 40
1.0
 10
145.291
 20
21.3568
 30
0.0
 10
145.347
 20
21.7399
 30
0.0
 10
145.38
 20
21.9866
 30
0.0
 10
145.38
 20
22.0858
 30
0.0
  0
LINE
  5
25A
330
1F
100
AcDbEntity
  8
0
 62
     0
100
AcDbLine
 10
145.38
 20
22.0858
 30
0.0
 11
146.924
 21
22.0858
 31
0.0
  0
LINE
  5
25B
330
1F
100
AcDbEntity
  8
0
 62
     0
100
AcDbLine
 10
146.924
 20
22.0858
 30
0.0
 11
146.724
 21
20.8883
 31
0.0
  0
SPLINE
  5
25C
330
1F
100
AcDbEntity
  8
0
 62
     0
100
AcDbSpline
 70
     0
 71
     3
 72
     8
 73
     4
 74
     0
 42
0.000000001
 43
0.0000001
 40
0.0
 40
0.0
 40
0.0
 40
0.0
 40
1.0
 40
1.0
 40
1.0
 40
1.0
 10
146.724
 20
20.8883
 30
0.0
 10
147.325
 20
21.9866
 30
0.0
 10
148.168
 20
22.0982
 30
0.0
 10
148.657
 20
22.0982
 30
0.0
  0
SPLINE
  5
25D
330
1F
100
AcDbEntity
  8
0
 62
     0
100
AcDbSpline
 70
     0
 71
     3
 72
     8
 73
     4
 74
     0
 42
0.000000001
 43
0.0000001
 40
0.0
 40
0.0
 40
0.0
 40
0.0
 40
1.0
 40
1.0
 40
1.0
 40
1.0
 10
157.446
 20
21.0234
 30
0.0
 10
157.969
 20
21.8143
 30
0.0
 10
158.636
 20
22.185
 30
0.0
 10
159.468
 20
22.185
 30
0.0
  0
SPLINE
  5
25E
330
1F
100
AcDbEntity
  8
0
 62
     0
100
AcDbSpline
 70
     0
 71
     3
 72
     8
 73
     4
 74
     0
 42
0.000000001
 43
0.0000001
 40
0.0
 40
0.0
 40
0.0
 40
0.0
 40
1.0
 40
1.0
 40
1.0
 40
1.0
 10
159.468
 20
22.185
 30
0.0
 10
160.468
 20
22.185
 30
0.0
 10
161.08
 20
21.5663
 30
0.0
 10
161.08
 20
20.5672
 30
0.0
  0
SPLINE
  5
25F
330
1F
100
AcDbEntity
  8
0
 62
     0
100
AcDbSpline
 70
     0
 71
     3
 72
     8
 73
     4
 74
     0
 42
0.000000001
 43
0.0000001
 40
0.0
 40
0.0
 40
0.0
 40
0.0
 40
1.0
 40
1.0
 40
1.0
 40
1.0
 10
161.08
 20
20.5672
 30
0.0
 10
161.08
 20
20.1965
 30
0.0
 10
161.024
 20
19.863
 30
0.0
 10
160.958
 20
19.48
 30
0.0
  0
LINE
  5
260
330
1F
100
AcDbEntity
  8
0
 62
     0
100
AcDbLine
 10
160.958
 20
19.48
 30
0.0
 11
160.246
 21
15.8254
 31
0.0
  0
LINE
  5
261
330
1F
100
AcDbEntity
  8
0
 62
     0
100
AcDbLine
 10
160.246
 20
15.8254
 30
0.0
 11
158.592
 21
15.8254
 31
0.0
  0
LINE
  5
262
330
1F
100
AcDbEntity
  8
0
 62
     0
100
AcDbLine
 10
158.592
 20
15.8254
 30
0.0
 11
159.292
 21
19.48
 31
0.0
  0
SPLINE
  5
263
330
1F
100
AcDbEntity
  8
0
 62
     0
100
AcDbSpline
 70
     0
 71
     3
 72
     8
 73
     4
 74
     0
 42
0.000000001
 43
0.0000001
 40
0.0
 40
0.0
 40
0.0
 40
0.0
 40
1.0
 40
1.0
 40
1.0
 40
1.0
 10
159.292
 20
19.48
 30
0.0
 10
159.336
 20
19.7514
 30
0.0
 10
159.369
 20
19.9733
 30
0.0
 10
159.369
 20
20.1221
 30
0.0
  0
SPLINE
  5
264
330
1F
100
AcDbEntity
  8
0
 62
     0
100
AcDbSpline
 70
     0
 71
     3
 72
     8
 73
     4
 74
     0
 42
0.000000001
 43
0.0000001
 40
0.0
 40
0.0
 40
0.0
 40
0.0
 40
1.0
 40
1.0
 40
1.0
 40
1.0
 10
159.369
 20
20.1221
 30
0.0
 10
159.369
 20
20.6403
 30
0.0
 10
159.114
 20
20.9007
 30
0.0
 10
158.613
 20
20.9007
 30
0.0
  0
SPLINE
  5
265
330
1F
100
AcDbEntity
  8
0
 62
     0
100
AcDbSpline
 70
     0
 71
     3
 72
     8
 73
     4
 74
     0
 42
0.000000001
 43
0.0000001
 40
0.0
 40
0.0
 40
0.0
 40
0.0
 40
1.0
 40
1.0
 40
1.0
 40
1.0
 10
158.613
 20
20.9007
 30
0.0
 10
158.302
 20
20.9007
 30
0.0
 10
158.069
 20
20.8015
 30
0.0
 10
157.891
 20
20.6403
 30
0.0
  0
SPLINE
  5
266
330
1F
100
AcDbEntity
  8
0
 62
     0
100
AcDbSpline
 70
     0
 71
     3
 72
     8
 73
     4
 74
     0
 42
0.000000001
 43
0.0000001
 40
0.0
 40
0.0
 40
0.0
 40
0.0
 40
1.0
 40
1.0
 40
1.0
 40
1.0
 10
157.891
 20
20.6403
 30
0.0
 10
157.547
 20
20.3192
 30
0.0
 10
157.391
 20
19.7514
 30
0.0
 10
157.246
 20
19.0114
 30
0.0
  0
LINE
  5
267
330
1F
100
AcDbEntity
  8
0
 62
     0
100
AcDbLine
 10
157.246
 20
19.0114
 30
0.0
 11
156.636
 21
15.8254
 31
0.0
  0
LINE
  5
268
330
1F
100
AcDbEntity
  8
0
 62
     0
100
AcDbLine
 10
156.636
 20
15.8254
 30
0.0
 11
154.98
 21
15.8254
 31
0.0
  0
LINE
  5
269
330
1F
100
AcDbEntity
  8
0
 62
     0
100
AcDbLine
 10
154.98
 20
15.8254
 30
0.0
 11
155.68
 21
19.4675
 31
0.0
  0
SPLINE
  5
26A
330
1F
100
AcDbEntity
  8
0
 62
     0
100
AcDbSpline
 70
     0
 71
     3
 72
     8
 73
     4
 74
     0
 42
0.000000001
 43
0.0000001
 40
0.0
 40
0.0
 40
0.0
 40
0.0
 40
1.0
 40
1.0
 40
1.0
 40
1.0
 10
155.68
 20
19.4675
 30
0.0
 10
155.725
 20
19.739
 30
0.0
 10
155.758
 20
19.9733
 30
0.0
 10
155.758
 20
20.1221
 30
0.0
  0
SPLINE
  5
26B
330
1F
100
AcDbEntity
  8
0
 62
     0
100
AcDbSpline
 70
     0
 71
     3
 72
     8
 73
     4
 74
     0
 42
0.000000001
 43
0.0000001
 40
0.0
 40
0.0
 40
0.0
 40
0.0
 40
1.0
 40
1.0
 40
1.0
 40
1.0
 10
155.758
 20
20.1221
 30
0.0
 10
155.758
 20
20.6403
 30
0.0
 10
155.513
 20
20.9007
 30
0.0
 10
155.025
 20
20.9007
 30
0.0
  0
SPLINE
  5
26C
330
1F
100
AcDbEntity
  8
0
 62
     0
100
AcDbSpline
 70
     0
 71
     3
 72
     8
 73
     4
 74
     0
 42
0.000000001
 43
0.0000001
 40
0.0
 40
0.0
 40
0.0
 40
0.0
 40
1.0
 40
1.0
 40
1.0
 40
1.0
 10
155.025
 20
20.9007
 30
0.0
 10
154.602
 20
20.9007
 30
0.0
 10
154.191
 20
20.7271
 30
0.0
 10
153.948
 20
20.2337
 30
0.0
  0
SPLINE
  5
26D
330
1F
100
AcDbEntity
  8
0
 62
     0
100
AcDbSpline
 70
     0
 71
     3
 72
     8
 73
     4
 74
     0
 42
0.000000001
 43
0.0000001
 40
0.0
 40
0.0
 40
0.0
 40
0.0
 40
1.0
 40
1.0
 40
1.0
 40
1.0
 10
153.948
 20
20.2337
 30
0.0
 10
153.836
 20
20.0105
 30
0.0
 10
153.77
 20
19.7266
 30
0.0
 10
153.691
 20
19.3559
 30
0.0
  0
LINE
  5
26E
330
1F
100
AcDbEntity
  8
0
 62
     0
100
AcDbLine
 10
153.691
 20
19.3559
 30
0.0
 11
153.024
 21
15.8254
 31
0.0
  0
LINE
  5
26F
330
1F
100
AcDbEntity
  8
0
 62
     0
100
AcDbLine
 10
153.024
 20
15.8254
 30
0.0
 11
151.369
 21
15.8254
 31
0.0
  0
LINE
  5
270
330
1F
100
AcDbEntity
  8
0
 62
     0
100
AcDbLine
 10
151.369
 20
15.8254
 30
0.0
 11
152.324
 21
20.8635
 31
0.0
  0
SPLINE
  5
271
330
1F
100
AcDbEntity
  8
0
 62
     0
100
AcDbSpline
 70
     0
 71
     3
 72
     8
 73
     4
 74
     0
 42
0.000000001
 43
0.0000001
 40
0.0
 40
0.0
 40
0.0
 40
0.0
 40
1.0
 40
1.0
 40
1.0
 40
1.0
 10
152.324
 20
20.8635
 30
0.0
 10
152.436
 20
21.394
 30
0.0
 10
152.447
 20
21.4809
 30
0.0
 10
152.48
 20
21.8998
 30
0.0
  0
LINE
  5
272
330
1F
100
AcDbEntity
  8
0
 62
     0
100
AcDbLine
 10
152.48
 20
21.8998
 30
0.0
 11
152.502
 21
22.061
 31
0.0
  0
LINE
  5
273
330
1F
100
AcDbEntity
  8
0
 62
     0
100
AcDbLine
 10
152.502
 20
22.061
 30
0.0
 11
154.091
 21
22.061
 31
0.0
  0
LINE
  5
274
330
1F
100
AcDbEntity
  8
0
 62
     0
100
AcDbLine
 10
154.091
 20
22.061
 30
0.0
 11
154.003
 21
21.2576
 31
0.0
  0
SPLINE
  5
275
330
1F
100
AcDbEntity
  8
0
 62
     0
100
AcDbSpline
 70
     0
 71
     3
 72
     8
 73
     4
 74
     0
 42
0.000000001
 43
0.0000001
 40
0.0
 40
0.0
 40
0.0
 40
0.0
 40
1.0
 40
1.0
 40
1.0
 40
1.0
 10
154.003
 20
21.2576
 30
0.0
 10
154.503
 20
21.875
 30
0.0
 10
155.135
 20
22.1961
 30
0.0
 10
155.914
 20
22.1961
 30
0.0
  0
SPLINE
  5
276
330
1F
100
AcDbEntity
  8
0
 62
     0
100
AcDbSpline
 70
     0
 71
     3
 72
     8
 73
     4
 74
     0
 42
0.000000001
 43
0.0000001
 40
0.0
 40
0.0
 40
0.0
 40
0.0
 40
1.0
 40
1.0
 40
1.0
 40
1.0
 10
155.914
 20
22.1961
 30
0.0
 10
156.768
 20
22.1961
 30
0.0
 10
157.325
 20
21.7895
 30
0.0
 10
157.446
 20
21.0234
 30
0.0
  0
SPLINE
  5
277
330
1F
100
AcDbEntity
  8
0
 62
     0
100
AcDbSpline
 70
     0
 71
     3
 72
     8
 73
     4
 74
     0
 42
0.000000001
 43
0.0000001
 40
0.0
 40
0.0
 40
0.0
 40
0.0
 40
1.0
 40
1.0
 40
1.0
 40
1.0
 10
165.793
 20
19.6288
 30
0.0
 10
165.826
 20
19.863
 30
0.0
 10
165.848
 20
19.9871
 30
0.0
 10
165.848
 20
20.1345
 30
0.0
  0
SPLINE
  5
278
330
1F
100
AcDbEntity
  8
0
 62
     0
100
AcDbSpline
 70
     0
 71
     3
 72
     8
 73
     4
 74
     0
 42
0.000000001
 43
0.0000001
 40
0.0
 40
0.0
 40
0.0
 40
0.0
 40
1.0
 40
1.0
 40
1.0
 40
1.0
 10
165.848
 20
20.1345
 30
0.0
 10
165.848
 20
20.6775
 30
0.0
 10
165.604
 20
21.0234
 30
0.0
 10
165.081
 20
21.0234
 30
0.0
  0
SPLINE
  5
279
330
1F
100
AcDbEntity
  8
0
 62
     0
100
AcDbSpline
 70
     0
 71
     3
 72
     8
 73
     4
 74
     0
 42
0.000000001
 43
0.0000001
 40
0.0
 40
0.0
 40
0.0
 40
0.0
 40
1.0
 40
1.0
 40
1.0
 40
1.0
 10
165.081
 20
21.0234
 30
0.0
 10
164.47
 20
21.0234
 30
0.0
 10
163.981
 20
20.5176
 30
0.0
 10
163.759
 20
19.6288
 30
0.0
  0
LINE
  5
27A
330
1F
100
AcDbEntity
  8
0
 62
     0
100
AcDbLine
 10
163.759
 20
19.6288
 30
0.0
 11
165.793
 21
19.6288
 31
0.0
  0
SPLINE
  5
27B
330
1F
100
AcDbEntity
  8
0
 62
     0
100
AcDbSpline
 70
     0
 71
     3
 72
     8
 73
     4
 74
     0
 42
0.000000001
 43
0.0000001
 40
0.0
 40
0.0
 40
0.0
 40
0.0
 40
1.0
 40
1.0
 40
1.0
 40
1.0
 10
167.459
 20
19.9374
 30
0.0
 10
167.459
 20
19.48
 30
0.0
 10
167.392
 20
19.0114
 30
0.0
 10
167.259
 20
18.4795
 30
0.0
  0
LINE
  5
27C
330
1F
100
AcDbEntity
  8
0
 62
     0
100
AcDbLine
 10
167.259
 20
18.4795
 30
0.0
 11
163.493
 21
18.4795
 31
0.0
  0
SPLINE
  5
27D
330
1F
100
AcDbEntity
  8
0
 62
     0
100
AcDbSpline
 70
     0
 71
     3
 72
     8
 73
     4
 74
     0
 42
0.000000001
 43
0.0000001
 40
0.0
 40
0.0
 40
0.0
 40
0.0
 40
1.0
 40
1.0
 40
1.0
 40
1.0
 10
163.493
 20
18.4795
 30
0.0
 10
163.448
 20
18.2576
 30
0.0
 10
163.415
 20
18.0482
 30
0.0
 10
163.415
 20
17.8745
 30
0.0
  0
SPLINE
  5
27E
330
1F
100
AcDbEntity
  8
0
 62
     0
100
AcDbSpline
 70
     0
 71
     3
 72
     8
 73
     4
 74
     0
 42
0.000000001
 43
0.0000001
 40
0.0
 40
0.0
 40
0.0
 40
0.0
 40
1.0
 40
1.0
 40
1.0
 40
1.0
 10
163.415
 20
17.8745
 30
0.0
 10
163.415
 20
17.1097
 30
0.0
 10
163.748
 20
16.8135
 30
0.0
 10
164.314
 20
16.8135
 30
0.0
  0
SPLINE
  5
27F
330
1F
100
AcDbEntity
  8
0
 62
     0
100
AcDbSpline
 70
     0
 71
     3
 72
     8
 73
     4
 74
     0
 42
0.000000001
 43
0.0000001
 40
0.0
 40
0.0
 40
0.0
 40
0.0
 40
1.0
 40
1.0
 40
1.0
 40
1.0
 10
164.314
 20
16.8135
 30
0.0
 10
164.837
 20
16.8135
 30
0.0
 10
165.214
 20
17.0973
 30
0.0
 10
165.46
 20
17.6775
 30
0.0
  0
LINE
  5
280
330
1F
100
AcDbEntity
  8
0
 62
     0
100
AcDbLine
 10
165.46
 20
17.6775
 30
0.0
 11
166.959
 21
17.6775
 31
0.0
  0
SPLINE
  5
281
330
1F
100
AcDbEntity
  8
0
 62
     0
100
AcDbSpline
 70
     0
 71
     3
 72
     8
 73
     4
 74
     0
 42
0.000000001
 43
0.0000001
 40
0.0
 40
0.0
 40
0.0
 40
0.0
 40
1.0
 40
1.0
 40
1.0
 40
1.0
 10
166.959
 20
17.6775
 30
0.0
 10
166.614
 20
16.3435
 30
0.0
 10
165.548
 20
15.5911
 30
0.0
 10
164.06
 20
15.5911
 30
0.0
  0
SPLINE
  5
282
330
1F
100
AcDbEntity
  8
0
 62
     0
100
AcDbSpline
 70
     0
 71
     3
 72
     8
 73
     4
 74
     0
 42
0.000000001
 43
0.0000001
 40
0.0
 40
0.0
 40
0.0
 40
0.0
 40
1.0
 40
1.0
 40
1.0
 40
1.0
 10
164.06
 20
15.5911
 30
0.0
 10
163.625
 20
15.5911
 30
0.0
 10
163.248
 20
15.6641
 30
0.0
 10
162.927
 20
15.8006
 30
0.0
  0
SPLINE
  5
283
330
1F
100
AcDbEntity
  8
0
 62
     0
100
AcDbSpline
 70
     0
 71
     3
 72
     8
 73
     4
 74
     0
 42
0.000000001
 43
0.0000001
 40
0.0
 40
0.0
 40
0.0
 40
0.0
 40
1.0
 40
1.0
 40
1.0
 40
1.0
 10
162.927
 20
15.8006
 30
0.0
 10
162.26
 20
16.0845
 30
0.0
 10
161.86
 20
16.7266
 30
0.0
 10
161.86
 20
17.7877
 30
0.0
  0
SPLINE
  5
284
330
1F
100
AcDbEntity
  8
0
 62
     0
100
AcDbSpline
 70
     0
 71
     3
 72
     8
 73
     4
 74
     0
 42
0.000000001
 43
0.0000001
 40
0.0
 40
0.0
 40
0.0
 40
0.0
 40
1.0
 40
1.0
 40
1.0
 40
1.0
 10
161.86
 20
17.7877
 30
0.0
 10
161.86
 20
18.4299
 30
0.0
 10
162.004
 20
19.2085
 30
0.0
 10
162.304
 20
19.9622
 30
0.0
  0
SPLINE
  5
285
330
1F
100
AcDbEntity
  8
0
 62
     0
100
AcDbSpline
 70
     0
 71
     3
 72
     8
 73
     4
 74
     0
 42
0.000000001
 43
0.0000001
 40
0.0
 40
0.0
 40
0.0
 40
0.0
 40
1.0
 40
1.0
 40
1.0
 40
1.0
 10
162.304
 20
19.9622
 30
0.0
 10
162.903
 20
21.4685
 30
0.0
 10
164.148
 20
22.2705
 30
0.0
 10
165.381
 20
22.2705
 30
0.0
  0
SPLINE
  5
286
330
1F
100
AcDbEntity
  8
0
 62
     0
100
AcDbSpline
 70
     0
 71
     3
 72
     8
 73
     4
 74
     0
 42
0.000000001
 43
0.0000001
 40
0.0
 40
0.0
 40
0.0
 40
0.0
 40
1.0
 40
1.0
 40
1.0
 40
1.0
 10
165.381
 20
22.2705
 30
0.0
 10
166.693
 20
22.2705
 30
0.0
 10
167.459
 20
21.394
 30
0.0
 10
167.459
 20
19.9374
 30
0.0
  0
SPLINE
  5
287
330
1F
100
AcDbEntity
  8
0
 62
     0
100
AcDbSpline
 70
     0
 71
     3
 72
     8
 73
     4
 74
     0
 42
0.000000001
 43
0.0000001
 40
0.0
 40
0.0
 40
0.0
 40
0.0
 40
1.0
 40
1.0
 40
1.0
 40
1.0
 10
172.882
 20
20.7395
 30
0.0
 10
172.882
 20
20.6279
 30
0.0
 10
172.871
 20
20.4928
 30
0.0
 10
172.849
 20
20.3688
 30
0.0
  0
LINE
  5
288
330
1F
100
AcDbEntity
  8
0
 62
     0
100
AcDbLine
 10
172.849
 20
20.3688
 30
0.0
 11
171.349
 21
20.3688
 31
0.0
  0
LINE
  5
289
330
1F
100
AcDbEntity
  8
0
 62
     0
100
AcDbLine
 10
171.349
 20
20.3688
 30
0.0
 11
171.36
 21
20.5424
 31
0.0
  0
SPLINE
  5
28A
330
1F
100
AcDbEntity
  8
0
 62
     0
100
AcDbSpline
 70
     0
 71
     3
 72
     8
 73
     4
 74
     0
 42
0.000000001
 43
0.0000001
 40
0.0
 40
0.0
 40
0.0
 40
0.0
 40
1.0
 40
1.0
 40
1.0
 40
1.0
 10
171.36
 20
20.5424
 30
0.0
 10
171.36
 20
20.9131
 30
0.0
 10
171.137
 20
21.1102
 30
0.0
 10
170.693
 20
21.1102
 30
0.0
  0
SPLINE
  5
28B
330
1F
100
AcDbEntity
  8
0
 62
     0
100
AcDbSpline
 70
     0
 71
     3
 72
     8
 73
     4
 74
     0
 42
0.000000001
 43
0.0000001
 40
0.0
 40
0.0
 40
0.0
 40
0.0
 40
1.0
 40
1.0
 40
1.0
 40
1.0
 10
170.693
 20
21.1102
 30
0.0
 10
170.171
 20
21.1102
 30
0.0
 10
169.782
 20
20.7891
 30
0.0
 10
169.782
 20
20.3564
 30
0.0
  0
SPLINE
  5
28C
330
1F
100
AcDbEntity
  8
0
 62
     0
100
AcDbSpline
 70
     0
 71
     3
 72
     8
 73
     4
 74
     0
 42
0.000000001
 43
0.0000001
 40
0.0
 40
0.0
 40
0.0
 40
0.0
 40
1.0
 40
1.0
 40
1.0
 40
1.0
 10
169.782
 20
20.3564
 30
0.0
 10
169.782
 20
20.0477
 30
0.0
 10
170.048
 20
19.9622
 30
0.0
 10
170.415
 20
19.8506
 30
0.0
  0
LINE
  5
28D
330
1F
100
AcDbEntity
  8
0
 62
     0
100
AcDbLine
 10
170.415
 20
19.8506
 30
0.0
 11
171.383
 21
19.5296
 31
0.0
  0
SPLINE
  5
28E
330
1F
100
AcDbEntity
  8
0
 62
     0
100
AcDbSpline
 70
     0
 71
     3
 72
     8
 73
     4
 74
     0
 42
0.000000001
 43
0.0000001
 40
0.0
 40
0.0
 40
0.0
 40
0.0
 40
1.0
 40
1.0
 40
1.0
 40
1.0
 10
171.383
 20
19.5296
 30
0.0
 10
172.405
 20
19.1961
 30
0.0
 10
172.594
 20
18.6159
 30
0.0
 10
172.594
 20
18.146
 30
0.0
  0
SPLINE
  5
28F
330
1F
100
AcDbEntity
  8
0
 62
     0
100
AcDbSpline
 70
     0
 71
     3
 72
     8
 73
     4
 74
     0
 42
0.000000001
 43
0.0000001
 40
0.0
 40
0.0
 40
0.0
 40
0.0
 40
1.0
 40
1.0
 40
1.0
 40
1.0
 10
172.594
 20
18.146
 30
0.0
 10
172.594
 20
17.0601
 30
0.0
 10
171.571
 20
15.6393
 30
0.0
 10
169.572
 20
15.6393
 30
0.0
  0
SPLINE
  5
290
330
1F
100
AcDbEntity
  8
0
 62
     0
100
AcDbSpline
 70
     0
 71
     3
 72
     8
 73
     4
 74
     0
 42
0.000000001
 43
0.0000001
 40
0.0
 40
0.0
 40
0.0
 40
0.0
 40
1.0
 40
1.0
 40
1.0
 40
1.0
 10
169.572
 20
15.6393
 30
0.0
 10
168.815
 20
15.6393
 30
0.0
 10
168.293
 20
15.8378
 30
0.0
 10
167.961
 20
16.1947
 30
0.0
  0
SPLINE
  5
291
330
1F
100
AcDbEntity
  8
0
 62
     0
100
AcDbSpline
 70
     0
 71
     3
 72
     8
 73
     4
 74
     0
 42
0.000000001
 43
0.0000001
 40
0.0
 40
0.0
 40
0.0
 40
0.0
 40
1.0
 40
1.0
 40
1.0
 40
1.0
 10
167.961
 20
16.1947
 30
0.0
 10
167.726
 20
16.4551
 30
0.0
 10
167.571
 20
16.7514
 30
0.0
 10
167.571
 20
17.1841
 30
0.0
  0
SPLINE
  5
292
330
1F
100
AcDbEntity
  8
0
 62
     0
100
AcDbSpline
 70
     0
 71
     3
 72
     8
 73
     4
 74
     0
 42
0.000000001
 43
0.0000001
 40
0.0
 40
0.0
 40
0.0
 40
0.0
 40
1.0
 40
1.0
 40
1.0
 40
1.0
 10
167.571
 20
17.1841
 30
0.0
 10
167.571
 20
17.3068
 30
0.0
 10
167.593
 20
17.4542
 30
0.0
 10
167.616
 20
17.6279
 30
0.0
  0
LINE
  5
293
330
1F
100
AcDbEntity
  8
0
 62
     0
100
AcDbLine
 10
167.616
 20
17.6279
 30
0.0
 11
169.16
 21
17.6279
 31
0.0
  0
SPLINE
  5
294
330
1F
100
AcDbEntity
  8
0
 62
     0
100
AcDbSpline
 70
     0
 71
     3
 72
     8
 73
     4
 74
     0
 42
0.000000001
 43
0.0000001
 40
0.0
 40
0.0
 40
0.0
 40
0.0
 40
1.0
 40
1.0
 40
1.0
 40
1.0
 10
169.16
 20
17.6279
 30
0.0
 10
169.149
 20
17.5782
 30
0.0
 10
169.149
 20
17.5162
 30
0.0
 10
169.149
 20
17.468
 30
0.0
  0
SPLINE
  5
295
330
1F
100
AcDbEntity
  8
0
 62
     0
100
AcDbSpline
 70
     0
 71
     3
 72
     8
 73
     4
 74
     0
 42
0.000000001
 43
0.0000001
 40
0.0
 40
0.0
 40
0.0
 40
0.0
 40
1.0
 40
1.0
 40
1.0
 40
1.0
 10
169.149
 20
17.468
 30
0.0
 10
169.149
 20
16.9733
 30
0.0
 10
169.493
 20
16.7762
 30
0.0
 10
169.927
 20
16.7762
 30
0.0
  0
SPLINE
  5
296
330
1F
100
AcDbEntity
  8
0
 62
     0
100
AcDbSpline
 70
     0
 71
     3
 72
     8
 73
     4
 74
     0
 42
0.000000001
 43
0.0000001
 40
0.0
 40
0.0
 40
0.0
 40
0.0
 40
1.0
 40
1.0
 40
1.0
 40
1.0
 10
169.927
 20
16.7762
 30
0.0
 10
170.593
 20
16.7762
 30
0.0
 10
170.948
 20
17.2572
 30
0.0
 10
170.948
 20
17.6403
 30
0.0
  0
SPLINE
  5
297
330
1F
100
AcDbEntity
  8
0
 62
     0
100
AcDbSpline
 70
     0
 71
     3
 72
     8
 73
     4
 74
     0
 42
0.000000001
 43
0.0000001
 40
0.0
 40
0.0
 40
0.0
 40
0.0
 40
1.0
 40
1.0
 40
1.0
 40
1.0
 10
170.948
 20
17.6403
 30
0.0
 10
170.948
 20
17.8373
 30
0.0
 10
170.871
 20
18.0233
 30
0.0
 10
170.305
 20
18.208
 30
0.0
  0
LINE
  5
298
330
1F
100
AcDbEntity
  8
0
 62
     0
100
AcDbLine
 10
170.305
 20
18.208
 30
0.0
 11
169.249
 21
18.5663
 31
0.0
  0
SPLINE
  5
299
330
1F
100
AcDbEntity
  8
0
 62
     0
100
AcDbSpline
 70
     0
 71
     3
 72
     8
 73
     4
 74
     0
 42
0.000000001
 43
0.0000001
 40
0.0
 40
0.0
 40
0.0
 40
0.0
 40
1.0
 40
1.0
 40
1.0
 40
1.0
 10
169.249
 20
18.5663
 30
0.0
 10
168.394
 20
18.8502
 30
0.0
 10
168.194
 20
19.3559
 30
0.0
 10
168.194
 20
19.863
 30
0.0
  0
SPLINE
  5
29A
330
1F
100
AcDbEntity
  8
0
 62
     0
100
AcDbSpline
 70
     0
 71
     3
 72
     8
 73
     4
 74
     0
 42
0.000000001
 43
0.0000001
 40
0.0
 40
0.0
 40
0.0
 40
0.0
 40
1.0
 40
1.0
 40
1.0
 40
1.0
 10
168.194
 20
19.863
 30
0.0
 10
168.194
 20
20.4556
 30
0.0
 10
168.482
 20
21.1598
 30
0.0
 10
169.061
 20
21.5911
 30
0.0
  0
SPLINE
  5
29B
330
1F
100
AcDbEntity
  8
0
 62
     0
100
AcDbSpline
 70
     0
 71
     3
 72
     8
 73
     4
 74
     0
 42
0.000000001
 43
0.0000001
 40
0.0
 40
0.0
 40
0.0
 40
0.0
 40
1.0
 40
1.0
 40
1.0
 40
1.0
 10
169.061
 20
21.5911
 30
0.0
 10
169.561
 20
21.9742
 30
0.0
 10
170.237
 20
22.2085
 30
0.0
 10
171.071
 20
22.2085
 30
0.0
  0
SPLINE
  5
29C
330
1F
100
AcDbEntity
  8
0
 62
     0
100
AcDbSpline
 70
     0
 71
     3
 72
     8
 73
     4
 74
     0
 42
0.000000001
 43
0.0000001
 40
0.0
 40
0.0
 40
0.0
 40
0.0
 40
1.0
 40
1.0
 40
1.0
 40
1.0
 10
171.071
 20
22.2085
 30
0.0
 10
172.204
 20
22.2085
 30
0.0
 10
172.882
 20
21.6407
 30
0.0
 10
172.882
 20
20.7395
 30
0.0
  0
LINE
  5
29D
330
1F
100
AcDbEntity
  8
0
 62
     0
100
AcDbLine
 10
175.861
 20
22.061
 30
0.0
 11
175.172
 21
18.4547
 31
0.0
  0
SPLINE
  5
29E
330
1F
100
AcDbEntity
  8
0
 62
     0
100
AcDbSpline
 70
     0
 71
     3
 72
     8
 73
     4
 74
     0
 42
0.000000001
 43
0.0000001
 40
0.0
 40
0.0
 40
0.0
 40
0.0
 40
1.0
 40
1.0
 40
1.0
 40
1.0
 10
175.172
 20
18.4547
 30
0.0
 10
175.093
 20
18.0233
 30
0.0
 10
175.072
 20
17.8497
 30
0.0
 10
175.072
 20
17.7023
 30
0.0
  0
SPLINE
  5
29F
330
1F
100
AcDbEntity
  8
0
 62
     0
100
AcDbSpline
 70
     0
 71
     3
 72
     8
 73
     4
 74
     0
 42
0.000000001
 43
0.0000001
 40
0.0
 40
0.0
 40
0.0
 40
0.0
 40
1.0
 40
1.0
 40
1.0
 40
1.0
 10
175.072
 20
17.7023
 30
0.0
 10
175.072
 20
17.22
 30
0.0
 10
175.282
 20
16.9733
 30
0.0
 10
175.772
 20
16.9733
 30
0.0
  0
SPLINE
  5
2A0
330
1F
100
AcDbEntity
  8
0
 62
     0
100
AcDbSpline
 70
     0
 71
     3
 72
     8
 73
     4
 74
     0
 42
0.000000001
 43
0.0000001
 40
0.0
 40
0.0
 40
0.0
 40
0.0
 40
1.0
 40
1.0
 40
1.0
 40
1.0
 10
175.772
 20
16.9733
 30
0.0
 10
176.039
 20
16.9733
 30
0.0
 10
176.283
 20
17.0229
 30
0.0
 10
176.461
 20
17.1593
 30
0.0
  0
SPLINE
  5
2A1
330
1F
100
AcDbEntity
  8
0
 62
     0
100
AcDbSpline
 70
     0
 71
     3
 72
     8
 73
     4
 74
     0
 42
0.000000001
 43
0.0000001
 40
0.0
 40
0.0
 40
0.0
 40
0.0
 40
1.0
 40
1.0
 40
1.0
 40
1.0
 10
176.461
 20
17.1593
 30
0.0
 10
176.827
 20
17.4308
 30
0.0
 10
176.983
 20
17.7877
 30
0.0
 10
177.194
 20
18.9122
 30
0.0
  0
LINE
  5
2A2
330
1F
100
AcDbEntity
  8
0
 62
     0
100
AcDbLine
 10
177.194
 20
18.9122
 30
0.0
 11
177.793
 21
22.061
 31
0.0
  0
LINE
  5
2A3
330
1F
100
AcDbEntity
  8
0
 62
     0
100
AcDbLine
 10
177.793
 20
22.061
 30
0.0
 11
179.483
 21
22.061
 31
0.0
  0
LINE
  5
2A4
330
1F
100
AcDbEntity
  8
0
 62
     0
100
AcDbLine
 10
179.483
 20
22.061
 30
0.0
 11
178.616
 21
17.479
 31
0.0
  0
SPLINE
  5
2A5
330
1F
100
AcDbEntity
  8
0
 62
     0
100
AcDbSpline
 70
     0
 71
     3
 72
     8
 73
     4
 74
     0
 42
0.000000001
 43
0.0000001
 40
0.0
 40
0.0
 40
0.0
 40
0.0
 40
1.0
 40
1.0
 40
1.0
 40
1.0
 10
178.616
 20
17.479
 30
0.0
 10
178.572
 20
17.1952
 30
0.0
 10
178.482
 20
16.7142
 30
0.0
 10
178.416
 20
16.3063
 30
0.0
  0
SPLINE
  5
2A6
330
1F
100
AcDbEntity
  8
0
 62
     0
100
AcDbSpline
 70
     0
 71
     3
 72
     8
 73
     4
 74
     0
 42
0.000000001
 43
0.0000001
 40
0.0
 40
0.0
 40
0.0
 40
0.0
 40
1.0
 40
1.0
 40
1.0
 40
1.0
 10
178.416
 20
16.3063
 30
0.0
 10
178.394
 20
16.1217
 30
0.0
 10
178.372
 20
15.9356
 30
0.0
 10
178.372
 20
15.8254
 30
0.0
  0
LINE
  5
2A7
330
1F
100
AcDbEntity
  8
0
 62
     0
100
AcDbLine
 10
178.372
 20
15.8254
 30
0.0
 11
176.772
 21
15.8254
 31
0.0
  0
LINE
  5
2A8
330
1F
100
AcDbEntity
  8
0
 62
     0
100
AcDbLine
 10
176.772
 20
15.8254
 30
0.0
 11
176.871
 21
16.6522
 31
0.0
  0
SPLINE
  5
2A9
330
1F
100
AcDbEntity
  8
0
 62
     0
100
AcDbSpline
 70
     0
 71
     3
 72
     8
 73
     4
 74
     0
 42
0.000000001
 43
0.0000001
 40
0.0
 40
0.0
 40
0.0
 40
0.0
 40
1.0
 40
1.0
 40
1.0
 40
1.0
 10
176.871
 20
16.6522
 30
0.0
 10
176.371
 20
15.9852
 30
0.0
 10
175.727
 20
15.6641
 30
0.0
 10
175.028
 20
15.6641
 30
0.0
  0
SPLINE
  5
2AA
330
1F
100
AcDbEntity
  8
0
 62
     0
100
AcDbSpline
 70
     0
 71
     3
 72
     8
 73
     4
 74
     0
 42
0.000000001
 43
0.0000001
 40
0.0
 40
0.0
 40
0.0
 40
0.0
 40
1.0
 40
1.0
 40
1.0
 40
1.0
 10
175.028
 20
15.6641
 30
0.0
 10
174.617
 20
15.6641
 30
0.0
 10
174.117
 20
15.7882
 30
0.0
 10
173.761
 20
16.1465
 30
0.0
  0
SPLINE
  5
2AB
330
1F
100
AcDbEntity
  8
0
 62
     0
100
AcDbSpline
 70
     0
 71
     3
 72
     8
 73
     4
 74
     0
 42
0.000000001
 43
0.0000001
 40
0.0
 40
0.0
 40
0.0
 40
0.0
 40
1.0
 40
1.0
 40
1.0
 40
1.0
 10
173.761
 20
16.1465
 30
0.0
 10
173.516
 20
16.3932
 30
0.0
 10
173.35
 20
16.7142
 30
0.0
 10
173.35
 20
17.2324
 30
0.0
  0
SPLINE
  5
2AC
330
1F
100
AcDbEntity
  8
0
 62
     0
100
AcDbSpline
 70
     0
 71
     3
 72
     8
 73
     4
 74
     0
 42
0.000000001
 43
0.0000001
 40
0.0
 40
0.0
 40
0.0
 40
0.0
 40
1.0
 40
1.0
 40
1.0
 40
1.0
 10
173.35
 20
17.2324
 30
0.0
 10
173.35
 20
17.6279
 30
0.0
 10
173.416
 20
17.9737
 30
0.0
 10
173.471
 20
18.2452
 30
0.0
  0
LINE
  5
2AD
330
1F
100
AcDbEntity
  8
0
 62
     0
100
AcDbLine
 10
173.471
 20
18.2452
 30
0.0
 11
174.194
 21
22.061
 31
0.0
  0
LINE
  5
2AE
330
1F
100
AcDbEntity
  8
0
 62
     0
100
AcDbLine
 10
184.295
 20
22.0982
 30
0.0
 11
183.983
 21
20.4556
 31
0.0
  0
SPLINE
  5
2AF
330
1F
100
AcDbEntity
  8
0
 62
     0
100
AcDbSpline
 70
     0
 71
     3
 72
     8
 73
     4
 74
     0
 42
0.000000001
 43
0.0000001
 40
0.0
 40
0.0
 40
0.0
 40
0.0
 40
1.0
 40
1.0
 40
1.0
 40
1.0
 10
183.983
 20
20.4556
 30
0.0
 10
183.817
 20
20.468
 30
0.0
 10
183.695
 20
20.468
 30
0.0
 10
183.595
 20
20.468
 30
0.0
  0
SPLINE
  5
2B0
330
1F
100
AcDbEntity
  8
0
 62
     0
100
AcDbSpline
 70
     0
 71
     3
 72
     8
 73
     4
 74
     0
 42
0.000000001
 43
0.0000001
 40
0.0
 40
0.0
 40
0.0
 40
0.0
 40
1.0
 40
1.0
 40
1.0
 40
1.0
 10
183.595
 20
20.468
 30
0.0
 10
183.228
 20
20.468
 30
0.0
 10
182.928
 20
20.406
 30
0.0
 10
182.684
 20
20.2709
 30
0.0
  0
SPLINE
  5
2B1
330
1F
100
AcDbEntity
  8
0
 62
     0
100
AcDbSpline
 70
     0
 71
     3
 72
     8
 73
     4
 74
     0
 42
0.000000001
 43
0.0000001
 40
0.0
 40
0.0
 40
0.0
 40
0.0
 40
1.0
 40
1.0
 40
1.0
 40
1.0
 10
182.684
 20
20.2709
 30
0.0
 10
182.295
 20
20.0477
 30
0.0
 10
182.061
 20
19.6536
 30
0.0
 10
181.938
 20
18.9742
 30
0.0
  0
LINE
  5
2B2
330
1F
100
AcDbEntity
  8
0
 62
     0
100
AcDbLine
 10
181.938
 20
18.9742
 30
0.0
 11
181.328
 21
15.8254
 31
0.0
  0
LINE
  5
2B3
330
1F
100
AcDbEntity
  8
0
 62
     0
100
AcDbLine
 10
181.328
 20
15.8254
 30
0.0
 11
179.684
 21
15.8254
 31
0.0
  0
LINE
  5
2B4
330
1F
100
AcDbEntity
  8
0
 62
     0
100
AcDbLine
 10
179.684
 20
15.8254
 30
0.0
 11
180.584
 21
20.5052
 31
0.0
  0
SPLINE
  5
2B5
330
1F
100
AcDbEntity
  8
0
 62
     0
100
AcDbSpline
 70
     0
 71
     3
 72
     8
 73
     4
 74
     0
 42
0.000000001
 43
0.0000001
 40
0.0
 40
0.0
 40
0.0
 40
0.0
 40
1.0
 40
1.0
 40
1.0
 40
1.0
 10
180.584
 20
20.5052
 30
0.0
 10
180.606
 20
20.6899
 30
0.0
 10
180.661
 20
20.9737
 30
0.0
 10
180.717
 20
21.3568
 30
0.0
  0
SPLINE
  5
2B6
330
1F
100
AcDbEntity
  8
0
 62
     0
100
AcDbSpline
 70
     0
 71
     3
 72
     8
 73
     4
 74
     0
 42
0.000000001
 43
0.0000001
 40
0.0
 40
0.0
 40
0.0
 40
0.0
 40
1.0
 40
1.0
 40
1.0
 40
1.0
 10
180.717
 20
21.3568
 30
0.0
 10
180.773
 20
21.7399
 30
0.0
 10
180.806
 20
21.9866
 30
0.0
 10
180.806
 20
22.0858
 30
0.0
  0
LINE
  5
2B7
330
1F
100
AcDbEntity
  8
0
 62
     0
100
AcDbLine
 10
180.806
 20
22.0858
 30
0.0
 11
182.35
 21
22.0858
 31
0.0
  0
LINE
  5
2B8
330
1F
100
AcDbEntity
  8
0
 62
     0
100
AcDbLine
 10
182.35
 20
22.0858
 30
0.0
 11
182.15
 21
20.8883
 31
0.0
  0
SPLINE
  5
2B9
330
1F
100
AcDbEntity
  8
0
 62
     0
100
AcDbSpline
 70
     0
 71
     3
 72
     8
 73
     4
 74
     0
 42
0.000000001
 43
0.0000001
 40
0.0
 40
0.0
 40
0.0
 40
0.0
 40
1.0
 40
1.0
 40
1.0
 40
1.0
 10
182.15
 20
20.8883
 30
0.0
 10
182.75
 20
21.9866
 30
0.0
 10
183.595
 20
22.0982
 30
0.0
 10
184.084
 20
22.0982
 30
0.0
  0
SPLINE
  5
2BA
330
1F
100
AcDbEntity
  8
0
 62
     0
100
AcDbSpline
 70
     0
 71
     3
 72
     8
 73
     4
 74
     0
 42
0.000000001
 43
0.0000001
 40
0.0
 40
0.0
 40
0.0
 40
0.0
 40
1.0
 40
1.0
 40
1.0
 40
1.0
 10
187.639
 20
19.6288
 30
0.0
 10
187.672
 20
19.863
 30
0.0
 10
187.694
 20
19.9871
 30
0.0
 10
187.694
 20
20.1345
 30
0.0
  0
SPLINE
  5
2BB
330
1F
100
AcDbEntity
  8
0
 62
     0
100
AcDbSpline
 70
     0
 71
     3
 72
     8
 73
     4
 74
     0
 42
0.000000001
 43
0.0000001
 40
0.0
 40
0.0
 40
0.0
 40
0.0
 40
1.0
 40
1.0
 40
1.0
 40
1.0
 10
187.694
 20
20.1345
 30
0.0
 10
187.694
 20
20.6775
 30
0.0
 10
187.45
 20
21.0234
 30
0.0
 10
186.928
 20
21.0234
 30
0.0
  0
SPLINE
  5
2BC
330
1F
100
AcDbEntity
  8
0
 62
     0
100
AcDbSpline
 70
     0
 71
     3
 72
     8
 73
     4
 74
     0
 42
0.000000001
 43
0.0000001
 40
0.0
 40
0.0
 40
0.0
 40
0.0
 40
1.0
 40
1.0
 40
1.0
 40
1.0
 10
186.928
 20
21.0234
 30
0.0
 10
186.318
 20
21.0234
 30
0.0
 10
185.829
 20
20.5176
 30
0.0
 10
185.607
 20
19.6288
 30
0.0
  0
LINE
  5
2BD
330
1F
100
AcDbEntity
  8
0
 62
     0
100
AcDbLine
 10
185.607
 20
19.6288
 30
0.0
 11
187.639
 21
19.6288
 31
0.0
  0
SPLINE
  5
2BE
330
1F
100
AcDbEntity
  8
0
 62
     0
100
AcDbSpline
 70
     0
 71
     3
 72
     8
 73
     4
 74
     0
 42
0.000000001
 43
0.0000001
 40
0.0
 40
0.0
 40
0.0
 40
0.0
 40
1.0
 40
1.0
 40
1.0
 40
1.0
 10
189.307
 20
19.9374
 30
0.0
 10
189.307
 20
19.48
 30
0.0
 10
189.239
 20
19.0114
 30
0.0
 10
189.105
 20
18.4795
 30
0.0
  0
LINE
  5
2BF
330
1F
100
AcDbEntity
  8
0
 62
     0
100
AcDbLine
 10
189.105
 20
18.4795
 30
0.0
 11
185.339
 21
18.4795
 31
0.0
  0
SPLINE
  5
2C0
330
1F
100
AcDbEntity
  8
0
 62
     0
100
AcDbSpline
 70
     0
 71
     3
 72
     8
 73
     4
 74
     0
 42
0.000000001
 43
0.0000001
 40
0.0
 40
0.0
 40
0.0
 40
0.0
 40
1.0
 40
1.0
 40
1.0
 40
1.0
 10
185.339
 20
18.4795
 30
0.0
 10
185.295
 20
18.2576
 30
0.0
 10
185.262
 20
18.0482
 30
0.0
 10
185.262
 20
17.8745
 30
0.0
  0
SPLINE
  5
2C1
330
1F
100
AcDbEntity
  8
0
 62
     0
100
AcDbSpline
 70
     0
 71
     3
 72
     8
 73
     4
 74
     0
 42
0.000000001
 43
0.0000001
 40
0.0
 40
0.0
 40
0.0
 40
0.0
 40
1.0
 40
1.0
 40
1.0
 40
1.0
 10
185.262
 20
17.8745
 30
0.0
 10
185.262
 20
17.1097
 30
0.0
 10
185.596
 20
16.8135
 30
0.0
 10
186.162
 20
16.8135
 30
0.0
  0
SPLINE
  5
2C2
330
1F
100
AcDbEntity
  8
0
 62
     0
100
AcDbSpline
 70
     0
 71
     3
 72
     8
 73
     4
 74
     0
 42
0.000000001
 43
0.0000001
 40
0.0
 40
0.0
 40
0.0
 40
0.0
 40
1.0
 40
1.0
 40
1.0
 40
1.0
 10
186.162
 20
16.8135
 30
0.0
 10
186.684
 20
16.8135
 30
0.0
 10
187.062
 20
17.0973
 30
0.0
 10
187.306
 20
17.6775
 30
0.0
  0
LINE
  5
2C3
330
1F
100
AcDbEntity
  8
0
 62
     0
100
AcDbLine
 10
187.306
 20
17.6775
 30
0.0
 11
188.806
 21
17.6775
 31
0.0
  0
SPLINE
  5
2C4
330
1F
100
AcDbEntity
  8
0
 62
     0
100
AcDbSpline
 70
     0
 71
     3
 72
     8
 73
     4
 74
     0
 42
0.000000001
 43
0.0000001
 40
0.0
 40
0.0
 40
0.0
 40
0.0
 40
1.0
 40
1.0
 40
1.0
 40
1.0
 10
188.806
 20
17.6775
 30
0.0
 10
188.462
 20
16.3435
 30
0.0
 10
187.395
 20
15.5911
 30
0.0
 10
185.906
 20
15.5911
 30
0.0
  0
SPLINE
  5
2C5
330
1F
100
AcDbEntity
  8
0
 62
     0
100
AcDbSpline
 70
     0
 71
     3
 72
     8
 73
     4
 74
     0
 42
0.000000001
 43
0.0000001
 40
0.0
 40
0.0
 40
0.0
 40
0.0
 40
1.0
 40
1.0
 40
1.0
 40
1.0
 10
185.906
 20
15.5911
 30
0.0
 10
185.473
 20
15.5911
 30
0.0
 10
185.095
 20
15.6641
 30
0.0
 10
184.773
 20
15.8006
 30
0.0
  0
SPLINE
  5
2C6
330
1F
100
AcDbEntity
  8
0
 62
     0
100
AcDbSpline
 70
     0
 71
     3
 72
     8
 73
     4
 74
     0
 42
0.000000001
 43
0.0000001
 40
0.0
 40
0.0
 40
0.0
 40
0.0
 40
1.0
 40
1.0
 40
1.0
 40
1.0
 10
184.773
 20
15.8006
 30
0.0
 10
184.106
 20
16.0845
 30
0.0
 10
183.706
 20
16.7266
 30
0.0
 10
183.706
 20
17.7877
 30
0.0
  0
SPLINE
  5
2C7
330
1F
100
AcDbEntity
  8
0
 62
     0
100
AcDbSpline
 70
     0
 71
     3
 72
     8
 73
     4
 74
     0
 42
0.000000001
 43
0.0000001
 40
0.0
 40
0.0
 40
0.0
 40
0.0
 40
1.0
 40
1.0
 40
1.0
 40
1.0
 10
183.706
 20
17.7877
 30
0.0
 10
183.706
 20
18.4299
 30
0.0
 10
183.851
 20
19.2085
 30
0.0
 10
184.151
 20
19.9622
 30
0.0
  0
SPLINE
  5
2C8
330
1F
100
AcDbEntity
  8
0
 62
     0
100
AcDbSpline
 70
     0
 71
     3
 72
     8
 73
     4
 74
     0
 42
0.000000001
 43
0.0000001
 40
0.0
 40
0.0
 40
0.0
 40
0.0
 40
1.0
 40
1.0
 40
1.0
 40
1.0
 10
184.151
 20
19.9622
 30
0.0
 10
184.751
 20
21.4685
 30
0.0
 10
185.995
 20
22.2705
 30
0.0
 10
187.229
 20
22.2705
 30
0.0
  0
SPLINE
  5
2C9
330
1F
100
AcDbEntity
  8
0
 62
     0
100
AcDbSpline
 70
     0
 71
     3
 72
     8
 73
     4
 74
     0
 42
0.000000001
 43
0.0000001
 40
0.0
 40
0.0
 40
0.0
 40
0.0
 40
1.0
 40
1.0
 40
1.0
 40
1.0
 10
187.229
 20
22.2705
 30
0.0
 10
188.539
 20
22.2705
 30
0.0
 10
189.307
 20
21.394
 30
0.0
 10
189.307
 20
19.9374
 30
0.0
  0
ENDSEC
  0
SECTION
  2
OBJECTS
  0
DICTIONARY
  5
C
330
0
100
AcDbDictionary
281
     1
  3
ACAD_DETAILVIEWSTYLE
350
354
  3
ACAD_GROUP
350
D
  3
ACAD_LAYOUT
350
1A
  3
ACAD_MATERIAL
350
307
  3
ACAD_MLEADERSTYLE
350
30D
  3
ACAD_MLINESTYLE
350
17
  3
ACAD_PLOTSETTINGS
350
19
  3
ACAD_PLOTSTYLENAME
350
E
  3
ACAD_SCALELIST
350
2CA
  3
ACAD_SECTIONVIEWSTYLE
350
355
  3
ACAD_TABLESTYLE
350
30B
  3
ACAD_VISUALSTYLE
350
2EE
  3
ACDB_RECOMPOSE_DATA
350
350
  3
AcDbVariableDictionary
350
311
  0
DICTIONARY
  5
30F
330
8
100
AcDbDictionary
280
     1
281
     1
  3
ACAD_XREC_ROUNDTRIP
360
310
  0
DICTIONARY
  5
52
330
1F
100
AcDbDictionary
280
     1
281
     1
  3
ACAD_LAYOUTSELFREF
360
53
  0
DICTIONARY
  5
50
330
1B
100
AcDbDictionary
280
     1
281
     1
  3
ACAD_LAYOUTSELFREF
360
51
  0
DICTIONARY
  5
354
102
{ACAD_REACTORS
330
C
102
}
330
C
100
AcDbDictionary
281
     1
  0
DICTIONARY
  5
D
102
{ACAD_REACTORS
330
C
102
}
330
C
100
AcDbDictionary
281
     1
  0
DICTIONARY
  5
1A
102
{ACAD_REACTORS
330
C
102
}
330
C
100
AcDbDictionary
281
     1
  3
Layout1
350
2ED
  3
Model
350
2EC
  0
DICTIONARY
  5
307
102
{ACAD_REACTORS
330
C
102
}
330
C
100
AcDbDictionary
281
     1
  3
ByBlock
350
309
  3
ByLayer
350
308
  3
Global
350
30A
  0
DICTIONARY
  5
30D
102
{ACAD_REACTORS
330
C
102
}
330
C
100
AcDbDictionary
281
     1
  3
Standard
350
30E
  0
DICTIONARY
  5
17
102
{ACAD_REACTORS
330
C
102
}
330
C
100
AcDbDictionary
281
     1
  3
STANDARD
350
18
  0
DICTIONARY
  5
19
102
{ACAD_REACTORS
330
C
102
}
330
C
100
AcDbDictionary
281
     1
  0
ACDBDICTIONARYWDFLT
  5
E
102
{ACAD_REACTORS
330
C
102
}
330
C
100
AcDbDictionary
281
     1
  3
Normal
350
F
100
AcDbDictionaryWithDefault
340
F
  0
DICTIONARY
  5
2CA
102
{ACAD_REACTORS
330
C
102
}
330
C
100
AcDbDictionary
281
     1
  3
A0
350
2CB
  3
A1
350
2CC
  3
A2
350
2CD
  3
A3
350
2CE
  3
A4
350
2CF
  3
A5
350
2D0
  3
A6
350
2D1
  3
A7
350
2D2
  3
A8
350
2D3
  3
A9
350
2D4
  3
B0
350
2D5
  3
B1
350
2D6
  3
B2
350
2D7
  3
B3
350
2D8
  3
B4
350
2D9
  3
B5
350
2DA
  3
B6
350
2DB
  3
B7
350
2DC
  3
B8
350
2DD
  3
B9
350
2DE
  3
C0
350
2DF
  3
C1
350
2E0
  3
C2
350
2E1
  3
C3
350
2E2
  3
C4
350
2E3
  3
C5
350
2E4
  3
C6
350
2E5
  3
C7
350
2E6
  3
C8
350
2E7
  3
C9
350
2E8
  3
D0
350
2E9
  3
D1
350
2EA
  3
D2
350
2EB
  0
DICTIONARY
  5
355
102
{ACAD_REACTORS
330
C
102
}
330
C
100
AcDbDictionary
281
     1
  0
DICTIONARY
  5
30B
102
{ACAD_REACTORS
330
C
102
}
330
C
100
AcDbDictionary
281
     1
  3
Standard
350
30C
  0
DICTIONARY
  5
2EE
102
{ACAD_REACTORS
330
C
102
}
330
C
100
AcDbDictionary
281
     1
  3
2dWireframe
350
2F3
  3
Basic
350
2F6
  3
Brighten
350
2FA
  3
ColorChange
350
2FE
  3
Conceptual
350
2F8
  3
Dim
350
2F9
  3
EdgeColorOff
350
301
  3
Facepattern
350
2FD
  3
Flat
350
2EF
  3
FlatWithEdges
350
2F0
  3
Gouraud
350
2F1
  3
GouraudWithEdges
350
2F2
  3
Hidden
350
2F5
  3
JitterOff
350
2FF
  3
Linepattern
350
2FC
  3
OverhangOff
350
300
  3
Realistic
350
2F7
  3
Shaded
350
306
  3
Shaded with edges
350
305
  3
Shades of Gray
350
302
  3
Sketchy
350
303
  3
Thicken
350
2FB
  3
Wireframe
350
2F4
  3
X-Ray
350
304
  0
XRECORD
  5
350
102
{ACAD_REACTORS
330
C
102
}
330
C
100
AcDbXrecord
280
     1
 90
        1
330
30C
  0
DICTIONARY
  5
311
102
{ACAD_REACTORS
330
C
102
}
330
C
100
AcDbDictionary
281
     1
  3
CANNOSCALE
350
312
  3
CMLEADERSTYLE
350
352
  3
CTABLESTYLE
350
351
  3
MSLTSCALE
350
353
  3
XCLIPFRAME
350
313
  0
XRECORD
  5
310
102
{ACAD_REACTORS
330
30F
102
}
330
30F
100
AcDbXrecord
280
     1
102
VTR_0.000_0.000_1.000_1.000_VISUALSTYLE
340
2F3
102
VTR_0.000_0.000_1.000_1.000_GRIDDISPLAY
 70
     3
102
VTR_0.000_0.000_1.000_1.000_GRIDMAJOR
 70
     5
102
VTR_0.000_0.000_1.000_1.000_DEFAULTLIGHTING
280
     1
102
VTR_0.000_0.000_1.000_1.000_DEFAULTLIGHTINGTYPE
 70
     1
102
VTR_0.000_0.000_1.000_1.000_BRIGHTNESS
141
0.0
102
VTR_0.000_0.000_1.000_1.000_CONTRAST
142
0.0
  0
XRECORD
  5
53
102
{ACAD_REACTORS
330
52
102
}
330
52
100
AcDbXrecord
280
     1
340
1F
  0
XRECORD
  5
51
102
{ACAD_REACTORS
330
50
102
}
330
50
100
AcDbXrecord
280
     1
340
1B
  0
LAYOUT
  5
2ED
102
{ACAD_REACTORS
330
1A
102
}
330
1A
100
AcDbPlotSettings
  1

  2
none_device
  4

  6

 40
0.0
 41
0.0
 42
0.0
 43
0.0
 44
0.0
 45
0.0
 46
0.0
 47
0.0
 48
0.0
 49
0.0
140
0.0
141
0.0
142
1.0
143
1.0
 70
   688
 72
     1
 73
     0
 74
     5
  7

 75
    16
 76
     0
 77
     2
 78
   300
147
1.0
148
0.0
149
0.0
100
AcDbLayout
  1
Layout1
 70
     1
 71
     1
 10
0.0
 20
0.0
 11
12.0
 21
9.0
 12
0.0
 22
0.0
 32
0.0
 14
1.000000000000000E+20
 24
1.000000000000000E+20
 34
1.000000000000000E+20
 15
-1.000000000000000E+20
 25
-1.000000000000000E+20
 35
-1.000000000000000E+20
146
0.0
 13
0.0
 23
0.0
 33
0.0
 16
1.0
 26
0.0
 36
0.0
 17
0.0
 27
1.0
 37
0.0
 76
     0
330
1B
  0
LAYOUT
  5
2EC
102
{ACAD_REACTORS
330
1A
102
}
330
1A
100
AcDbPlotSettings
  1

  2
none_device
  4
Letter_(8.50_x_11.00_Inches)
  6

 40
6.35
 41
6.35
 42
6.35000508
 43
6.35000508
 44
215.9
 45
279.4
 46
0.0
 47
0.0
 48
0.0
 49
0.0
140
0.0
141
0.0
142
1.0
143
2.080781980180664
 70
  1712
 72
     1
 73
     0
 74
     0
  7

 75
     0
 76
     0
 77
     2
 78
   300
147
0.4805885525369529
148
1.407443901169358
149
21.99750229613332
100
AcDbLayout
  1
Model
 70
     1
 71
     0
 10
0.0
 20
0.0
 11
12.0
 21
9.0
 12
0.0
 22
0.0
 32
0.0
 14
70.16401489310567
 24
112.369642808922
 34
0.0
 15
277.0834797641999
 25
227.1366601424358
 35
0.0
146
0.0
 13
0.0
 23
0.0
 33
0.0
 16
1.0
 26
0.0
 36
0.0
 17
0.0
 27
1.0
 37
0.0
 76
     0
330
1F
331
2E
  0
MATERIAL
  5
309
102
{ACAD_REACTORS
330
307
102
}
102
{ACAD_XDICTIONARY
360
346
102
}
330
307
100
AcDbMaterial
  1
ByBlock
  0
MATERIAL
  5
308
102
{ACAD_REACTORS
330
307
102
}
102
{ACAD_XDICTIONARY
360
344
102
}
330
307
100
AcDbMaterial
  1
ByLayer
  0
MATERIAL
  5
30A
102
{ACAD_REACTORS
330
307
102
}
102
{ACAD_XDICTIONARY
360
348
102
}
330
307
100
AcDbMaterial
  1
Global
  0
MLEADERSTYLE
  5
30E
102
{ACAD_REACTORS
330
30D
102
}
102
{ACAD_XDICTIONARY
360
34E
102
}
330
30D
100
AcDbMLeaderStyle
170
     2
171
     1
172
     0
 90
        2
 40
0.0
 41
0.0
173
     1
 91
-1056964608
340
14
 92
       -2
290
     1
 42
2.0
291
     1
 43
8.0
  3
Standard
341
0
 44
4.0
300

342
11
174
     1
178
     6
175
     1
176
     0
 93
-1056964608
 45
4.0
292
     0
297
     0
 46
4.0
343
0
 94
-1056964608
 47
1.0
 49
1.0
140
1.0
293
     1
141
0.0
294
     1
177
     0
142
1.0
295
     0
296
     0
143
3.75
1001
ACAD_MLEADERVER
1070
     2
  0
MLINESTYLE
  5
18
102
{ACAD_REACTORS
330
17
102
}
330
17
100
AcDbMlineStyle
  2
STANDARD
 70
     0
  3

 62
   256
 51
90.0
 52
90.0
 71
     2
 49
0.5
 62
   256
  6
BYLAYER
 49
-0.5
 62
   256
  6
BYLAYER
  0
ACDBPLACEHOLDER
  5
F
102
{ACAD_REACTORS
330
E
102
}
330
E
  0
SCALE
  5
2CB
102
{ACAD_REACTORS
330
2CA
102
}
330
2CA
100
AcDbScale
 70
     0
300
1:1
140
1.0
141
1.0
290
     1
  0
SCALE
  5
2CC
102
{ACAD_REACTORS
330
2CA
102
}
330
2CA
100
AcDbScale
 70
     0
300
1:2
140
1.0
141
2.0
290
     0
  0
SCALE
  5
2CD
102
{ACAD_REACTORS
330
2CA
102
}
330
2CA
100
AcDbScale
 70
     0
300
1:4
140
1.0
141
4.0
290
     0
  0
SCALE
  5
2CE
102
{ACAD_REACTORS
330
2CA
102
}
330
2CA
100
AcDbScale
 70
     0
300
1:5
140
1.0
141
5.0
290
     0
  0
SCALE
  5
2CF
102
{ACAD_REACTORS
330
2CA
102
}
330
2CA
100
AcDbScale
 70
     0
300
1:8
140
1.0
141
8.0
290
     0
  0
SCALE
  5
2D0
102
{ACAD_REACTORS
330
2CA
102
}
330
2CA
100
AcDbScale
 70
     0
300
1:10
140
1.0
141
10.0
290
     0
  0
SCALE
  5
2D1
102
{ACAD_REACTORS
330
2CA
102
}
330
2CA
100
AcDbScale
 70
     0
300
1:16
140
1.0
141
16.0
290
     0
  0
SCALE
  5
2D2
102
{ACAD_REACTORS
330
2CA
102
}
330
2CA
100
AcDbScale
 70
     0
300
1:20
140
1.0
141
20.0
290
     0
  0
SCALE
  5
2D3
102
{ACAD_REACTORS
330
2CA
102
}
330
2CA
100
AcDbScale
 70
     0
300
1:30
140
1.0
141
30.0
290
     0
  0
SCALE
  5
2D4
102
{ACAD_REACTORS
330
2CA
102
}
330
2CA
100
AcDbScale
 70
     0
300
1:40
140
1.0
141
40.0
290
     0
  0
SCALE
  5
2D5
102
{ACAD_REACTORS
330
2CA
102
}
330
2CA
100
AcDbScale
 70
     0
300
1:50
140
1.0
141
50.0
290
     0
  0
SCALE
  5
2D6
102
{ACAD_REACTORS
330
2CA
102
}
330
2CA
100
AcDbScale
 70
     0
300
1:100
140
1.0
141
100.0
290
     0
  0
SCALE
  5
2D7
102
{ACAD_REACTORS
330
2CA
102
}
330
2CA
100
AcDbScale
 70
     0
300
2:1
140
2.0
141
1.0
290
     0
  0
SCALE
  5
2D8
102
{ACAD_REACTORS
330
2CA
102
}
330
2CA
100
AcDbScale
 70
     0
300
4:1
140
4.0
141
1.0
290
     0
  0
SCALE
  5
2D9
102
{ACAD_REACTORS
330
2CA
102
}
330
2CA
100
AcDbScale
 70
     0
300
8:1
140
8.0
141
1.0
290
     0
  0
SCALE
  5
2DA
102
{ACAD_REACTORS
330
2CA
102
}
330
2CA
100
AcDbScale
 70
     0
300
10:1
140
10.0
141
1.0
290
     0
  0
SCALE
  5
2DB
102
{ACAD_REACTORS
330
2CA
102
}
330
2CA
100
AcDbScale
 70
     0
300
100:1
140
100.0
141
1.0
290
     0
  0
SCALE
  5
2DC
102
{ACAD_REACTORS
330
2CA
102
}
330
2CA
100
AcDbScale
 70
     0
300
1/128" = 1'-0"
140
0.0078125
141
12.0
290
     0
  0
SCALE
  5
2DD
102
{ACAD_REACTORS
330
2CA
102
}
330
2CA
100
AcDbScale
 70
     0
300
1/64" = 1'-0"
140
0.015625
141
12.0
290
     0
  0
SCALE
  5
2DE
102
{ACAD_REACTORS
330
2CA
102
}
330
2CA
100
AcDbScale
 70
     0
300
1/32" = 1'-0"
140
0.03125
141
12.0
290
     0
  0
SCALE
  5
2DF
102
{ACAD_REACTORS
330
2CA
102
}
330
2CA
100
AcDbScale
 70
     0
300
1/16" = 1'-0"
140
0.0625
141
12.0
290
     0
  0
SCALE
  5
2E0
102
{ACAD_REACTORS
330
2CA
102
}
330
2CA
100
AcDbScale
 70
     0
300
3/32" = 1'-0"
140
0.09375
141
12.0
290
     0
  0
SCALE
  5
2E1
102
{ACAD_REACTORS
330
2CA
102
}
330
2CA
100
AcDbScale
 70
     0
300
1/8" = 1'-0"
140
0.125
141
12.0
290
     0
  0
SCALE
  5
2E2
102
{ACAD_REACTORS
330
2CA
102
}
330
2CA
100
AcDbScale
 70
     0
300
3/16" = 1'-0"
140
0.1875
141
12.0
290
     0
  0
SCALE
  5
2E3
102
{ACAD_REACTORS
330
2CA
102
}
330
2CA
100
AcDbScale
 70
     0
300
1/4" = 1'-0"
140
0.25
141
12.0
290
     0
  0
SCALE
  5
2E4
102
{ACAD_REACTORS
330
2CA
102
}
330
2CA
100
AcDbScale
 70
     0
300
3/8" = 1'-0"
140
0.375
141
12.0
290
     0
  0
SCALE
  5
2E5
102
{ACAD_REACTORS
330
2CA
102
}
330
2CA
100
AcDbScale
 70
     0
300
1/2" = 1'-0"
140
0.5
141
12.0
290
     0
  0
SCALE
  5
2E6
102
{ACAD_REACTORS
330
2CA
102
}
330
2CA
100
AcDbScale
 70
     0
300
3/4" = 1'-0"
140
0.75
141
12.0
290
     0
  0
SCALE
  5
2E7
102
{ACAD_REACTORS
330
2CA
102
}
330
2CA
100
AcDbScale
 70
     0
300
1" = 1'-0"
140
1.0
141
12.0
290
     0
  0
SCALE
  5
2E8
102
{ACAD_REACTORS
330
2CA
102
}
330
2CA
100
AcDbScale
 70
     0
300
1-1/2" = 1'-0"
140
1.5
141
12.0
290
     0
  0
SCALE
  5
2E9
102
{ACAD_REACTORS
330
2CA
102
}
330
2CA
100
AcDbScale
 70
     0
300
3" = 1'-0"
140
3.0
141
12.0
290
     0
  0
SCALE
  5
2EA
102
{ACAD_REACTORS
330
2CA
102
}
330
2CA
100
AcDbScale
 70
     0
300
6" = 1'-0"
140
6.0
141
12.0
290
     0
  0
SCALE
  5
2EB
102
{ACAD_REACTORS
330
2CA
102
}
330
2CA
100
AcDbScale
 70
     0
300
1'-0" = 1'-0"
140
12.0
141
12.0
290
     0
  0
TABLESTYLE
  5
30C
102
{ACAD_REACTORS
330
30B
102
}
102
{ACAD_XDICTIONARY
360
34A
102
}
330
30B
100
AcDbTableStyle
  3
Standard
 70
     0
 71
     0
 40
0.06
 41
0.06
280
     0
281
     0
  7
STANDARD
140
4.5
170
     2
 62
     0
 63
   257
283
     0
274
    -2
284
     1
 64
     0
275
    -2
285
     1
 65
     0
276
    -2
286
     1
 66
     0
277
    -2
287
     1
 67
     0
278
    -2
288
     1
 68
     0
279
    -2
289
     1
 69
     0
  7
STANDARD
140
6.0
170
     5
 62
     0
 63
   257
283
     0
274
    -2
284
     1
 64
     0
275
    -2
285
     1
 65
     0
276
    -2
286
     1
 66
     0
277
    -2
287
     1
 67
     0
278
    -2
288
     1
 68
     0
279
    -2
289
     1
 69
     0
  7
STANDARD
140
4.5
170
     5
 62
     0
 63
   257
283
     0
274
    -2
284
     1
 64
     0
275
    -2
285
     1
 65
     0
276
    -2
286
     1
 66
     0
277
    -2
287
     1
 67
     0
278
    -2
288
     1
 68
     0
279
    -2
289
     1
 69
     0
  0
VISUALSTYLE
  5
2F3
102
{ACAD_REACTORS
330
2EE
102
}
102
{ACAD_XDICTIONARY
360
31C
102
}
330
2EE
100
AcDbVisualStyle
  2
2dWireframe
 70
     4
 71
     0
 72
     2
 73
     0
 90
        0
 40
0.6
 41
30.0
 62
     5
 63
     7
421
 16777215
 74
     1
 91
        4
 64
     7
 65
   257
 75
     1
175
     1
 42
1.0
 92
        0
 66
   257
 43
1.0
 76
     1
 77
     6
 78
     2
 67
     7
 79
     5
170
     0
171
     0
290
     0
174
     0
 93
        1
 44
0.0
173
     0
291
     0
 45
0.0
1001
ACAD
1000
AcDbSavedByObjectVersion
1070
     0
  0
VISUALSTYLE
  5
2F6
102
{ACAD_REACTORS
330
2EE
102
}
102
{ACAD_XDICTIONARY
360
322
102
}
330
2EE
100
AcDbVisualStyle
  2
Basic
 70
     7
 71
     1
 72
     0
 73
     1
 90
        0
 40
0.6
 41
30.0
 62
     5
 63
     7
421
 16777215
 74
     0
 91
        4
 64
     7
 65
   257
 75
     1
175
     1
 42
1.0
 92
        8
 66
     7
 43
1.0
 76
     1
 77
     6
 78
     2
 67
     7
 79
     5
170
     0
171
     0
290
     0
174
     0
 93
        1
 44
0.0
173
     0
291
     1
 45
0.0
1001
ACAD
1000
AcDbSavedByObjectVersion
1070
     0
  0
VISUALSTYLE
  5
2FA
102
{ACAD_REACTORS
330
2EE
102
}
102
{ACAD_XDICTIONARY
360
32A
102
}
330
2EE
100
AcDbVisualStyle
  2
Brighten
 70
    12
 71
     2
 72
     2
 73
     0
 90
        0
 40
0.6
 41
30.0
 62
     5
 63
     7
421
 16777215
 74
     1
 91
        4
 64
     7
 65
   257
 75
     1
175
     1
 42
1.0
 92
        8
 66
     7
 43
1.0
 76
     1
 77
     6
 78
     2
 67
     7
 79
     5
170
     0
171
     0
290
     0
174
     0
 93
        1
 44
50.0
173
     0
291
     1
 45
0.0
1001
ACAD
1000
AcDbSavedByObjectVersion
1070
     0
  0
VISUALSTYLE
  5
2FE
102
{ACAD_REACTORS
330
2EE
102
}
102
{ACAD_XDICTIONARY
360
332
102
}
330
2EE
100
AcDbVisualStyle
  2
ColorChange
 70
    16
 71
     2
 72
     2
 73
     3
 90
        0
 40
0.6
 41
30.0
 62
     5
 63
     8
421
  8421504
 74
     1
 91
        4
 64
     7
 65
   257
 75
     1
175
     1
 42
1.0
 92
        8
 66
     8
424
  8421504
 43
1.0
 76
     1
 77
     6
 78
     2
 67
     7
 79
     5
170
     0
171
     0
290
     0
174
     0
 93
        1
 44
0.0
173
     0
291
     1
 45
0.0
1001
ACAD
1000
AcDbSavedByObjectVersion
1070
     0
  0
VISUALSTYLE
  5
2F8
102
{ACAD_REACTORS
330
2EE
102
}
102
{ACAD_XDICTIONARY
360
326
102
}
330
2EE
100
AcDbVisualStyle
  2
Conceptual
 70
     9
 71
     3
 72
     2
 73
     0
 90
        0
 40
0.6
 41
30.0
 62
     5
 63
     7
421
 16777215
 74
     2
 91
        2
 64
     7
 65
   257
 75
     1
175
     1
 42
179.0
 92
        8
 66
     7
 43
1.0
 76
     1
 77
     6
 78
     2
 67
     7
 79
     3
170
     0
171
     0
290
     0
174
     0
 93
        1
 44
0.0
173
     0
291
     0
 45
0.0
1001
ACAD
1000
AcDbSavedByObjectVersion
1070
     0
  0
VISUALSTYLE
  5
2F9
102
{ACAD_REACTORS
330
2EE
102
}
102
{ACAD_XDICTIONARY
360
328
102
}
330
2EE
100
AcDbVisualStyle
  2
Dim
 70
    11
 71
     2
 72
     2
 73
     0
 90
        0
 40
0.6
 41
30.0
 62
     5
 63
     7
421
 16777215
 74
     1
 91
        4
 64
     7
 65
   257
 75
     1
175
     1
 42
1.0
 92
        8
 66
     7
 43
1.0
 76
     1
 77
     6
 78
     2
 67
     7
 79
     5
170
     0
171
     0
290
     0
174
     0
 93
        1
 44
-50.0
173
     0
291
     1
 45
0.0
1001
ACAD
1000
AcDbSavedByObjectVersion
1070
     0
  0
VISUALSTYLE
  5
301
102
{ACAD_REACTORS
330
2EE
102
}
102
{ACAD_XDICTIONARY
360
338
102
}
330
2EE
100
AcDbVisualStyle
  2
EdgeColorOff
 70
    22
 71
     2
 72
     2
 73
     0
 90
        0
 40
0.6
 41
30.0
 62
     5
 63
     7
421
 16777215
 74
     1
 91
        4
 64
     7
 65
   257
 75
     1
175
     1
 42
1.0
 92
        8
 66
     7
 43
1.0
 76
     1
 77
     6
 78
     2
 67
     7
 79
     5
170
     0
171
     0
290
     0
174
     0
 93
        1
 44
0.0
173
     0
291
     1
 45
0.0
1001
ACAD
1000
AcDbSavedByObjectVersion
1070
     0
  0
VISUALSTYLE
  5
2FD
102
{ACAD_REACTORS
330
2EE
102
}
102
{ACAD_XDICTIONARY
360
330
102
}
330
2EE
100
AcDbVisualStyle
  2
Facepattern
 70
    15
 71
     2
 72
     2
 73
     0
 90
        0
 40
0.6
 41
30.0
 62
     5
 63
     7
421
 16777215
 74
     1
 91
        4
 64
     7
 65
   257
 75
     1
175
     1
 42
1.0
 92
        8
 66
     7
 43
1.0
 76
     1
 77
     6
 78
     2
 67
     7
 79
     5
170
     0
171
     0
290
     0
174
     0
 93
        1
 44
0.0
173
     0
291
     1
 45
0.0
1001
ACAD
1000
AcDbSavedByObjectVersion
1070
     0
  0
VISUALSTYLE
  5
2EF
102
{ACAD_REACTORS
330
2EE
102
}
102
{ACAD_XDICTIONARY
360
314
102
}
330
2EE
100
AcDbVisualStyle
  2
Flat
 70
     0
 71
     2
 72
     1
 73
     1
 90
        2
 40
0.6
 41
30.0
 62
     5
 63
     7
421
 16777215
 74
     0
 91
        0
 64
     7
 65
   257
 75
     1
175
     1
 42
1.0
 92
        8
 66
     7
 43
1.0
 76
     1
 77
     6
 78
     2
 67
     7
 79
     5
170
     0
171
     0
290
     0
174
     0
 93
       13
 44
0.0
173
     0
291
     1
 45
0.0
1001
ACAD
1000
AcDbSavedByObjectVersion
1070
     0
  0
VISUALSTYLE
  5
2F0
102
{ACAD_REACTORS
330
2EE
102
}
102
{ACAD_XDICTIONARY
360
316
102
}
330
2EE
100
AcDbVisualStyle
  2
FlatWithEdges
 70
     1
 71
     2
 72
     1
 73
     1
 90
        2
 40
0.6
 41
30.0
 62
     5
 63
     7
421
 16777215
 74
     1
 91
        0
 64
     7
 65
   257
 75
     1
175
     1
 42
1.0
 92
        0
 66
   257
 43
1.0
 76
     1
 77
     6
 78
     2
 67
     7
 79
     5
170
     0
171
     0
290
     0
174
     0
 93
       13
 44
0.0
173
     0
291
     1
 45
0.0
1001
ACAD
1000
AcDbSavedByObjectVersion
1070
     0
  0
VISUALSTYLE
  5
2F1
102
{ACAD_REACTORS
330
2EE
102
}
102
{ACAD_XDICTIONARY
360
318
102
}
330
2EE
100
AcDbVisualStyle
  2
Gouraud
 70
     2
 71
     2
 72
     2
 73
     1
 90
        2
 40
0.6
 41
30.0
 62
     5
 63
     7
421
 16777215
 74
     0
 91
        0
 64
     7
 65
   257
 75
     1
175
     1
 42
1.0
 92
        0
 66
     7
 43
1.0
 76
     1
 77
     6
 78
     2
 67
     7
 79
     5
170
     0
171
     0
290
     0
174
     0
 93
       13
 44
0.0
173
     0
291
     1
 45
0.0
1001
ACAD
1000
AcDbSavedByObjectVersion
1070
     0
  0
VISUALSTYLE
  5
2F2
102
{ACAD_REACTORS
330
2EE
102
}
102
{ACAD_XDICTIONARY
360
31A
102
}
330
2EE
100
AcDbVisualStyle
  2
GouraudWithEdges
 70
     3
 71
     2
 72
     2
 73
     1
 90
        2
 40
0.6
 41
30.0
 62
     5
 63
     7
421
 16777215
 74
     1
 91
        0
 64
     7
 65
   257
 75
     1
175
     1
 42
1.0
 92
        0
 66
   257
 43
1.0
 76
     1
 77
     6
 78
     2
 67
     7
 79
     5
170
     0
171
     0
290
     0
174
     0
 93
       13
 44
0.0
173
     0
291
     1
 45
0.0
1001
ACAD
1000
AcDbSavedByObjectVersion
1070
     0
  0
VISUALSTYLE
  5
2F5
102
{ACAD_REACTORS
330
2EE
102
}
102
{ACAD_XDICTIONARY
360
320
102
}
330
2EE
100
AcDbVisualStyle
  2
Hidden
 70
     6
 71
     1
 72
     2
 73
     2
 90
        0
 40
0.6
 41
30.0
 62
     5
 63
     7
421
 16777215
 74
     2
 91
        2
 64
     7
 65
   257
 75
     2
175
     1
 42
40.0
 92
        0
 66
   257
 43
1.0
 76
     1
 77
     6
 78
     2
 67
     7
 79
     3
170
     0
171
     0
290
     0
174
     0
 93
        1
 44
0.0
173
     0
291
     0
 45
0.0
1001
ACAD
1000
AcDbSavedByObjectVersion
1070
     0
  0
VISUALSTYLE
  5
2FF
102
{ACAD_REACTORS
330
2EE
102
}
102
{ACAD_XDICTIONARY
360
334
102
}
330
2EE
100
AcDbVisualStyle
  2
JitterOff
 70
    20
 71
     2
 72
     2
 73
     0
 90
        0
 40
0.6
 41
30.0
 62
     5
 63
     7
421
 16777215
 74
     1
 91
        4
 64
     7
 65
   257
 75
     1
175
     1
 42
1.0
 92
       10
 66
     7
 43
1.0
 76
     1
 77
     6
 78
     2
 67
     7
 79
     5
170
     0
171
     0
290
     0
174
     0
 93
        1
 44
0.0
173
     0
291
     1
 45
0.0
1001
ACAD
1000
AcDbSavedByObjectVersion
1070
     0
  0
VISUALSTYLE
  5
2FC
102
{ACAD_REACTORS
330
2EE
102
}
102
{ACAD_XDICTIONARY
360
32E
102
}
330
2EE
100
AcDbVisualStyle
  2
Linepattern
 70
    14
 71
     2
 72
     2
 73
     0
 90
        0
 40
0.6
 41
30.0
 62
     5
 63
     7
421
 16777215
 74
     1
 91
        4
 64
     7
 65
   257
 75
     7
175
     7
 42
1.0
 92
        8
 66
     7
 43
1.0
 76
     1
 77
     6
 78
     2
 67
     7
 79
     5
170
     0
171
     0
290
     0
174
     0
 93
        1
 44
0.0
173
     0
291
     1
 45
0.0
1001
ACAD
1000
AcDbSavedByObjectVersion
1070
     0
  0
VISUALSTYLE
  5
300
102
{ACAD_REACTORS
330
2EE
102
}
102
{ACAD_XDICTIONARY
360
336
102
}
330
2EE
100
AcDbVisualStyle
  2
OverhangOff
 70
    21
 71
     2
 72
     2
 73
     0
 90
        0
 40
0.6
 41
30.0
 62
     5
 63
     7
421
 16777215
 74
     1
 91
        4
 64
     7
 65
   257
 75
     1
175
     1
 42
1.0
 92
        9
 66
     7
 43
1.0
 76
     1
 77
     6
 78
     2
 67
     7
 79
     5
170
     0
171
     0
290
     0
174
     0
 93
        1
 44
0.0
173
     0
291
     1
 45
0.0
1001
ACAD
1000
AcDbSavedByObjectVersion
1070
     0
  0
VISUALSTYLE
  5
2F7
102
{ACAD_REACTORS
330
2EE
102
}
102
{ACAD_XDICTIONARY
360
324
102
}
330
2EE
100
AcDbVisualStyle
  2
Realistic
 70
     8
 71
     2
 72
     3
 73
     0
 90
        2
 40
0.6
 41
30.0
 62
     5
 63
     7
421
 16777215
 74
     0
 91
        0
 64
     7
 65
   257
 75
     1
175
     1
 42
1.0
 92
        8
 66
   257
 43
1.0
 76
     1
 77
     6
 78
     2
 67
     7
 79
     3
170
     0
171
     0
290
     0
174
     0
 93
       13
 44
0.0
173
     0
291
     0
 45
0.0
1001
ACAD
1000
AcDbSavedByObjectVersion
1070
     0
  0
VISUALSTYLE
  5
306
102
{ACAD_REACTORS
330
2EE
102
}
102
{ACAD_XDICTIONARY
360
342
102
}
330
2EE
100
AcDbVisualStyle
  2
Shaded
 70
    27
 71
     2
 72
     2
 73
     1
 90
        2
 40
0.6
 41
30.0
 62
     5
 63
     7
421
 16777215
 74
     0
 91
        4
 64
     7
 65
   257
 75
     1
175
     1
 42
1.0
 92
        8
 66
   257
 43
1.0
 76
     1
 77
     6
 78
     2
 67
     8
425
  7895160
 79
     3
170
     0
171
     0
290
     0
174
     0
 93
        5
 44
0.0
173
     0
291
     0
 45
0.0
1001
ACAD
1000
AcDbSavedByObjectVersion
1070
     0
  0
VISUALSTYLE
  5
305
102
{ACAD_REACTORS
330
2EE
102
}
102
{ACAD_XDICTIONARY
360
340
102
}
330
2EE
100
AcDbVisualStyle
  2
Shaded with edges
 70
    26
 71
     2
 72
     2
 73
     1
 90
        2
 40
0.6
 41
30.0
 62
     5
 63
     7
421
 16777215
 74
     1
 91
       10
 64
     7
 65
   257
 75
     2
175
     1
 42
1.0
 92
        8
 66
   257
 43
1.0
 76
     1
 77
     6
 78
     2
 67
     7
 79
     3
170
     0
171
     0
290
     0
174
     0
 93
        5
 44
0.0
173
     0
291
     0
 45
0.0
1001
ACAD
1000
AcDbSavedByObjectVersion
1070
     0
  0
VISUALSTYLE
  5
302
102
{ACAD_REACTORS
330
2EE
102
}
102
{ACAD_XDICTIONARY
360
33A
102
}
330
2EE
100
AcDbVisualStyle
  2
Shades of Gray
 70
    23
 71
     2
 72
     2
 73
     3
 90
        0
 40
0.6
 41
30.0
 62
     5
 63
     7
421
 16777215
 74
     2
 91
        2
 64
     7
 65
     7
 75
     1
175
     1
 42
40.0
 92
        8
 66
     7
 43
1.0
 76
     1
 77
     6
 78
     2
 67
     7
 79
     3
170
     0
171
     0
290
     0
174
     0
 93
        1
 44
0.0
173
     0
291
     0
 45
0.0
1001
ACAD
1000
AcDbSavedByObjectVersion
1070
     0
  0
VISUALSTYLE
  5
303
102
{ACAD_REACTORS
330
2EE
102
}
102
{ACAD_XDICTIONARY
360
33C
102
}
330
2EE
100
AcDbVisualStyle
  2
Sketchy
 70
    24
 71
     1
 72
     2
 73
     2
 90
        0
 40
0.6
 41
30.0
 62
     5
 63
     7
421
 16777215
 74
     2
 91
        2
 64
     7
 65
     7
 75
     1
175
     1
 42
40.0
 92
       11
 66
     7
 43
1.0
 76
     1
 77
     6
 78
     2
 67
     7
 79
     6
170
     0
171
     0
290
     0
174
     0
 93
        1
 44
0.0
173
     0
291
     0
 45
0.0
1001
ACAD
1000
AcDbSavedByObjectVersion
1070
     0
  0
VISUALSTYLE
  5
2FB
102
{ACAD_REACTORS
330
2EE
102
}
102
{ACAD_XDICTIONARY
360
32C
102
}
330
2EE
100
AcDbVisualStyle
  2
Thicken
 70
    13
 71
     2
 72
     2
 73
     0
 90
        0
 40
0.6
 41
30.0
 62
     5
 63
     7
421
 16777215
 74
     1
 91
        4
 64
     7
 65
   257
 75
     1
175
     1
 42
1.0
 92
       12
 66
     7
 43
1.0
 76
     1
 77
     6
 78
     2
 67
     7
 79
     5
170
     0
171
     0
290
     0
174
     0
 93
        1
 44
0.0
173
     0
291
     1
 45
0.0
1001
ACAD
1000
AcDbSavedByObjectVersion
1070
     0
  0
VISUALSTYLE
  5
2F4
102
{ACAD_REACTORS
330
2EE
102
}
102
{ACAD_XDICTIONARY
360
31E
102
}
330
2EE
100
AcDbVisualStyle
  2
Wireframe
 70
     5
 71
     0
 72
     2
 73
     0
 90
        0
 40
0.6
 41
30.0
 62
     5
 63
     7
421
 16777215
 74
     1
 91
        4
 64
     7
 65
   257
 75
     1
175
     1
 42
1.0
 92
        0
 66
   257
 43
1.0
 76
     1
 77
     6
 78
     2
 67
     7
 79
     3
170
     0
171
     0
290
     0
174
     0
 93
        1
 44
0.0
173
     0
291
     0
 45
0.0
1001
ACAD
1000
AcDbSavedByObjectVersion
1070
     0
  0
VISUALSTYLE
  5
304
102
{ACAD_REACTORS
330
2EE
102
}
102
{ACAD_XDICTIONARY
360
33E
102
}
330
2EE
100
AcDbVisualStyle
  2
X-Ray
 70
    25
 71
     2
 72
     2
 73
     1
 90
        1
 40
0.5
 41
30.0
 62
     5
 63
     7
421
 16777215
 74
     1
 91
        0
 64
     7
 65
   257
 75
     1
175
     1
 42
1.0
 92
        8
 66
     7
 43
1.0
 76
     1
 77
     6
 78
     2
 67
     7
 79
     3
170
     0
171
     0
290
     0
174
     0
 93
       13
 44
0.0
173
     0
291
     0
 45
0.0
1001
ACAD
1000
AcDbSavedByObjectVersion
1070
     0
  0
DICTIONARYVAR
  5
312
102
{ACAD_REACTORS
330
311
102
}
330
311
100
DictionaryVariables
280
     0
  1
1:1
  0
DICTIONARYVAR
  5
352
102
{ACAD_REACTORS
330
311
102
}
330
311
100
DictionaryVariables
280
     0
  1
Standard
  0
DICTIONARYVAR
  5
351
102
{ACAD_REACTORS
330
311
102
}
330
311
100
DictionaryVariables
280
     0
  1
Standard
  0
DICTIONARYVAR
  5
353
102
{ACAD_REACTORS
330
311
102
}
330
311
100
DictionaryVariables
280
     0
  1
0
  0
DICTIONARYVAR
  5
313
102
{ACAD_REACTORS
330
311
102
}
330
311
100
DictionaryVariables
280
     0
  1
2
  0
DICTIONARY
  5
346
330
309
100
AcDbDictionary
280
     1
281
     1
  3
ACAD_XREC_ROUNDTRIP
360
347
  0
DICTIONARY
  5
344
330
308
100
AcDbDictionary
280
     1
281
     1
  3
ACAD_XREC_ROUNDTRIP
360
345
  0
DICTIONARY
  5
348
330
30A
100
AcDbDictionary
280
     1
281
     1
  3
ACAD_XREC_ROUNDTRIP
360
349
  0
DICTIONARY
  5
34E
330
30E
100
AcDbDictionary
280
     1
281
     1
  3
ACAD_XREC_ROUNDTRIP
360
34F
  0
DICTIONARY
  5
34A
330
30C
100
AcDbDictionary
280
     1
281
     1
  3
ACAD_ROUNDTRIP_2008_TABLESTYLE_CELLSTYLEMAP
360
34C
  3
ACAD_XREC_ROUNDTRIP
360
34B
  0
DICTIONARY
  5
31C
330
2F3
100
AcDbDictionary
280
     1
281
     1
  3
ACAD_XREC_ROUNDTRIP
360
31D
  0
DICTIONARY
  5
322
330
2F6
100
AcDbDictionary
280
     1
281
     1
  3
ACAD_XREC_ROUNDTRIP
360
323
  0
DICTIONARY
  5
32A
330
2FA
100
AcDbDictionary
280
     1
281
     1
  3
ACAD_XREC_ROUNDTRIP
360
32B
  0
DICTIONARY
  5
332
330
2FE
100
AcDbDictionary
280
     1
281
     1
  3
ACAD_XREC_ROUNDTRIP
360
333
  0
DICTIONARY
  5
326
330
2F8
100
AcDbDictionary
280
     1
281
     1
  3
ACAD_XREC_ROUNDTRIP
360
327
  0
DICTIONARY
  5
328
330
2F9
100
AcDbDictionary
280
     1
281
     1
  3
ACAD_XREC_ROUNDTRIP
360
329
  0
DICTIONARY
  5
338
330
301
100
AcDbDictionary
280
     1
281
     1
  3
ACAD_XREC_ROUNDTRIP
360
339
  0
DICTIONARY
  5
330
330
2FD
100
AcDbDictionary
280
     1
281
     1
  3
ACAD_XREC_ROUNDTRIP
360
331
  0
DICTIONARY
  5
314
330
2EF
100
AcDbDictionary
280
     1
281
     1
  3
ACAD_XREC_ROUNDTRIP
360
315
  0
DICTIONARY
  5
316
330
2F0
100
AcDbDictionary
280
     1
281
     1
  3
ACAD_XREC_ROUNDTRIP
360
317
  0
DICTIONARY
  5
318
330
2F1
100
AcDbDictionary
280
     1
281
     1
  3
ACAD_XREC_ROUNDTRIP
360
319
  0
DICTIONARY
  5
31A
330
2F2
100
AcDbDictionary
280
     1
281
     1
  3
ACAD_XREC_ROUNDTRIP
360
31B
  0
DICTIONARY
  5
320
330
2F5
100
AcDbDictionary
280
     1
281
     1
  3
ACAD_XREC_ROUNDTRIP
360
321
  0
DICTIONARY
  5
334
330
2FF
100
AcDbDictionary
280
     1
281
     1
  3
ACAD_XREC_ROUNDTRIP
360
335
  0
DICTIONARY
  5
32E
330
2FC
100
AcDbDictionary
280
     1
281
     1
  3
ACAD_XREC_ROUNDTRIP
360
32F
  0
DICTIONARY
  5
336
330
300
100
AcDbDictionary
280
     1
281
     1
  3
ACAD_XREC_ROUNDTRIP
360
337
  0
DICTIONARY
  5
324
330
2F7
100
AcDbDictionary
280
     1
281
     1
  3
ACAD_XREC_ROUNDTRIP
360
325
  0
DICTIONARY
  5
342
330
306
100
AcDbDictionary
280
     1
281
     1
  3
ACAD_XREC_ROUNDTRIP
360
343
  0
DICTIONARY
  5
340
330
305
100
AcDbDictionary
280
     1
281
     1
  3
ACAD_XREC_ROUNDTRIP
360
341
  0
DICTIONARY
  5
33A
330
302
100
AcDbDictionary
280
     1
281
     1
  3
ACAD_XREC_ROUNDTRIP
360
33B
  0
DICTIONARY
  5
33C
330
303
100
AcDbDictionary
280
     1
281
     1
  3
ACAD_XREC_ROUNDTRIP
360
33D
  0
DICTIONARY
  5
32C
330
2FB
100
AcDbDictionary
280
     1
281
     1
  3
ACAD_XREC_ROUNDTRIP
360
32D
  0
DICTIONARY
  5
31E
330
2F4
100
AcDbDictionary
280
     1
281
     1
  3
ACAD_XREC_ROUNDTRIP
360
31F
  0
DICTIONARY
  5
33E
330
304
100
AcDbDictionary
280
     1
281
     1
  3
ACAD_XREC_ROUNDTRIP
360
33F
  0
XRECORD
  5
347
102
{ACAD_REACTORS
330
346
102
}
330
346
100
AcDbXrecord
280
     1
102
MATERIAL
148
0.0
149
0.0
149
0.0
 93
        0
 94
      127
282
     0
 72
     1
 77
     1
171
     1
175
     1
179
     1
273
     0
  0
XRECORD
  5
345
102
{ACAD_REACTORS
330
344
102
}
330
344
100
AcDbXrecord
280
     1
102
MATERIAL
148
0.0
149
0.0
149
0.0
 93
        0
 94
      127
282
     0
 72
     1
 77
     1
171
     1
175
     1
179
     1
273
     0
  0
XRECORD
  5
349
102
{ACAD_REACTORS
330
348
102
}
330
348
100
AcDbXrecord
280
     1
102
MATERIAL
148
0.0
149
0.0
149
0.0
 93
        0
 94
      127
282
     0
 72
     1
 77
     1
171
     1
175
     1
179
     1
273
     0
  0
XRECORD
  5
34F
102
{ACAD_REACTORS
330
34E
102
}
330
34E
100
AcDbXrecord
280
     1
102
ACAD_ROUNDTRIP_2010_MLEADER_STYLE
  0
CELLSTYLEMAP
  5
34C
102
{ACAD_REACTORS
330
34A
102
}
330
34A
100
AcDbCellStyleMap
 90
        3
300
CELLSTYLE
  1
TABLEFORMAT_BEGIN
 90
        5
170
     1
 91
        0
 92
    32768
 62
   257
 93
        1
300
CONTENTFORMAT
  1
CONTENTFORMAT_BEGIN
 90
        0
 91
        0
 92
        4
 93
        0
300

 40
0.0
140
1.0
 94
        5
 62
     0
340
11
144
6.0
309
CONTENTFORMAT_END
171
     1
301
MARGIN
  1
CELLMARGIN_BEGIN
 40
1.5
 40
1.5
 40
1.5
 40
1.5
 40
1.5
 40
1.5
309
CELLMARGIN_END
 94
        6
 95
        1
302
GRIDFORMAT
  1
GRIDFORMAT_BEGIN
 90
        0
 91
        1
 62
     0
 92
       -2
340
14
 93
        0
 40
0.045
309
GRIDFORMAT_END
 95
        2
302
GRIDFORMAT
  1
GRIDFORMAT_BEGIN
 90
        0
 91
        1
 62
     0
 92
       -2
340
14
 93
        0
 40
0.045
309
GRIDFORMAT_END
 95
        4
302
GRIDFORMAT
  1
GRIDFORMAT_BEGIN
 90
        0
 91
        1
 62
     0
 92
       -2
340
14
 93
        0
 40
0.045
309
GRIDFORMAT_END
 95
        8
302
GRIDFORMAT
  1
GRIDFORMAT_BEGIN
 90
        0
 91
        1
 62
     0
 92
       -2
340
14
 93
        0
 40
0.045
309
GRIDFORMAT_END
 95
       16
302
GRIDFORMAT
  1
GRIDFORMAT_BEGIN
 90
        0
 91
        1
 62
     0
 92
       -2
340
14
 93
        0
 40
0.045
309
GRIDFORMAT_END
 95
       32
302
GRIDFORMAT
  1
GRIDFORMAT_BEGIN
 90
        0
 91
        1
 62
     0
 92
       -2
340
14
 93
        0
 40
0.045
309
GRIDFORMAT_END
309
TABLEFORMAT_END
  1
CELLSTYLE_BEGIN
 90
        1
 91
        1
300
_TITLE
309
CELLSTYLE_END
300
CELLSTYLE
  1
TABLEFORMAT_BEGIN
 90
        5
170
     1
 91
        0
 92
        0
 62
   257
 93
        1
300
CONTENTFORMAT
  1
CONTENTFORMAT_BEGIN
 90
        0
 91
        0
 92
        4
 93
        0
300

 40
0.0
140
1.0
 94
        5
 62
     0
340
11
144
4.5
309
CONTENTFORMAT_END
171
     1
301
MARGIN
  1
CELLMARGIN_BEGIN
 40
1.5
 40
1.5
 40
1.5
 40
1.5
 40
1.5
 40
1.5
309
CELLMARGIN_END
 94
        6
 95
        1
302
GRIDFORMAT
  1
GRIDFORMAT_BEGIN
 90
        0
 91
        1
 62
     0
 92
       -2
340
14
 93
        0
 40
0.045
309
GRIDFORMAT_END
 95
        2
302
GRIDFORMAT
  1
GRIDFORMAT_BEGIN
 90
        0
 91
        1
 62
     0
 92
       -2
340
14
 93
        0
 40
0.045
309
GRIDFORMAT_END
 95
        4
302
GRIDFORMAT
  1
GRIDFORMAT_BEGIN
 90
        0
 91
        1
 62
     0
 92
       -2
340
14
 93
        0
 40
0.045
309
GRIDFORMAT_END
 95
        8
302
GRIDFORMAT
  1
GRIDFORMAT_BEGIN
 90
        0
 91
        1
 62
     0
 92
       -2
340
14
 93
        0
 40
0.045
309
GRIDFORMAT_END
 95
       16
302
GRIDFORMAT
  1
GRIDFORMAT_BEGIN
 90
        0
 91
        1
 62
     0
 92
       -2
340
14
 93
        0
 40
0.045
309
GRIDFORMAT_END
 95
       32
302
GRIDFORMAT
  1
GRIDFORMAT_BEGIN
 90
        0
 91
        1
 62
     0
 92
       -2
340
14
 93
        0
 40
0.045
309
GRIDFORMAT_END
309
TABLEFORMAT_END
  1
CELLSTYLE_BEGIN
 90
        2
 91
        1
300
_HEADER
309
CELLSTYLE_END
300
CELLSTYLE
  1
TABLEFORMAT_BEGIN
 90
        5
170
     1
 91
        0
 92
        0
 62
   257
 93
        1
300
CONTENTFORMAT
  1
CONTENTFORMAT_BEGIN
 90
        0
 91
        0
 92
        4
 93
        0
300

 40
0.0
140
1.0
 94
        2
 62
     0
340
11
144
4.5
309
CONTENTFORMAT_END
171
     1
301
MARGIN
  1
CELLMARGIN_BEGIN
 40
1.5
 40
1.5
 40
1.5
 40
1.5
 40
1.5
 40
1.5
309
CELLMARGIN_END
 94
        6
 95
        1
302
GRIDFORMAT
  1
GRIDFORMAT_BEGIN
 90
        0
 91
        1
 62
     0
 92
       -2
340
14
 93
        0
 40
0.045
309
GRIDFORMAT_END
 95
        2
302
GRIDFORMAT
  1
GRIDFORMAT_BEGIN
 90
        0
 91
        1
 62
     0
 92
       -2
340
14
 93
        0
 40
0.045
309
GRIDFORMAT_END
 95
        4
302
GRIDFORMAT
  1
GRIDFORMAT_BEGIN
 90
        0
 91
        1
 62
     0
 92
       -2
340
14
 93
        0
 40
0.045
309
GRIDFORMAT_END
 95
        8
302
GRIDFORMAT
  1
GRIDFORMAT_BEGIN
 90
        0
 91
        1
 62
     0
 92
       -2
340
14
 93
        0
 40
0.045
309
GRIDFORMAT_END
 95
       16
302
GRIDFORMAT
  1
GRIDFORMAT_BEGIN
 90
        0
 91
        1
 62
     0
 92
       -2
340
14
 93
        0
 40
0.045
309
GRIDFORMAT_END
 95
       32
302
GRIDFORMAT
  1
GRIDFORMAT_BEGIN
 90
        0
 91
        1
 62
     0
 92
       -2
340
14
 93
        0
 40
0.045
309
GRIDFORMAT_END
309
TABLEFORMAT_END
  1
CELLSTYLE_BEGIN
 90
        3
 91
        2
300
_DATA
309
CELLSTYLE_END
  0
XRECORD
  5
34B
102
{ACAD_REACTORS
330
34A
102
}
330
34A
100
AcDbXrecord
280
     1
102
ACAD_ROUNDTRIP_PRE2007_TABLESTYLE
 90
        4
 91
        0
  1

 92
        4
 93
        0
  2

 94
        4
 95
        0
  3

  0
XRECORD
  5
31D
102
{ACAD_REACTORS
330
31C
102
}
330
31C
100
AcDbXrecord
280
     1
102
RTVSPropertyOp0
 70
     1
102
RTVSPropertyOp1
 70
     1
102
RTVSPropertyOp2
 70
     1
102
RTVSPropertyOp3
 70
     1
102
RTVSPropertyOp4
 70
     1
102
RTVSPropertyOp5
 70
     1
102
RTVSPropertyOp6
 70
     1
102
RTVSPropertyOp7
 70
     1
102
RTVSPropertyOp8
 70
     1
102
RTVSPropertyOp9
 70
     1
102
RTVSPropertyOp10
 70
     1
102
RTVSPropertyOp11
 70
     1
102
RTVSPropertyOp12
 70
     1
102
RTVSPropertyOp13
 70
     1
102
RTVSPropertyOp14
 70
     1
102
RTVSPropertyOp15
 70
     1
102
RTVSPropertyOp16
 70
     1
102
RTVSPropertyOp17
 70
     1
102
RTVSPropertyOp18
 70
     1
102
RTVSPropertyOp19
 70
     1
102
RTVSPropertyOp20
 70
     1
102
RTVSPropertyOp21
 70
     1
102
RTVSPropertyOp22
 70
     1
102
RTVSPropertyOp23
 70
     1
102
RTVSPropertyOp24
 70
     1
102
RTVSPropertyOp25
 70
     1
102
RTVSPropertyOp26
 70
     1
102
RTVSPropertyOp27
 70
     1
102
RTVSPropertyOp28
 70
     1
102
RTVSPropertyOp29
 70
     1
102
RTVSPropertyOp30
 70
     1
102
RTVSPropertyOp31
 70
     1
102
RTVSPropertyOp32
 70
     1
102
RTVSPropertyOp33
 70
     1
102
RTVSPropertyOp34
 70
     1
102
RTVSPropertyOp35
 70
     1
102
RTVSPropertyOp36
 70
     1
102
RTVSPropertyOp37
 70
     1
102
RTVSPropertyOp38
 70
     1
102
RTVSPropertyOp39
 70
     1
102
RTVSPropertyOp40
 70
     1
102
RTVSPropertyOp41
 70
     1
102
RTVSPropertyOp42
 70
     1
102
RTVSPropertyOp43
 70
     1
102
RTVSPropertyOp44
 70
     1
102
RTVSPropertyOp45
 70
     1
102
RTVSPropertyOp46
 70
     1
102
RTVSPropertyOp47
 70
     1
102
RTVSPropertyOp48
 70
     1
102
RTVSPropertyOp49
 70
     1
102
RTVSPropertyOp50
 70
     1
102
RTVSPropertyOp51
 70
     0
102
RTVSPropertyOp52
 70
     0
102
RTVSPropertyOp53
 70
     1
102
RTVSPropertyOp54
 70
     1
102
RTVSPropertyOp55
 70
     1
102
RTVSPropertyOp56
 70
     1
102
RTVSPropertyOp57
 70
     1
102
RTVSPost2010Prop28
280
     1
102
RTVSPost2010PropOp28
 70
     1
102
RTVSPost2010Prop29
280
     1
102
RTVSPost2010PropOp29
 70
     1
102
RTVSPost2010Prop30
280
     0
102
RTVSPost2010PropOp30
 70
     1
102
RTVSPost2010Prop31
280
     0
102
RTVSPost2010PropOp31
 70
     1
102
RTVSPost2010Prop32
280
     0
102
RTVSPost2010PropOp32
 70
     1
102
RTVSPost2010Prop33
280
     0
102
RTVSPost2010PropOp33
 70
     1
102
RTVSPost2010Prop34
280
     0
102
RTVSPost2010PropOp34
 70
     1
102
RTVSPost2010Prop35
280
     0
102
RTVSPost2010PropOp35
 70
     1
102
RTVSPost2010Prop36
280
     0
102
RTVSPost2010PropOp36
 70
     1
102
RTVSPost2010Prop37
 90
       50
102
RTVSPost2010PropOp37
 70
     1
102
RTVSPost2010Prop38
140
0.0
102
RTVSPost2010PropOp38
 70
     1
102
RTVSPost2010Prop39
140
1.0
102
RTVSPost2010PropOp39
 70
     1
102
RTVSPost2010Prop40
 90
        0
102
RTVSPost2010PropOp40
 70
     1
102
RTVSPost2010Prop41ColorIndex
 90
       18
102
RTVSPost2010Prop41ColorRGB
 90
        0
102
RTVSPost2010PropOp41
 70
     1
102
RTVSPost2010Prop42
 90
       50
102
RTVSPost2010PropOp42
 70
     1
102
RTVSPost2010Prop43
 90
        3
102
RTVSPost2010PropOp43
 70
     1
102
RTVSPost2010Prop44ColorIndex
 90
        5
102
RTVSPost2010Prop44ColorRGB
 90
      255
102
RTVSPost2010PropOp44
 70
     1
102
RTVSPost2010Prop45
280
     0
102
RTVSPost2010PropOp45
 70
     1
102
RTVSPost2010Prop46
 90
       50
102
RTVSPost2010PropOp46
 70
     1
102
RTVSPost2010Prop47
 90
       50
102
RTVSPost2010PropOp47
 70
     1
102
RTVSPost2010Prop48
 90
       50
102
RTVSPost2010PropOp48
 70
     1
102
RTVSPost2010Prop49
280
     0
102
RTVSPost2010PropOp49
 70
     1
102
RTVSPost2010Prop50
 90
       50
102
RTVSPost2010PropOp50
 70
     1
102
RTVSPost2010Prop51ColorIndex
 90
      256
102
RTVSPost2010Prop51ColorRGB
 90
-16777216
102
RTVSPost2010PropOp51
 70
     0
102
RTVSPost2010Prop52
140
1.0
102
RTVSPost2010PropOp52
 70
     0
102
RTVSPost2010Prop53
 90
        2
102
RTVSPost2010PropOp53
 70
     1
102
RTVSPost2010Prop54
  1
strokes_ogs.tif
102
RTVSPost2010PropOp54
 70
     1
102
RTVSPost2010Prop55
280
     0
102
RTVSPost2010PropOp55
 70
     1
102
RTVSPost2010Prop56
140
1.0
102
RTVSPost2010PropOp56
 70
     1
102
RTVSPost2010Prop57
140
1.0
102
RTVSPost2010PropOp57
 70
     1
  0
XRECORD
  5
323
102
{ACAD_REACTORS
330
322
102
}
330
322
100
AcDbXrecord
280
     1
102
RTVSPropertyOp0
 70
     1
102
RTVSPropertyOp1
 70
     1
102
RTVSPropertyOp2
 70
     1
102
RTVSPropertyOp3
 70
     1
102
RTVSPropertyOp4
 70
     1
102
RTVSPropertyOp5
 70
     1
102
RTVSPropertyOp6
 70
     1
102
RTVSPropertyOp7
 70
     1
102
RTVSPropertyOp8
 70
     1
102
RTVSPropertyOp9
 70
     1
102
RTVSPropertyOp10
 70
     1
102
RTVSPropertyOp11
 70
     1
102
RTVSPropertyOp12
 70
     1
102
RTVSPropertyOp13
 70
     1
102
RTVSPropertyOp14
 70
     1
102
RTVSPropertyOp15
 70
     1
102
RTVSPropertyOp16
 70
     1
102
RTVSPropertyOp17
 70
     1
102
RTVSPropertyOp18
 70
     1
102
RTVSPropertyOp19
 70
     1
102
RTVSPropertyOp20
 70
     1
102
RTVSPropertyOp21
 70
     1
102
RTVSPropertyOp22
 70
     1
102
RTVSPropertyOp23
 70
     1
102
RTVSPropertyOp24
 70
     1
102
RTVSPropertyOp25
 70
     1
102
RTVSPropertyOp26
 70
     1
102
RTVSPropertyOp27
 70
     1
102
RTVSPropertyOp28
 70
     1
102
RTVSPropertyOp29
 70
     1
102
RTVSPropertyOp30
 70
     1
102
RTVSPropertyOp31
 70
     1
102
RTVSPropertyOp32
 70
     1
102
RTVSPropertyOp33
 70
     1
102
RTVSPropertyOp34
 70
     1
102
RTVSPropertyOp35
 70
     1
102
RTVSPropertyOp36
 70
     1
102
RTVSPropertyOp37
 70
     1
102
RTVSPropertyOp38
 70
     1
102
RTVSPropertyOp39
 70
     1
102
RTVSPropertyOp40
 70
     1
102
RTVSPropertyOp41
 70
     1
102
RTVSPropertyOp42
 70
     1
102
RTVSPropertyOp43
 70
     1
102
RTVSPropertyOp44
 70
     1
102
RTVSPropertyOp45
 70
     1
102
RTVSPropertyOp46
 70
     1
102
RTVSPropertyOp47
 70
     1
102
RTVSPropertyOp48
 70
     1
102
RTVSPropertyOp49
 70
     1
102
RTVSPropertyOp50
 70
     1
102
RTVSPropertyOp51
 70
     0
102
RTVSPropertyOp52
 70
     0
102
RTVSPropertyOp53
 70
     1
102
RTVSPropertyOp54
 70
     1
102
RTVSPropertyOp55
 70
     1
102
RTVSPropertyOp56
 70
     1
102
RTVSPropertyOp57
 70
     1
102
RTVSPost2010Prop28
280
     0
102
RTVSPost2010PropOp28
 70
     1
102
RTVSPost2010Prop29
280
     1
102
RTVSPost2010PropOp29
 70
     1
102
RTVSPost2010Prop30
280
     1
102
RTVSPost2010PropOp30
 70
     1
102
RTVSPost2010Prop31
280
     0
102
RTVSPost2010PropOp31
 70
     1
102
RTVSPost2010Prop32
280
     0
102
RTVSPost2010PropOp32
 70
     1
102
RTVSPost2010Prop33
280
     0
102
RTVSPost2010PropOp33
 70
     1
102
RTVSPost2010Prop34
280
     0
102
RTVSPost2010PropOp34
 70
     1
102
RTVSPost2010Prop35
280
     0
102
RTVSPost2010PropOp35
 70
     1
102
RTVSPost2010Prop36
280
     0
102
RTVSPost2010PropOp36
 70
     1
102
RTVSPost2010Prop37
 90
       50
102
RTVSPost2010PropOp37
 70
     1
102
RTVSPost2010Prop38
140
0.0
102
RTVSPost2010PropOp38
 70
     1
102
RTVSPost2010Prop39
140
1.0
102
RTVSPost2010PropOp39
 70
     1
102
RTVSPost2010Prop40
 90
        0
102
RTVSPost2010PropOp40
 70
     1
102
RTVSPost2010Prop41ColorIndex
 90
       18
102
RTVSPost2010Prop41ColorRGB
 90
        0
102
RTVSPost2010PropOp41
 70
     1
102
RTVSPost2010Prop42
 90
       50
102
RTVSPost2010PropOp42
 70
     1
102
RTVSPost2010Prop43
 90
        3
102
RTVSPost2010PropOp43
 70
     1
102
RTVSPost2010Prop44ColorIndex
 90
        5
102
RTVSPost2010Prop44ColorRGB
 90
      255
102
RTVSPost2010PropOp44
 70
     1
102
RTVSPost2010Prop45
280
     0
102
RTVSPost2010PropOp45
 70
     1
102
RTVSPost2010Prop46
 90
       50
102
RTVSPost2010PropOp46
 70
     1
102
RTVSPost2010Prop47
 90
       50
102
RTVSPost2010PropOp47
 70
     1
102
RTVSPost2010Prop48
 90
       50
102
RTVSPost2010PropOp48
 70
     1
102
RTVSPost2010Prop49
280
     0
102
RTVSPost2010PropOp49
 70
     1
102
RTVSPost2010Prop50
 90
       50
102
RTVSPost2010PropOp50
 70
     1
102
RTVSPost2010Prop51ColorIndex
 90
      256
102
RTVSPost2010Prop51ColorRGB
 90
-16777216
102
RTVSPost2010PropOp51
 70
     0
102
RTVSPost2010Prop52
140
1.0
102
RTVSPost2010PropOp52
 70
     0
102
RTVSPost2010Prop53
 90
        2
102
RTVSPost2010PropOp53
 70
     1
102
RTVSPost2010Prop54
  1
strokes_ogs.tif
102
RTVSPost2010PropOp54
 70
     1
102
RTVSPost2010Prop55
280
     0
102
RTVSPost2010PropOp55
 70
     1
102
RTVSPost2010Prop56
140
1.0
102
RTVSPost2010PropOp56
 70
     1
102
RTVSPost2010Prop57
140
1.0
102
RTVSPost2010PropOp57
 70
     1
  0
XRECORD
  5
32B
102
{ACAD_REACTORS
330
32A
102
}
330
32A
100
AcDbXrecord
280
     1
102
RTVSPropertyOp0
 70
     1
102
RTVSPropertyOp1
 70
     1
102
RTVSPropertyOp2
 70
     1
102
RTVSPropertyOp3
 70
     1
102
RTVSPropertyOp4
 70
     1
102
RTVSPropertyOp5
 70
     1
102
RTVSPropertyOp6
 70
     1
102
RTVSPropertyOp7
 70
     1
102
RTVSPropertyOp8
 70
     1
102
RTVSPropertyOp9
 70
     1
102
RTVSPropertyOp10
 70
     1
102
RTVSPropertyOp11
 70
     1
102
RTVSPropertyOp12
 70
     1
102
RTVSPropertyOp13
 70
     1
102
RTVSPropertyOp14
 70
     1
102
RTVSPropertyOp15
 70
     1
102
RTVSPropertyOp16
 70
     1
102
RTVSPropertyOp17
 70
     1
102
RTVSPropertyOp18
 70
     1
102
RTVSPropertyOp19
 70
     1
102
RTVSPropertyOp20
 70
     1
102
RTVSPropertyOp21
 70
     1
102
RTVSPropertyOp22
 70
     1
102
RTVSPropertyOp23
 70
     1
102
RTVSPropertyOp24
 70
     1
102
RTVSPropertyOp25
 70
     1
102
RTVSPropertyOp26
 70
     1
102
RTVSPropertyOp27
 70
     1
102
RTVSPropertyOp28
 70
     1
102
RTVSPropertyOp29
 70
     1
102
RTVSPropertyOp30
 70
     1
102
RTVSPropertyOp31
 70
     1
102
RTVSPropertyOp32
 70
     1
102
RTVSPropertyOp33
 70
     1
102
RTVSPropertyOp34
 70
     1
102
RTVSPropertyOp35
 70
     1
102
RTVSPropertyOp36
 70
     1
102
RTVSPropertyOp37
 70
     1
102
RTVSPropertyOp38
 70
     1
102
RTVSPropertyOp39
 70
     1
102
RTVSPropertyOp40
 70
     1
102
RTVSPropertyOp41
 70
     1
102
RTVSPropertyOp42
 70
     1
102
RTVSPropertyOp43
 70
     1
102
RTVSPropertyOp44
 70
     1
102
RTVSPropertyOp45
 70
     1
102
RTVSPropertyOp46
 70
     1
102
RTVSPropertyOp47
 70
     1
102
RTVSPropertyOp48
 70
     1
102
RTVSPropertyOp49
 70
     1
102
RTVSPropertyOp50
 70
     1
102
RTVSPropertyOp51
 70
     0
102
RTVSPropertyOp52
 70
     0
102
RTVSPropertyOp53
 70
     1
102
RTVSPropertyOp54
 70
     1
102
RTVSPropertyOp55
 70
     1
102
RTVSPropertyOp56
 70
     1
102
RTVSPropertyOp57
 70
     1
102
RTVSPost2010Prop28
280
     0
102
RTVSPost2010PropOp28
 70
     1
102
RTVSPost2010Prop29
280
     1
102
RTVSPost2010PropOp29
 70
     1
102
RTVSPost2010Prop30
280
     1
102
RTVSPost2010PropOp30
 70
     1
102
RTVSPost2010Prop31
280
     0
102
RTVSPost2010PropOp31
 70
     1
102
RTVSPost2010Prop32
280
     0
102
RTVSPost2010PropOp32
 70
     1
102
RTVSPost2010Prop33
280
     0
102
RTVSPost2010PropOp33
 70
     1
102
RTVSPost2010Prop34
280
     0
102
RTVSPost2010PropOp34
 70
     1
102
RTVSPost2010Prop35
280
     0
102
RTVSPost2010PropOp35
 70
     1
102
RTVSPost2010Prop36
280
     0
102
RTVSPost2010PropOp36
 70
     1
102
RTVSPost2010Prop37
 90
       50
102
RTVSPost2010PropOp37
 70
     1
102
RTVSPost2010Prop38
140
0.0
102
RTVSPost2010PropOp38
 70
     1
102
RTVSPost2010Prop39
140
1.0
102
RTVSPost2010PropOp39
 70
     1
102
RTVSPost2010Prop40
 90
        0
102
RTVSPost2010PropOp40
 70
     1
102
RTVSPost2010Prop41ColorIndex
 90
       18
102
RTVSPost2010Prop41ColorRGB
 90
        0
102
RTVSPost2010PropOp41
 70
     1
102
RTVSPost2010Prop42
 90
       50
102
RTVSPost2010PropOp42
 70
     1
102
RTVSPost2010Prop43
 90
        3
102
RTVSPost2010PropOp43
 70
     1
102
RTVSPost2010Prop44ColorIndex
 90
        5
102
RTVSPost2010Prop44ColorRGB
 90
      255
102
RTVSPost2010PropOp44
 70
     1
102
RTVSPost2010Prop45
280
     0
102
RTVSPost2010PropOp45
 70
     1
102
RTVSPost2010Prop46
 90
       50
102
RTVSPost2010PropOp46
 70
     1
102
RTVSPost2010Prop47
 90
       50
102
RTVSPost2010PropOp47
 70
     1
102
RTVSPost2010Prop48
 90
       50
102
RTVSPost2010PropOp48
 70
     1
102
RTVSPost2010Prop49
280
     0
102
RTVSPost2010PropOp49
 70
     1
102
RTVSPost2010Prop50
 90
       50
102
RTVSPost2010PropOp50
 70
     1
102
RTVSPost2010Prop51ColorIndex
 90
      256
102
RTVSPost2010Prop51ColorRGB
 90
-16777216
102
RTVSPost2010PropOp51
 70
     0
102
RTVSPost2010Prop52
140
1.0
102
RTVSPost2010PropOp52
 70
     0
102
RTVSPost2010Prop53
 90
        2
102
RTVSPost2010PropOp53
 70
     1
102
RTVSPost2010Prop54
  1
strokes_ogs.tif
102
RTVSPost2010PropOp54
 70
     1
102
RTVSPost2010Prop55
280
     0
102
RTVSPost2010PropOp55
 70
     1
102
RTVSPost2010Prop56
140
1.0
102
RTVSPost2010PropOp56
 70
     1
102
RTVSPost2010Prop57
140
1.0
102
RTVSPost2010PropOp57
 70
     1
  0
XRECORD
  5
333
102
{ACAD_REACTORS
330
332
102
}
330
332
100
AcDbXrecord
280
     1
102
RTVSPropertyOp0
 70
     1
102
RTVSPropertyOp1
 70
     1
102
RTVSPropertyOp2
 70
     1
102
RTVSPropertyOp3
 70
     1
102
RTVSPropertyOp4
 70
     1
102
RTVSPropertyOp5
 70
     1
102
RTVSPropertyOp6
 70
     1
102
RTVSPropertyOp7
 70
     1
102
RTVSPropertyOp8
 70
     1
102
RTVSPropertyOp9
 70
     1
102
RTVSPropertyOp10
 70
     1
102
RTVSPropertyOp11
 70
     1
102
RTVSPropertyOp12
 70
     1
102
RTVSPropertyOp13
 70
     1
102
RTVSPropertyOp14
 70
     1
102
RTVSPropertyOp15
 70
     1
102
RTVSPropertyOp16
 70
     1
102
RTVSPropertyOp17
 70
     1
102
RTVSPropertyOp18
 70
     1
102
RTVSPropertyOp19
 70
     1
102
RTVSPropertyOp20
 70
     1
102
RTVSPropertyOp21
 70
     1
102
RTVSPropertyOp22
 70
     1
102
RTVSPropertyOp23
 70
     1
102
RTVSPropertyOp24
 70
     1
102
RTVSPropertyOp25
 70
     1
102
RTVSPropertyOp26
 70
     1
102
RTVSPropertyOp27
 70
     1
102
RTVSPropertyOp28
 70
     1
102
RTVSPropertyOp29
 70
     1
102
RTVSPropertyOp30
 70
     1
102
RTVSPropertyOp31
 70
     1
102
RTVSPropertyOp32
 70
     1
102
RTVSPropertyOp33
 70
     1
102
RTVSPropertyOp34
 70
     1
102
RTVSPropertyOp35
 70
     1
102
RTVSPropertyOp36
 70
     1
102
RTVSPropertyOp37
 70
     1
102
RTVSPropertyOp38
 70
     1
102
RTVSPropertyOp39
 70
     1
102
RTVSPropertyOp40
 70
     1
102
RTVSPropertyOp41
 70
     1
102
RTVSPropertyOp42
 70
     1
102
RTVSPropertyOp43
 70
     1
102
RTVSPropertyOp44
 70
     1
102
RTVSPropertyOp45
 70
     1
102
RTVSPropertyOp46
 70
     1
102
RTVSPropertyOp47
 70
     1
102
RTVSPropertyOp48
 70
     1
102
RTVSPropertyOp49
 70
     1
102
RTVSPropertyOp50
 70
     1
102
RTVSPropertyOp51
 70
     0
102
RTVSPropertyOp52
 70
     0
102
RTVSPropertyOp53
 70
     1
102
RTVSPropertyOp54
 70
     1
102
RTVSPropertyOp55
 70
     1
102
RTVSPropertyOp56
 70
     1
102
RTVSPropertyOp57
 70
     1
102
RTVSPost2010Prop28
280
     0
102
RTVSPost2010PropOp28
 70
     1
102
RTVSPost2010Prop29
280
     1
102
RTVSPost2010PropOp29
 70
     1
102
RTVSPost2010Prop30
280
     1
102
RTVSPost2010PropOp30
 70
     1
102
RTVSPost2010Prop31
280
     0
102
RTVSPost2010PropOp31
 70
     1
102
RTVSPost2010Prop32
280
     0
102
RTVSPost2010PropOp32
 70
     1
102
RTVSPost2010Prop33
280
     0
102
RTVSPost2010PropOp33
 70
     1
102
RTVSPost2010Prop34
280
     0
102
RTVSPost2010PropOp34
 70
     1
102
RTVSPost2010Prop35
280
     0
102
RTVSPost2010PropOp35
 70
     1
102
RTVSPost2010Prop36
280
     0
102
RTVSPost2010PropOp36
 70
     1
102
RTVSPost2010Prop37
 90
       50
102
RTVSPost2010PropOp37
 70
     1
102
RTVSPost2010Prop38
140
0.0
102
RTVSPost2010PropOp38
 70
     1
102
RTVSPost2010Prop39
140
1.0
102
RTVSPost2010PropOp39
 70
     1
102
RTVSPost2010Prop40
 90
        0
102
RTVSPost2010PropOp40
 70
     1
102
RTVSPost2010Prop41ColorIndex
 90
       18
102
RTVSPost2010Prop41ColorRGB
 90
        0
102
RTVSPost2010PropOp41
 70
     1
102
RTVSPost2010Prop42
 90
       50
102
RTVSPost2010PropOp42
 70
     1
102
RTVSPost2010Prop43
 90
        3
102
RTVSPost2010PropOp43
 70
     1
102
RTVSPost2010Prop44ColorIndex
 90
        5
102
RTVSPost2010Prop44ColorRGB
 90
      255
102
RTVSPost2010PropOp44
 70
     1
102
RTVSPost2010Prop45
280
     0
102
RTVSPost2010PropOp45
 70
     1
102
RTVSPost2010Prop46
 90
       50
102
RTVSPost2010PropOp46
 70
     1
102
RTVSPost2010Prop47
 90
       50
102
RTVSPost2010PropOp47
 70
     1
102
RTVSPost2010Prop48
 90
       50
102
RTVSPost2010PropOp48
 70
     1
102
RTVSPost2010Prop49
280
     0
102
RTVSPost2010PropOp49
 70
     1
102
RTVSPost2010Prop50
 90
       50
102
RTVSPost2010PropOp50
 70
     1
102
RTVSPost2010Prop51ColorIndex
 90
      256
102
RTVSPost2010Prop51ColorRGB
 90
-16777216
102
RTVSPost2010PropOp51
 70
     0
102
RTVSPost2010Prop52
140
1.0
102
RTVSPost2010PropOp52
 70
     0
102
RTVSPost2010Prop53
 90
        2
102
RTVSPost2010PropOp53
 70
     1
102
RTVSPost2010Prop54
  1
strokes_ogs.tif
102
RTVSPost2010PropOp54
 70
     1
102
RTVSPost2010Prop55
280
     0
102
RTVSPost2010PropOp55
 70
     1
102
RTVSPost2010Prop56
140
1.0
102
RTVSPost2010PropOp56
 70
     1
102
RTVSPost2010Prop57
140
1.0
102
RTVSPost2010PropOp57
 70
     1
  0
XRECORD
  5
327
102
{ACAD_REACTORS
330
326
102
}
330
326
100
AcDbXrecord
280
     1
102
RTVSPropertyOp0
 70
     1
102
RTVSPropertyOp1
 70
     1
102
RTVSPropertyOp2
 70
     1
102
RTVSPropertyOp3
 70
     1
102
RTVSPropertyOp4
 70
     1
102
RTVSPropertyOp5
 70
     1
102
RTVSPropertyOp6
 70
     1
102
RTVSPropertyOp7
 70
     1
102
RTVSPropertyOp8
 70
     1
102
RTVSPropertyOp9
 70
     1
102
RTVSPropertyOp10
 70
     1
102
RTVSPropertyOp11
 70
     1
102
RTVSPropertyOp12
 70
     1
102
RTVSPropertyOp13
 70
     1
102
RTVSPropertyOp14
 70
     1
102
RTVSPropertyOp15
 70
     1
102
RTVSPropertyOp16
 70
     1
102
RTVSPropertyOp17
 70
     1
102
RTVSPropertyOp18
 70
     1
102
RTVSPropertyOp19
 70
     1
102
RTVSPropertyOp20
 70
     1
102
RTVSPropertyOp21
 70
     1
102
RTVSPropertyOp22
 70
     1
102
RTVSPropertyOp23
 70
     1
102
RTVSPropertyOp24
 70
     1
102
RTVSPropertyOp25
 70
     1
102
RTVSPropertyOp26
 70
     1
102
RTVSPropertyOp27
 70
     1
102
RTVSPropertyOp28
 70
     1
102
RTVSPropertyOp29
 70
     1
102
RTVSPropertyOp30
 70
     1
102
RTVSPropertyOp31
 70
     1
102
RTVSPropertyOp32
 70
     1
102
RTVSPropertyOp33
 70
     1
102
RTVSPropertyOp34
 70
     1
102
RTVSPropertyOp35
 70
     1
102
RTVSPropertyOp36
 70
     1
102
RTVSPropertyOp37
 70
     1
102
RTVSPropertyOp38
 70
     1
102
RTVSPropertyOp39
 70
     1
102
RTVSPropertyOp40
 70
     1
102
RTVSPropertyOp41
 70
     1
102
RTVSPropertyOp42
 70
     1
102
RTVSPropertyOp43
 70
     1
102
RTVSPropertyOp44
 70
     1
102
RTVSPropertyOp45
 70
     1
102
RTVSPropertyOp46
 70
     1
102
RTVSPropertyOp47
 70
     1
102
RTVSPropertyOp48
 70
     1
102
RTVSPropertyOp49
 70
     1
102
RTVSPropertyOp50
 70
     1
102
RTVSPropertyOp51
 70
     0
102
RTVSPropertyOp52
 70
     0
102
RTVSPropertyOp53
 70
     1
102
RTVSPropertyOp54
 70
     1
102
RTVSPropertyOp55
 70
     1
102
RTVSPropertyOp56
 70
     1
102
RTVSPropertyOp57
 70
     1
102
RTVSPost2010Prop28
280
     0
102
RTVSPost2010PropOp28
 70
     1
102
RTVSPost2010Prop29
280
     1
102
RTVSPost2010PropOp29
 70
     1
102
RTVSPost2010Prop30
280
     1
102
RTVSPost2010PropOp30
 70
     1
102
RTVSPost2010Prop31
280
     0
102
RTVSPost2010PropOp31
 70
     1
102
RTVSPost2010Prop32
280
     0
102
RTVSPost2010PropOp32
 70
     1
102
RTVSPost2010Prop33
280
     0
102
RTVSPost2010PropOp33
 70
     1
102
RTVSPost2010Prop34
280
     0
102
RTVSPost2010PropOp34
 70
     1
102
RTVSPost2010Prop35
280
     0
102
RTVSPost2010PropOp35
 70
     1
102
RTVSPost2010Prop36
280
     0
102
RTVSPost2010PropOp36
 70
     1
102
RTVSPost2010Prop37
 90
       50
102
RTVSPost2010PropOp37
 70
     1
102
RTVSPost2010Prop38
140
0.0
102
RTVSPost2010PropOp38
 70
     1
102
RTVSPost2010Prop39
140
1.0
102
RTVSPost2010PropOp39
 70
     1
102
RTVSPost2010Prop40
 90
        0
102
RTVSPost2010PropOp40
 70
     1
102
RTVSPost2010Prop41ColorIndex
 90
       18
102
RTVSPost2010Prop41ColorRGB
 90
        0
102
RTVSPost2010PropOp41
 70
     1
102
RTVSPost2010Prop42
 90
       50
102
RTVSPost2010PropOp42
 70
     1
102
RTVSPost2010Prop43
 90
        3
102
RTVSPost2010PropOp43
 70
     1
102
RTVSPost2010Prop44ColorIndex
 90
        5
102
RTVSPost2010Prop44ColorRGB
 90
      255
102
RTVSPost2010PropOp44
 70
     1
102
RTVSPost2010Prop45
280
     0
102
RTVSPost2010PropOp45
 70
     1
102
RTVSPost2010Prop46
 90
       50
102
RTVSPost2010PropOp46
 70
     1
102
RTVSPost2010Prop47
 90
       50
102
RTVSPost2010PropOp47
 70
     1
102
RTVSPost2010Prop48
 90
       50
102
RTVSPost2010PropOp48
 70
     1
102
RTVSPost2010Prop49
280
     0
102
RTVSPost2010PropOp49
 70
     1
102
RTVSPost2010Prop50
 90
       50
102
RTVSPost2010PropOp50
 70
     1
102
RTVSPost2010Prop51ColorIndex
 90
      256
102
RTVSPost2010Prop51ColorRGB
 90
-16777216
102
RTVSPost2010PropOp51
 70
     0
102
RTVSPost2010Prop52
140
1.0
102
RTVSPost2010PropOp52
 70
     0
102
RTVSPost2010Prop53
 90
        2
102
RTVSPost2010PropOp53
 70
     1
102
RTVSPost2010Prop54
  1
strokes_ogs.tif
102
RTVSPost2010PropOp54
 70
     1
102
RTVSPost2010Prop55
280
     0
102
RTVSPost2010PropOp55
 70
     1
102
RTVSPost2010Prop56
140
1.0
102
RTVSPost2010PropOp56
 70
     1
102
RTVSPost2010Prop57
140
1.0
102
RTVSPost2010PropOp57
 70
     1
  0
XRECORD
  5
329
102
{ACAD_REACTORS
330
328
102
}
330
328
100
AcDbXrecord
280
     1
102
RTVSPropertyOp0
 70
     1
102
RTVSPropertyOp1
 70
     1
102
RTVSPropertyOp2
 70
     1
102
RTVSPropertyOp3
 70
     1
102
RTVSPropertyOp4
 70
     1
102
RTVSPropertyOp5
 70
     1
102
RTVSPropertyOp6
 70
     1
102
RTVSPropertyOp7
 70
     1
102
RTVSPropertyOp8
 70
     1
102
RTVSPropertyOp9
 70
     1
102
RTVSPropertyOp10
 70
     1
102
RTVSPropertyOp11
 70
     1
102
RTVSPropertyOp12
 70
     1
102
RTVSPropertyOp13
 70
     1
102
RTVSPropertyOp14
 70
     1
102
RTVSPropertyOp15
 70
     1
102
RTVSPropertyOp16
 70
     1
102
RTVSPropertyOp17
 70
     1
102
RTVSPropertyOp18
 70
     1
102
RTVSPropertyOp19
 70
     1
102
RTVSPropertyOp20
 70
     1
102
RTVSPropertyOp21
 70
     1
102
RTVSPropertyOp22
 70
     1
102
RTVSPropertyOp23
 70
     1
102
RTVSPropertyOp24
 70
     1
102
RTVSPropertyOp25
 70
     1
102
RTVSPropertyOp26
 70
     1
102
RTVSPropertyOp27
 70
     1
102
RTVSPropertyOp28
 70
     1
102
RTVSPropertyOp29
 70
     1
102
RTVSPropertyOp30
 70
     1
102
RTVSPropertyOp31
 70
     1
102
RTVSPropertyOp32
 70
     1
102
RTVSPropertyOp33
 70
     1
102
RTVSPropertyOp34
 70
     1
102
RTVSPropertyOp35
 70
     1
102
RTVSPropertyOp36
 70
     1
102
RTVSPropertyOp37
 70
     1
102
RTVSPropertyOp38
 70
     1
102
RTVSPropertyOp39
 70
     1
102
RTVSPropertyOp40
 70
     1
102
RTVSPropertyOp41
 70
     1
102
RTVSPropertyOp42
 70
     1
102
RTVSPropertyOp43
 70
     1
102
RTVSPropertyOp44
 70
     1
102
RTVSPropertyOp45
 70
     1
102
RTVSPropertyOp46
 70
     1
102
RTVSPropertyOp47
 70
     1
102
RTVSPropertyOp48
 70
     1
102
RTVSPropertyOp49
 70
     1
102
RTVSPropertyOp50
 70
     1
102
RTVSPropertyOp51
 70
     0
102
RTVSPropertyOp52
 70
     0
102
RTVSPropertyOp53
 70
     1
102
RTVSPropertyOp54
 70
     1
102
RTVSPropertyOp55
 70
     1
102
RTVSPropertyOp56
 70
     1
102
RTVSPropertyOp57
 70
     1
102
RTVSPost2010Prop28
280
     0
102
RTVSPost2010PropOp28
 70
     1
102
RTVSPost2010Prop29
280
     1
102
RTVSPost2010PropOp29
 70
     1
102
RTVSPost2010Prop30
280
     1
102
RTVSPost2010PropOp30
 70
     1
102
RTVSPost2010Prop31
280
     0
102
RTVSPost2010PropOp31
 70
     1
102
RTVSPost2010Prop32
280
     0
102
RTVSPost2010PropOp32
 70
     1
102
RTVSPost2010Prop33
280
     0
102
RTVSPost2010PropOp33
 70
     1
102
RTVSPost2010Prop34
280
     0
102
RTVSPost2010PropOp34
 70
     1
102
RTVSPost2010Prop35
280
     0
102
RTVSPost2010PropOp35
 70
     1
102
RTVSPost2010Prop36
280
     0
102
RTVSPost2010PropOp36
 70
     1
102
RTVSPost2010Prop37
 90
       50
102
RTVSPost2010PropOp37
 70
     1
102
RTVSPost2010Prop38
140
0.0
102
RTVSPost2010PropOp38
 70
     1
102
RTVSPost2010Prop39
140
1.0
102
RTVSPost2010PropOp39
 70
     1
102
RTVSPost2010Prop40
 90
        0
102
RTVSPost2010PropOp40
 70
     1
102
RTVSPost2010Prop41ColorIndex
 90
       18
102
RTVSPost2010Prop41ColorRGB
 90
        0
102
RTVSPost2010PropOp41
 70
     1
102
RTVSPost2010Prop42
 90
       50
102
RTVSPost2010PropOp42
 70
     1
102
RTVSPost2010Prop43
 90
        3
102
RTVSPost2010PropOp43
 70
     1
102
RTVSPost2010Prop44ColorIndex
 90
        5
102
RTVSPost2010Prop44ColorRGB
 90
      255
102
RTVSPost2010PropOp44
 70
     1
102
RTVSPost2010Prop45
280
     0
102
RTVSPost2010PropOp45
 70
     1
102
RTVSPost2010Prop46
 90
       50
102
RTVSPost2010PropOp46
 70
     1
102
RTVSPost2010Prop47
 90
       50
102
RTVSPost2010PropOp47
 70
     1
102
RTVSPost2010Prop48
 90
       50
102
RTVSPost2010PropOp48
 70
     1
102
RTVSPost2010Prop49
280
     0
102
RTVSPost2010PropOp49
 70
     1
102
RTVSPost2010Prop50
 90
       50
102
RTVSPost2010PropOp50
 70
     1
102
RTVSPost2010Prop51ColorIndex
 90
      256
102
RTVSPost2010Prop51ColorRGB
 90
-16777216
102
RTVSPost2010PropOp51
 70
     0
102
RTVSPost2010Prop52
140
1.0
102
RTVSPost2010PropOp52
 70
     0
102
RTVSPost2010Prop53
 90
        2
102
RTVSPost2010PropOp53
 70
     1
102
RTVSPost2010Prop54
  1
strokes_ogs.tif
102
RTVSPost2010PropOp54
 70
     1
102
RTVSPost2010Prop55
280
     0
102
RTVSPost2010PropOp55
 70
     1
102
RTVSPost2010Prop56
140
1.0
102
RTVSPost2010PropOp56
 70
     1
102
RTVSPost2010Prop57
140
1.0
102
RTVSPost2010PropOp57
 70
     1
  0
XRECORD
  5
339
102
{ACAD_REACTORS
330
338
102
}
330
338
100
AcDbXrecord
280
     1
102
RTVSPropertyOp0
 70
     0
102
RTVSPropertyOp1
 70
     0
102
RTVSPropertyOp2
 70
     0
102
RTVSPropertyOp3
 70
     0
102
RTVSPropertyOp4
 70
     0
102
RTVSPropertyOp5
 70
     0
102
RTVSPropertyOp6
 70
     0
102
RTVSPropertyOp7
 70
     0
102
RTVSPropertyOp8
 70
     0
102
RTVSPropertyOp9
 70
     0
102
RTVSPropertyOp10
 70
     0
102
RTVSPropertyOp11
 70
     0
102
RTVSPropertyOp12
 70
     0
102
RTVSPropertyOp13
 70
     0
102
RTVSPropertyOp14
 70
     2
102
RTVSPropertyOp15
 70
     0
102
RTVSPropertyOp16
 70
     0
102
RTVSPropertyOp17
 70
     0
102
RTVSPropertyOp18
 70
     0
102
RTVSPropertyOp19
 70
     0
102
RTVSPropertyOp20
 70
     0
102
RTVSPropertyOp21
 70
     0
102
RTVSPropertyOp22
 70
     0
102
RTVSPropertyOp23
 70
     0
102
RTVSPropertyOp24
 70
     0
102
RTVSPropertyOp25
 70
     0
102
RTVSPropertyOp26
 70
     0
102
RTVSPropertyOp27
 70
     0
102
RTVSPropertyOp28
 70
     0
102
RTVSPropertyOp29
 70
     0
102
RTVSPropertyOp30
 70
     0
102
RTVSPropertyOp31
 70
     0
102
RTVSPropertyOp32
 70
     0
102
RTVSPropertyOp33
 70
     0
102
RTVSPropertyOp34
 70
     0
102
RTVSPropertyOp35
 70
     0
102
RTVSPropertyOp36
 70
     0
102
RTVSPropertyOp37
 70
     0
102
RTVSPropertyOp38
 70
     0
102
RTVSPropertyOp39
 70
     0
102
RTVSPropertyOp40
 70
     0
102
RTVSPropertyOp41
 70
     0
102
RTVSPropertyOp42
 70
     0
102
RTVSPropertyOp43
 70
     0
102
RTVSPropertyOp44
 70
     0
102
RTVSPropertyOp45
 70
     0
102
RTVSPropertyOp46
 70
     0
102
RTVSPropertyOp47
 70
     0
102
RTVSPropertyOp48
 70
     0
102
RTVSPropertyOp49
 70
     0
102
RTVSPropertyOp50
 70
     0
102
RTVSPropertyOp51
 70
     0
102
RTVSPropertyOp52
 70
     0
102
RTVSPropertyOp53
 70
     0
102
RTVSPropertyOp54
 70
     0
102
RTVSPropertyOp55
 70
     0
102
RTVSPropertyOp56
 70
     0
102
RTVSPropertyOp57
 70
     0
102
RTVSPost2010Prop28
280
     0
102
RTVSPost2010PropOp28
 70
     0
102
RTVSPost2010Prop29
280
     1
102
RTVSPost2010PropOp29
 70
     0
102
RTVSPost2010Prop30
280
     1
102
RTVSPost2010PropOp30
 70
     0
102
RTVSPost2010Prop31
280
     0
102
RTVSPost2010PropOp31
 70
     0
102
RTVSPost2010Prop32
280
     0
102
RTVSPost2010PropOp32
 70
     0
102
RTVSPost2010Prop33
280
     0
102
RTVSPost2010PropOp33
 70
     0
102
RTVSPost2010Prop34
280
     0
102
RTVSPost2010PropOp34
 70
     0
102
RTVSPost2010Prop35
280
     0
102
RTVSPost2010PropOp35
 70
     0
102
RTVSPost2010Prop36
280
     0
102
RTVSPost2010PropOp36
 70
     0
102
RTVSPost2010Prop37
 90
       50
102
RTVSPost2010PropOp37
 70
     0
102
RTVSPost2010Prop38
140
0.0
102
RTVSPost2010PropOp38
 70
     0
102
RTVSPost2010Prop39
140
1.0
102
RTVSPost2010PropOp39
 70
     0
102
RTVSPost2010Prop40
 90
        0
102
RTVSPost2010PropOp40
 70
     0
102
RTVSPost2010Prop41ColorIndex
 90
       18
102
RTVSPost2010Prop41ColorRGB
 90
        0
102
RTVSPost2010PropOp41
 70
     0
102
RTVSPost2010Prop42
 90
       50
102
RTVSPost2010PropOp42
 70
     0
102
RTVSPost2010Prop43
 90
        3
102
RTVSPost2010PropOp43
 70
     0
102
RTVSPost2010Prop44ColorIndex
 90
        5
102
RTVSPost2010Prop44ColorRGB
 90
      255
102
RTVSPost2010PropOp44
 70
     0
102
RTVSPost2010Prop45
280
     0
102
RTVSPost2010PropOp45
 70
     0
102
RTVSPost2010Prop46
 90
       50
102
RTVSPost2010PropOp46
 70
     0
102
RTVSPost2010Prop47
 90
       50
102
RTVSPost2010PropOp47
 70
     0
102
RTVSPost2010Prop48
 90
       50
102
RTVSPost2010PropOp48
 70
     0
102
RTVSPost2010Prop49
280
     0
102
RTVSPost2010PropOp49
 70
     0
102
RTVSPost2010Prop50
 90
       50
102
RTVSPost2010PropOp50
 70
     0
102
RTVSPost2010Prop51ColorIndex
 90
      256
102
RTVSPost2010Prop51ColorRGB
 90
-16777216
102
RTVSPost2010PropOp51
 70
     0
102
RTVSPost2010Prop52
140
1.0
102
RTVSPost2010PropOp52
 70
     0
102
RTVSPost2010Prop53
 90
        2
102
RTVSPost2010PropOp53
 70
     0
102
RTVSPost2010Prop54
  1
strokes_ogs.tif
102
RTVSPost2010PropOp54
 70
     0
102
RTVSPost2010Prop55
280
     0
102
RTVSPost2010PropOp55
 70
     0
102
RTVSPost2010Prop56
140
1.0
102
RTVSPost2010PropOp56
 70
     0
102
RTVSPost2010Prop57
140
1.0
102
RTVSPost2010PropOp57
 70
     0
  0
XRECORD
  5
331
102
{ACAD_REACTORS
330
330
102
}
330
330
100
AcDbXrecord
280
     1
102
RTVSPropertyOp0
 70
     1
102
RTVSPropertyOp1
 70
     1
102
RTVSPropertyOp2
 70
     1
102
RTVSPropertyOp3
 70
     1
102
RTVSPropertyOp4
 70
     1
102
RTVSPropertyOp5
 70
     1
102
RTVSPropertyOp6
 70
     1
102
RTVSPropertyOp7
 70
     1
102
RTVSPropertyOp8
 70
     1
102
RTVSPropertyOp9
 70
     1
102
RTVSPropertyOp10
 70
     1
102
RTVSPropertyOp11
 70
     1
102
RTVSPropertyOp12
 70
     1
102
RTVSPropertyOp13
 70
     1
102
RTVSPropertyOp14
 70
     1
102
RTVSPropertyOp15
 70
     1
102
RTVSPropertyOp16
 70
     1
102
RTVSPropertyOp17
 70
     1
102
RTVSPropertyOp18
 70
     1
102
RTVSPropertyOp19
 70
     1
102
RTVSPropertyOp20
 70
     1
102
RTVSPropertyOp21
 70
     1
102
RTVSPropertyOp22
 70
     1
102
RTVSPropertyOp23
 70
     1
102
RTVSPropertyOp24
 70
     1
102
RTVSPropertyOp25
 70
     1
102
RTVSPropertyOp26
 70
     1
102
RTVSPropertyOp27
 70
     1
102
RTVSPropertyOp28
 70
     1
102
RTVSPropertyOp29
 70
     1
102
RTVSPropertyOp30
 70
     1
102
RTVSPropertyOp31
 70
     1
102
RTVSPropertyOp32
 70
     1
102
RTVSPropertyOp33
 70
     1
102
RTVSPropertyOp34
 70
     1
102
RTVSPropertyOp35
 70
     1
102
RTVSPropertyOp36
 70
     1
102
RTVSPropertyOp37
 70
     1
102
RTVSPropertyOp38
 70
     1
102
RTVSPropertyOp39
 70
     1
102
RTVSPropertyOp40
 70
     1
102
RTVSPropertyOp41
 70
     1
102
RTVSPropertyOp42
 70
     1
102
RTVSPropertyOp43
 70
     1
102
RTVSPropertyOp44
 70
     1
102
RTVSPropertyOp45
 70
     1
102
RTVSPropertyOp46
 70
     1
102
RTVSPropertyOp47
 70
     1
102
RTVSPropertyOp48
 70
     1
102
RTVSPropertyOp49
 70
     1
102
RTVSPropertyOp50
 70
     1
102
RTVSPropertyOp51
 70
     0
102
RTVSPropertyOp52
 70
     0
102
RTVSPropertyOp53
 70
     1
102
RTVSPropertyOp54
 70
     1
102
RTVSPropertyOp55
 70
     1
102
RTVSPropertyOp56
 70
     1
102
RTVSPropertyOp57
 70
     1
102
RTVSPost2010Prop28
280
     0
102
RTVSPost2010PropOp28
 70
     1
102
RTVSPost2010Prop29
280
     1
102
RTVSPost2010PropOp29
 70
     1
102
RTVSPost2010Prop30
280
     1
102
RTVSPost2010PropOp30
 70
     1
102
RTVSPost2010Prop31
280
     0
102
RTVSPost2010PropOp31
 70
     1
102
RTVSPost2010Prop32
280
     0
102
RTVSPost2010PropOp32
 70
     1
102
RTVSPost2010Prop33
280
     0
102
RTVSPost2010PropOp33
 70
     1
102
RTVSPost2010Prop34
280
     0
102
RTVSPost2010PropOp34
 70
     1
102
RTVSPost2010Prop35
280
     0
102
RTVSPost2010PropOp35
 70
     1
102
RTVSPost2010Prop36
280
     0
102
RTVSPost2010PropOp36
 70
     1
102
RTVSPost2010Prop37
 90
       50
102
RTVSPost2010PropOp37
 70
     1
102
RTVSPost2010Prop38
140
0.0
102
RTVSPost2010PropOp38
 70
     1
102
RTVSPost2010Prop39
140
1.0
102
RTVSPost2010PropOp39
 70
     1
102
RTVSPost2010Prop40
 90
        0
102
RTVSPost2010PropOp40
 70
     1
102
RTVSPost2010Prop41ColorIndex
 90
       18
102
RTVSPost2010Prop41ColorRGB
 90
        0
102
RTVSPost2010PropOp41
 70
     1
102
RTVSPost2010Prop42
 90
       50
102
RTVSPost2010PropOp42
 70
     1
102
RTVSPost2010Prop43
 90
        3
102
RTVSPost2010PropOp43
 70
     1
102
RTVSPost2010Prop44ColorIndex
 90
        5
102
RTVSPost2010Prop44ColorRGB
 90
      255
102
RTVSPost2010PropOp44
 70
     1
102
RTVSPost2010Prop45
280
     0
102
RTVSPost2010PropOp45
 70
     1
102
RTVSPost2010Prop46
 90
       50
102
RTVSPost2010PropOp46
 70
     1
102
RTVSPost2010Prop47
 90
       50
102
RTVSPost2010PropOp47
 70
     1
102
RTVSPost2010Prop48
 90
       50
102
RTVSPost2010PropOp48
 70
     1
102
RTVSPost2010Prop49
280
     0
102
RTVSPost2010PropOp49
 70
     1
102
RTVSPost2010Prop50
 90
       50
102
RTVSPost2010PropOp50
 70
     1
102
RTVSPost2010Prop51ColorIndex
 90
      256
102
RTVSPost2010Prop51ColorRGB
 90
-16777216
102
RTVSPost2010PropOp51
 70
     0
102
RTVSPost2010Prop52
140
1.0
102
RTVSPost2010PropOp52
 70
     0
102
RTVSPost2010Prop53
 90
        2
102
RTVSPost2010PropOp53
 70
     1
102
RTVSPost2010Prop54
  1
strokes_ogs.tif
102
RTVSPost2010PropOp54
 70
     1
102
RTVSPost2010Prop55
280
     0
102
RTVSPost2010PropOp55
 70
     1
102
RTVSPost2010Prop56
140
1.0
102
RTVSPost2010PropOp56
 70
     1
102
RTVSPost2010Prop57
140
1.0
102
RTVSPost2010PropOp57
 70
     1
  0
XRECORD
  5
315
102
{ACAD_REACTORS
330
314
102
}
330
314
100
AcDbXrecord
280
     1
102
RTVSPropertyOp0
 70
     1
102
RTVSPropertyOp1
 70
     1
102
RTVSPropertyOp2
 70
     1
102
RTVSPropertyOp3
 70
     1
102
RTVSPropertyOp4
 70
     1
102
RTVSPropertyOp5
 70
     1
102
RTVSPropertyOp6
 70
     1
102
RTVSPropertyOp7
 70
     1
102
RTVSPropertyOp8
 70
     1
102
RTVSPropertyOp9
 70
     1
102
RTVSPropertyOp10
 70
     1
102
RTVSPropertyOp11
 70
     1
102
RTVSPropertyOp12
 70
     1
102
RTVSPropertyOp13
 70
     1
102
RTVSPropertyOp14
 70
     1
102
RTVSPropertyOp15
 70
     1
102
RTVSPropertyOp16
 70
     1
102
RTVSPropertyOp17
 70
     1
102
RTVSPropertyOp18
 70
     1
102
RTVSPropertyOp19
 70
     1
102
RTVSPropertyOp20
 70
     1
102
RTVSPropertyOp21
 70
     1
102
RTVSPropertyOp22
 70
     1
102
RTVSPropertyOp23
 70
     1
102
RTVSPropertyOp24
 70
     1
102
RTVSPropertyOp25
 70
     1
102
RTVSPropertyOp26
 70
     1
102
RTVSPropertyOp27
 70
     1
102
RTVSPropertyOp28
 70
     1
102
RTVSPropertyOp29
 70
     1
102
RTVSPropertyOp30
 70
     1
102
RTVSPropertyOp31
 70
     1
102
RTVSPropertyOp32
 70
     1
102
RTVSPropertyOp33
 70
     1
102
RTVSPropertyOp34
 70
     1
102
RTVSPropertyOp35
 70
     1
102
RTVSPropertyOp36
 70
     1
102
RTVSPropertyOp37
 70
     1
102
RTVSPropertyOp38
 70
     1
102
RTVSPropertyOp39
 70
     1
102
RTVSPropertyOp40
 70
     1
102
RTVSPropertyOp41
 70
     1
102
RTVSPropertyOp42
 70
     1
102
RTVSPropertyOp43
 70
     1
102
RTVSPropertyOp44
 70
     1
102
RTVSPropertyOp45
 70
     1
102
RTVSPropertyOp46
 70
     1
102
RTVSPropertyOp47
 70
     1
102
RTVSPropertyOp48
 70
     1
102
RTVSPropertyOp49
 70
     1
102
RTVSPropertyOp50
 70
     1
102
RTVSPropertyOp51
 70
     0
102
RTVSPropertyOp52
 70
     0
102
RTVSPropertyOp53
 70
     1
102
RTVSPropertyOp54
 70
     1
102
RTVSPropertyOp55
 70
     1
102
RTVSPropertyOp56
 70
     1
102
RTVSPropertyOp57
 70
     1
102
RTVSPost2010Prop28
280
     0
102
RTVSPost2010PropOp28
 70
     1
102
RTVSPost2010Prop29
280
     1
102
RTVSPost2010PropOp29
 70
     1
102
RTVSPost2010Prop30
280
     1
102
RTVSPost2010PropOp30
 70
     1
102
RTVSPost2010Prop31
280
     0
102
RTVSPost2010PropOp31
 70
     1
102
RTVSPost2010Prop32
280
     0
102
RTVSPost2010PropOp32
 70
     1
102
RTVSPost2010Prop33
280
     0
102
RTVSPost2010PropOp33
 70
     1
102
RTVSPost2010Prop34
280
     0
102
RTVSPost2010PropOp34
 70
     1
102
RTVSPost2010Prop35
280
     0
102
RTVSPost2010PropOp35
 70
     1
102
RTVSPost2010Prop36
280
     0
102
RTVSPost2010PropOp36
 70
     1
102
RTVSPost2010Prop37
 90
       50
102
RTVSPost2010PropOp37
 70
     1
102
RTVSPost2010Prop38
140
0.0
102
RTVSPost2010PropOp38
 70
     1
102
RTVSPost2010Prop39
140
1.0
102
RTVSPost2010PropOp39
 70
     1
102
RTVSPost2010Prop40
 90
        0
102
RTVSPost2010PropOp40
 70
     1
102
RTVSPost2010Prop41ColorIndex
 90
       18
102
RTVSPost2010Prop41ColorRGB
 90
        0
102
RTVSPost2010PropOp41
 70
     1
102
RTVSPost2010Prop42
 90
       50
102
RTVSPost2010PropOp42
 70
     1
102
RTVSPost2010Prop43
 90
        3
102
RTVSPost2010PropOp43
 70
     1
102
RTVSPost2010Prop44ColorIndex
 90
        5
102
RTVSPost2010Prop44ColorRGB
 90
      255
102
RTVSPost2010PropOp44
 70
     1
102
RTVSPost2010Prop45
280
     0
102
RTVSPost2010PropOp45
 70
     1
102
RTVSPost2010Prop46
 90
       50
102
RTVSPost2010PropOp46
 70
     1
102
RTVSPost2010Prop47
 90
       50
102
RTVSPost2010PropOp47
 70
     1
102
RTVSPost2010Prop48
 90
       50
102
RTVSPost2010PropOp48
 70
     1
102
RTVSPost2010Prop49
280
     0
102
RTVSPost2010PropOp49
 70
     1
102
RTVSPost2010Prop50
 90
       50
102
RTVSPost2010PropOp50
 70
     1
102
RTVSPost2010Prop51ColorIndex
 90
      256
102
RTVSPost2010Prop51ColorRGB
 90
-16777216
102
RTVSPost2010PropOp51
 70
     0
102
RTVSPost2010Prop52
140
1.0
102
RTVSPost2010PropOp52
 70
     0
102
RTVSPost2010Prop53
 90
        2
102
RTVSPost2010PropOp53
 70
     1
102
RTVSPost2010Prop54
  1
strokes_ogs.tif
102
RTVSPost2010PropOp54
 70
     1
102
RTVSPost2010Prop55
280
     0
102
RTVSPost2010PropOp55
 70
     1
102
RTVSPost2010Prop56
140
1.0
102
RTVSPost2010PropOp56
 70
     1
102
RTVSPost2010Prop57
140
1.0
102
RTVSPost2010PropOp57
 70
     1
  0
XRECORD
  5
317
102
{ACAD_REACTORS
330
316
102
}
330
316
100
AcDbXrecord
280
     1
102
RTVSPropertyOp0
 70
     1
102
RTVSPropertyOp1
 70
     1
102
RTVSPropertyOp2
 70
     1
102
RTVSPropertyOp3
 70
     1
102
RTVSPropertyOp4
 70
     1
102
RTVSPropertyOp5
 70
     1
102
RTVSPropertyOp6
 70
     1
102
RTVSPropertyOp7
 70
     1
102
RTVSPropertyOp8
 70
     1
102
RTVSPropertyOp9
 70
     1
102
RTVSPropertyOp10
 70
     1
102
RTVSPropertyOp11
 70
     1
102
RTVSPropertyOp12
 70
     1
102
RTVSPropertyOp13
 70
     1
102
RTVSPropertyOp14
 70
     1
102
RTVSPropertyOp15
 70
     1
102
RTVSPropertyOp16
 70
     1
102
RTVSPropertyOp17
 70
     1
102
RTVSPropertyOp18
 70
     1
102
RTVSPropertyOp19
 70
     1
102
RTVSPropertyOp20
 70
     1
102
RTVSPropertyOp21
 70
     1
102
RTVSPropertyOp22
 70
     1
102
RTVSPropertyOp23
 70
     1
102
RTVSPropertyOp24
 70
     1
102
RTVSPropertyOp25
 70
     1
102
RTVSPropertyOp26
 70
     1
102
RTVSPropertyOp27
 70
     1
102
RTVSPropertyOp28
 70
     1
102
RTVSPropertyOp29
 70
     1
102
RTVSPropertyOp30
 70
     1
102
RTVSPropertyOp31
 70
     1
102
RTVSPropertyOp32
 70
     1
102
RTVSPropertyOp33
 70
     1
102
RTVSPropertyOp34
 70
     1
102
RTVSPropertyOp35
 70
     1
102
RTVSPropertyOp36
 70
     1
102
RTVSPropertyOp37
 70
     1
102
RTVSPropertyOp38
 70
     1
102
RTVSPropertyOp39
 70
     1
102
RTVSPropertyOp40
 70
     1
102
RTVSPropertyOp41
 70
     1
102
RTVSPropertyOp42
 70
     1
102
RTVSPropertyOp43
 70
     1
102
RTVSPropertyOp44
 70
     1
102
RTVSPropertyOp45
 70
     1
102
RTVSPropertyOp46
 70
     1
102
RTVSPropertyOp47
 70
     1
102
RTVSPropertyOp48
 70
     1
102
RTVSPropertyOp49
 70
     1
102
RTVSPropertyOp50
 70
     1
102
RTVSPropertyOp51
 70
     0
102
RTVSPropertyOp52
 70
     0
102
RTVSPropertyOp53
 70
     1
102
RTVSPropertyOp54
 70
     1
102
RTVSPropertyOp55
 70
     1
102
RTVSPropertyOp56
 70
     1
102
RTVSPropertyOp57
 70
     1
102
RTVSPost2010Prop28
280
     0
102
RTVSPost2010PropOp28
 70
     1
102
RTVSPost2010Prop29
280
     1
102
RTVSPost2010PropOp29
 70
     1
102
RTVSPost2010Prop30
280
     1
102
RTVSPost2010PropOp30
 70
     1
102
RTVSPost2010Prop31
280
     0
102
RTVSPost2010PropOp31
 70
     1
102
RTVSPost2010Prop32
280
     0
102
RTVSPost2010PropOp32
 70
     1
102
RTVSPost2010Prop33
280
     0
102
RTVSPost2010PropOp33
 70
     1
102
RTVSPost2010Prop34
280
     0
102
RTVSPost2010PropOp34
 70
     1
102
RTVSPost2010Prop35
280
     0
102
RTVSPost2010PropOp35
 70
     1
102
RTVSPost2010Prop36
280
     0
102
RTVSPost2010PropOp36
 70
     1
102
RTVSPost2010Prop37
 90
       50
102
RTVSPost2010PropOp37
 70
     1
102
RTVSPost2010Prop38
140
0.0
102
RTVSPost2010PropOp38
 70
     1
102
RTVSPost2010Prop39
140
1.0
102
RTVSPost2010PropOp39
 70
     1
102
RTVSPost2010Prop40
 90
        0
102
RTVSPost2010PropOp40
 70
     1
102
RTVSPost2010Prop41ColorIndex
 90
       18
102
RTVSPost2010Prop41ColorRGB
 90
        0
102
RTVSPost2010PropOp41
 70
     1
102
RTVSPost2010Prop42
 90
       50
102
RTVSPost2010PropOp42
 70
     1
102
RTVSPost2010Prop43
 90
        3
102
RTVSPost2010PropOp43
 70
     1
102
RTVSPost2010Prop44ColorIndex
 90
        5
102
RTVSPost2010Prop44ColorRGB
 90
      255
102
RTVSPost2010PropOp44
 70
     1
102
RTVSPost2010Prop45
280
     0
102
RTVSPost2010PropOp45
 70
     1
102
RTVSPost2010Prop46
 90
       50
102
RTVSPost2010PropOp46
 70
     1
102
RTVSPost2010Prop47
 90
       50
102
RTVSPost2010PropOp47
 70
     1
102
RTVSPost2010Prop48
 90
       50
102
RTVSPost2010PropOp48
 70
     1
102
RTVSPost2010Prop49
280
     0
102
RTVSPost2010PropOp49
 70
     1
102
RTVSPost2010Prop50
 90
       50
102
RTVSPost2010PropOp50
 70
     1
102
RTVSPost2010Prop51ColorIndex
 90
      256
102
RTVSPost2010Prop51ColorRGB
 90
-16777216
102
RTVSPost2010PropOp51
 70
     0
102
RTVSPost2010Prop52
140
1.0
102
RTVSPost2010PropOp52
 70
     0
102
RTVSPost2010Prop53
 90
        2
102
RTVSPost2010PropOp53
 70
     1
102
RTVSPost2010Prop54
  1
strokes_ogs.tif
102
RTVSPost2010PropOp54
 70
     1
102
RTVSPost2010Prop55
280
     0
102
RTVSPost2010PropOp55
 70
     1
102
RTVSPost2010Prop56
140
1.0
102
RTVSPost2010PropOp56
 70
     1
102
RTVSPost2010Prop57
140
1.0
102
RTVSPost2010PropOp57
 70
     1
  0
XRECORD
  5
319
102
{ACAD_REACTORS
330
318
102
}
330
318
100
AcDbXrecord
280
     1
102
RTVSPropertyOp0
 70
     1
102
RTVSPropertyOp1
 70
     1
102
RTVSPropertyOp2
 70
     1
102
RTVSPropertyOp3
 70
     1
102
RTVSPropertyOp4
 70
     1
102
RTVSPropertyOp5
 70
     1
102
RTVSPropertyOp6
 70
     1
102
RTVSPropertyOp7
 70
     1
102
RTVSPropertyOp8
 70
     1
102
RTVSPropertyOp9
 70
     1
102
RTVSPropertyOp10
 70
     1
102
RTVSPropertyOp11
 70
     1
102
RTVSPropertyOp12
 70
     1
102
RTVSPropertyOp13
 70
     1
102
RTVSPropertyOp14
 70
     1
102
RTVSPropertyOp15
 70
     1
102
RTVSPropertyOp16
 70
     1
102
RTVSPropertyOp17
 70
     1
102
RTVSPropertyOp18
 70
     1
102
RTVSPropertyOp19
 70
     1
102
RTVSPropertyOp20
 70
     1
102
RTVSPropertyOp21
 70
     1
102
RTVSPropertyOp22
 70
     1
102
RTVSPropertyOp23
 70
     1
102
RTVSPropertyOp24
 70
     1
102
RTVSPropertyOp25
 70
     1
102
RTVSPropertyOp26
 70
     1
102
RTVSPropertyOp27
 70
     1
102
RTVSPropertyOp28
 70
     1
102
RTVSPropertyOp29
 70
     1
102
RTVSPropertyOp30
 70
     1
102
RTVSPropertyOp31
 70
     1
102
RTVSPropertyOp32
 70
     1
102
RTVSPropertyOp33
 70
     1
102
RTVSPropertyOp34
 70
     1
102
RTVSPropertyOp35
 70
     1
102
RTVSPropertyOp36
 70
     1
102
RTVSPropertyOp37
 70
     1
102
RTVSPropertyOp38
 70
     1
102
RTVSPropertyOp39
 70
     1
102
RTVSPropertyOp40
 70
     1
102
RTVSPropertyOp41
 70
     1
102
RTVSPropertyOp42
 70
     1
102
RTVSPropertyOp43
 70
     1
102
RTVSPropertyOp44
 70
     1
102
RTVSPropertyOp45
 70
     1
102
RTVSPropertyOp46
 70
     1
102
RTVSPropertyOp47
 70
     1
102
RTVSPropertyOp48
 70
     1
102
RTVSPropertyOp49
 70
     1
102
RTVSPropertyOp50
 70
     1
102
RTVSPropertyOp51
 70
     0
102
RTVSPropertyOp52
 70
     0
102
RTVSPropertyOp53
 70
     1
102
RTVSPropertyOp54
 70
     1
102
RTVSPropertyOp55
 70
     1
102
RTVSPropertyOp56
 70
     1
102
RTVSPropertyOp57
 70
     1
102
RTVSPost2010Prop28
280
     0
102
RTVSPost2010PropOp28
 70
     1
102
RTVSPost2010Prop29
280
     1
102
RTVSPost2010PropOp29
 70
     1
102
RTVSPost2010Prop30
280
     1
102
RTVSPost2010PropOp30
 70
     1
102
RTVSPost2010Prop31
280
     0
102
RTVSPost2010PropOp31
 70
     1
102
RTVSPost2010Prop32
280
     0
102
RTVSPost2010PropOp32
 70
     1
102
RTVSPost2010Prop33
280
     0
102
RTVSPost2010PropOp33
 70
     1
102
RTVSPost2010Prop34
280
     0
102
RTVSPost2010PropOp34
 70
     1
102
RTVSPost2010Prop35
280
     0
102
RTVSPost2010PropOp35
 70
     1
102
RTVSPost2010Prop36
280
     0
102
RTVSPost2010PropOp36
 70
     1
102
RTVSPost2010Prop37
 90
       50
102
RTVSPost2010PropOp37
 70
     1
102
RTVSPost2010Prop38
140
0.0
102
RTVSPost2010PropOp38
 70
     1
102
RTVSPost2010Prop39
140
1.0
102
RTVSPost2010PropOp39
 70
     1
102
RTVSPost2010Prop40
 90
        0
102
RTVSPost2010PropOp40
 70
     1
102
RTVSPost2010Prop41ColorIndex
 90
       18
102
RTVSPost2010Prop41ColorRGB
 90
        0
102
RTVSPost2010PropOp41
 70
     1
102
RTVSPost2010Prop42
 90
       50
102
RTVSPost2010PropOp42
 70
     1
102
RTVSPost2010Prop43
 90
        3
102
RTVSPost2010PropOp43
 70
     1
102
RTVSPost2010Prop44ColorIndex
 90
        5
102
RTVSPost2010Prop44ColorRGB
 90
      255
102
RTVSPost2010PropOp44
 70
     1
102
RTVSPost2010Prop45
280
     0
102
RTVSPost2010PropOp45
 70
     1
102
RTVSPost2010Prop46
 90
       50
102
RTVSPost2010PropOp46
 70
     1
102
RTVSPost2010Prop47
 90
       50
102
RTVSPost2010PropOp47
 70
     1
102
RTVSPost2010Prop48
 90
       50
102
RTVSPost2010PropOp48
 70
     1
102
RTVSPost2010Prop49
280
     0
102
RTVSPost2010PropOp49
 70
     1
102
RTVSPost2010Prop50
 90
       50
102
RTVSPost2010PropOp50
 70
     1
102
RTVSPost2010Prop51ColorIndex
 90
      256
102
RTVSPost2010Prop51ColorRGB
 90
-16777216
102
RTVSPost2010PropOp51
 70
     0
102
RTVSPost2010Prop52
140
1.0
102
RTVSPost2010PropOp52
 70
     0
102
RTVSPost2010Prop53
 90
        2
102
RTVSPost2010PropOp53
 70
     1
102
RTVSPost2010Prop54
  1
strokes_ogs.tif
102
RTVSPost2010PropOp54
 70
     1
102
RTVSPost2010Prop55
280
     0
102
RTVSPost2010PropOp55
 70
     1
102
RTVSPost2010Prop56
140
1.0
102
RTVSPost2010PropOp56
 70
     1
102
RTVSPost2010Prop57
140
1.0
102
RTVSPost2010PropOp57
 70
     1
  0
XRECORD
  5
31B
102
{ACAD_REACTORS
330
31A
102
}
330
31A
100
AcDbXrecord
280
     1
102
RTVSPropertyOp0
 70
     1
102
RTVSPropertyOp1
 70
     1
102
RTVSPropertyOp2
 70
     1
102
RTVSPropertyOp3
 70
     1
102
RTVSPropertyOp4
 70
     1
102
RTVSPropertyOp5
 70
     1
102
RTVSPropertyOp6
 70
     1
102
RTVSPropertyOp7
 70
     1
102
RTVSPropertyOp8
 70
     1
102
RTVSPropertyOp9
 70
     1
102
RTVSPropertyOp10
 70
     1
102
RTVSPropertyOp11
 70
     1
102
RTVSPropertyOp12
 70
     1
102
RTVSPropertyOp13
 70
     1
102
RTVSPropertyOp14
 70
     1
102
RTVSPropertyOp15
 70
     1
102
RTVSPropertyOp16
 70
     1
102
RTVSPropertyOp17
 70
     1
102
RTVSPropertyOp18
 70
     1
102
RTVSPropertyOp19
 70
     1
102
RTVSPropertyOp20
 70
     1
102
RTVSPropertyOp21
 70
     1
102
RTVSPropertyOp22
 70
     1
102
RTVSPropertyOp23
 70
     1
102
RTVSPropertyOp24
 70
     1
102
RTVSPropertyOp25
 70
     1
102
RTVSPropertyOp26
 70
     1
102
RTVSPropertyOp27
 70
     1
102
RTVSPropertyOp28
 70
     1
102
RTVSPropertyOp29
 70
     1
102
RTVSPropertyOp30
 70
     1
102
RTVSPropertyOp31
 70
     1
102
RTVSPropertyOp32
 70
     1
102
RTVSPropertyOp33
 70
     1
102
RTVSPropertyOp34
 70
     1
102
RTVSPropertyOp35
 70
     1
102
RTVSPropertyOp36
 70
     1
102
RTVSPropertyOp37
 70
     1
102
RTVSPropertyOp38
 70
     1
102
RTVSPropertyOp39
 70
     1
102
RTVSPropertyOp40
 70
     1
102
RTVSPropertyOp41
 70
     1
102
RTVSPropertyOp42
 70
     1
102
RTVSPropertyOp43
 70
     1
102
RTVSPropertyOp44
 70
     1
102
RTVSPropertyOp45
 70
     1
102
RTVSPropertyOp46
 70
     1
102
RTVSPropertyOp47
 70
     1
102
RTVSPropertyOp48
 70
     1
102
RTVSPropertyOp49
 70
     1
102
RTVSPropertyOp50
 70
     1
102
RTVSPropertyOp51
 70
     0
102
RTVSPropertyOp52
 70
     0
102
RTVSPropertyOp53
 70
     1
102
RTVSPropertyOp54
 70
     1
102
RTVSPropertyOp55
 70
     1
102
RTVSPropertyOp56
 70
     1
102
RTVSPropertyOp57
 70
     1
102
RTVSPost2010Prop28
280
     0
102
RTVSPost2010PropOp28
 70
     1
102
RTVSPost2010Prop29
280
     1
102
RTVSPost2010PropOp29
 70
     1
102
RTVSPost2010Prop30
280
     1
102
RTVSPost2010PropOp30
 70
     1
102
RTVSPost2010Prop31
280
     0
102
RTVSPost2010PropOp31
 70
     1
102
RTVSPost2010Prop32
280
     0
102
RTVSPost2010PropOp32
 70
     1
102
RTVSPost2010Prop33
280
     0
102
RTVSPost2010PropOp33
 70
     1
102
RTVSPost2010Prop34
280
     0
102
RTVSPost2010PropOp34
 70
     1
102
RTVSPost2010Prop35
280
     0
102
RTVSPost2010PropOp35
 70
     1
102
RTVSPost2010Prop36
280
     0
102
RTVSPost2010PropOp36
 70
     1
102
RTVSPost2010Prop37
 90
       50
102
RTVSPost2010PropOp37
 70
     1
102
RTVSPost2010Prop38
140
0.0
102
RTVSPost2010PropOp38
 70
     1
102
RTVSPost2010Prop39
140
1.0
102
RTVSPost2010PropOp39
 70
     1
102
RTVSPost2010Prop40
 90
        0
102
RTVSPost2010PropOp40
 70
     1
102
RTVSPost2010Prop41ColorIndex
 90
       18
102
RTVSPost2010Prop41ColorRGB
 90
        0
102
RTVSPost2010PropOp41
 70
     1
102
RTVSPost2010Prop42
 90
       50
102
RTVSPost2010PropOp42
 70
     1
102
RTVSPost2010Prop43
 90
        3
102
RTVSPost2010PropOp43
 70
     1
102
RTVSPost2010Prop44ColorIndex
 90
        5
102
RTVSPost2010Prop44ColorRGB
 90
      255
102
RTVSPost2010PropOp44
 70
     1
102
RTVSPost2010Prop45
280
     0
102
RTVSPost2010PropOp45
 70
     1
102
RTVSPost2010Prop46
 90
       50
102
RTVSPost2010PropOp46
 70
     1
102
RTVSPost2010Prop47
 90
       50
102
RTVSPost2010PropOp47
 70
     1
102
RTVSPost2010Prop48
 90
       50
102
RTVSPost2010PropOp48
 70
     1
102
RTVSPost2010Prop49
280
     0
102
RTVSPost2010PropOp49
 70
     1
102
RTVSPost2010Prop50
 90
       50
102
RTVSPost2010PropOp50
 70
     1
102
RTVSPost2010Prop51ColorIndex
 90
      256
102
RTVSPost2010Prop51ColorRGB
 90
-16777216
102
RTVSPost2010PropOp51
 70
     0
102
RTVSPost2010Prop52
140
1.0
102
RTVSPost2010PropOp52
 70
     0
102
RTVSPost2010Prop53
 90
        2
102
RTVSPost2010PropOp53
 70
     1
102
RTVSPost2010Prop54
  1
strokes_ogs.tif
102
RTVSPost2010PropOp54
 70
     1
102
RTVSPost2010Prop55
280
     0
102
RTVSPost2010PropOp55
 70
     1
102
RTVSPost2010Prop56
140
1.0
102
RTVSPost2010PropOp56
 70
     1
102
RTVSPost2010Prop57
140
1.0
102
RTVSPost2010PropOp57
 70
     1
  0
XRECORD
  5
321
102
{ACAD_REACTORS
330
320
102
}
330
320
100
AcDbXrecord
280
     1
102
RTVSPropertyOp0
 70
     1
102
RTVSPropertyOp1
 70
     1
102
RTVSPropertyOp2
 70
     1
102
RTVSPropertyOp3
 70
     1
102
RTVSPropertyOp4
 70
     1
102
RTVSPropertyOp5
 70
     1
102
RTVSPropertyOp6
 70
     1
102
RTVSPropertyOp7
 70
     1
102
RTVSPropertyOp8
 70
     1
102
RTVSPropertyOp9
 70
     1
102
RTVSPropertyOp10
 70
     1
102
RTVSPropertyOp11
 70
     1
102
RTVSPropertyOp12
 70
     1
102
RTVSPropertyOp13
 70
     1
102
RTVSPropertyOp14
 70
     1
102
RTVSPropertyOp15
 70
     1
102
RTVSPropertyOp16
 70
     1
102
RTVSPropertyOp17
 70
     1
102
RTVSPropertyOp18
 70
     1
102
RTVSPropertyOp19
 70
     1
102
RTVSPropertyOp20
 70
     1
102
RTVSPropertyOp21
 70
     1
102
RTVSPropertyOp22
 70
     1
102
RTVSPropertyOp23
 70
     1
102
RTVSPropertyOp24
 70
     1
102
RTVSPropertyOp25
 70
     1
102
RTVSPropertyOp26
 70
     1
102
RTVSPropertyOp27
 70
     1
102
RTVSPropertyOp28
 70
     1
102
RTVSPropertyOp29
 70
     1
102
RTVSPropertyOp30
 70
     1
102
RTVSPropertyOp31
 70
     1
102
RTVSPropertyOp32
 70
     1
102
RTVSPropertyOp33
 70
     1
102
RTVSPropertyOp34
 70
     1
102
RTVSPropertyOp35
 70
     1
102
RTVSPropertyOp36
 70
     1
102
RTVSPropertyOp37
 70
     1
102
RTVSPropertyOp38
 70
     1
102
RTVSPropertyOp39
 70
     1
102
RTVSPropertyOp40
 70
     1
102
RTVSPropertyOp41
 70
     1
102
RTVSPropertyOp42
 70
     1
102
RTVSPropertyOp43
 70
     1
102
RTVSPropertyOp44
 70
     1
102
RTVSPropertyOp45
 70
     1
102
RTVSPropertyOp46
 70
     1
102
RTVSPropertyOp47
 70
     1
102
RTVSPropertyOp48
 70
     1
102
RTVSPropertyOp49
 70
     1
102
RTVSPropertyOp50
 70
     1
102
RTVSPropertyOp51
 70
     0
102
RTVSPropertyOp52
 70
     0
102
RTVSPropertyOp53
 70
     1
102
RTVSPropertyOp54
 70
     1
102
RTVSPropertyOp55
 70
     1
102
RTVSPropertyOp56
 70
     1
102
RTVSPropertyOp57
 70
     1
102
RTVSPost2010Prop28
280
     0
102
RTVSPost2010PropOp28
 70
     1
102
RTVSPost2010Prop29
280
     1
102
RTVSPost2010PropOp29
 70
     1
102
RTVSPost2010Prop30
280
     1
102
RTVSPost2010PropOp30
 70
     1
102
RTVSPost2010Prop31
280
     0
102
RTVSPost2010PropOp31
 70
     1
102
RTVSPost2010Prop32
280
     0
102
RTVSPost2010PropOp32
 70
     1
102
RTVSPost2010Prop33
280
     0
102
RTVSPost2010PropOp33
 70
     1
102
RTVSPost2010Prop34
280
     0
102
RTVSPost2010PropOp34
 70
     1
102
RTVSPost2010Prop35
280
     0
102
RTVSPost2010PropOp35
 70
     1
102
RTVSPost2010Prop36
280
     0
102
RTVSPost2010PropOp36
 70
     1
102
RTVSPost2010Prop37
 90
       50
102
RTVSPost2010PropOp37
 70
     1
102
RTVSPost2010Prop38
140
0.0
102
RTVSPost2010PropOp38
 70
     1
102
RTVSPost2010Prop39
140
1.0
102
RTVSPost2010PropOp39
 70
     1
102
RTVSPost2010Prop40
 90
        0
102
RTVSPost2010PropOp40
 70
     1
102
RTVSPost2010Prop41ColorIndex
 90
       18
102
RTVSPost2010Prop41ColorRGB
 90
        0
102
RTVSPost2010PropOp41
 70
     1
102
RTVSPost2010Prop42
 90
       50
102
RTVSPost2010PropOp42
 70
     1
102
RTVSPost2010Prop43
 90
        3
102
RTVSPost2010PropOp43
 70
     1
102
RTVSPost2010Prop44ColorIndex
 90
        5
102
RTVSPost2010Prop44ColorRGB
 90
      255
102
RTVSPost2010PropOp44
 70
     1
102
RTVSPost2010Prop45
280
     0
102
RTVSPost2010PropOp45
 70
     1
102
RTVSPost2010Prop46
 90
       50
102
RTVSPost2010PropOp46
 70
     1
102
RTVSPost2010Prop47
 90
       50
102
RTVSPost2010PropOp47
 70
     1
102
RTVSPost2010Prop48
 90
       50
102
RTVSPost2010PropOp48
 70
     1
102
RTVSPost2010Prop49
280
     0
102
RTVSPost2010PropOp49
 70
     1
102
RTVSPost2010Prop50
 90
       50
102
RTVSPost2010PropOp50
 70
     1
102
RTVSPost2010Prop51ColorIndex
 90
      256
102
RTVSPost2010Prop51ColorRGB
 90
-16777216
102
RTVSPost2010PropOp51
 70
     0
102
RTVSPost2010Prop52
140
1.0
102
RTVSPost2010PropOp52
 70
     0
102
RTVSPost2010Prop53
 90
        2
102
RTVSPost2010PropOp53
 70
     1
102
RTVSPost2010Prop54
  1
strokes_ogs.tif
102
RTVSPost2010PropOp54
 70
     1
102
RTVSPost2010Prop55
280
     0
102
RTVSPost2010PropOp55
 70
     1
102
RTVSPost2010Prop56
140
1.0
102
RTVSPost2010PropOp56
 70
     1
102
RTVSPost2010Prop57
140
1.0
102
RTVSPost2010PropOp57
 70
     1
  0
XRECORD
  5
335
102
{ACAD_REACTORS
330
334
102
}
330
334
100
AcDbXrecord
280
     1
102
RTVSPropertyOp0
 70
     0
102
RTVSPropertyOp1
 70
     0
102
RTVSPropertyOp2
 70
     0
102
RTVSPropertyOp3
 70
     0
102
RTVSPropertyOp4
 70
     0
102
RTVSPropertyOp5
 70
     0
102
RTVSPropertyOp6
 70
     0
102
RTVSPropertyOp7
 70
     0
102
RTVSPropertyOp8
 70
     0
102
RTVSPropertyOp9
 70
     0
102
RTVSPropertyOp10
 70
     0
102
RTVSPropertyOp11
 70
     0
102
RTVSPropertyOp12
 70
     0
102
RTVSPropertyOp13
 70
     0
102
RTVSPropertyOp14
 70
     2
102
RTVSPropertyOp15
 70
     0
102
RTVSPropertyOp16
 70
     0
102
RTVSPropertyOp17
 70
     0
102
RTVSPropertyOp18
 70
     0
102
RTVSPropertyOp19
 70
     0
102
RTVSPropertyOp20
 70
     0
102
RTVSPropertyOp21
 70
     0
102
RTVSPropertyOp22
 70
     0
102
RTVSPropertyOp23
 70
     0
102
RTVSPropertyOp24
 70
     0
102
RTVSPropertyOp25
 70
     0
102
RTVSPropertyOp26
 70
     0
102
RTVSPropertyOp27
 70
     0
102
RTVSPropertyOp28
 70
     0
102
RTVSPropertyOp29
 70
     0
102
RTVSPropertyOp30
 70
     0
102
RTVSPropertyOp31
 70
     0
102
RTVSPropertyOp32
 70
     0
102
RTVSPropertyOp33
 70
     0
102
RTVSPropertyOp34
 70
     0
102
RTVSPropertyOp35
 70
     0
102
RTVSPropertyOp36
 70
     0
102
RTVSPropertyOp37
 70
     0
102
RTVSPropertyOp38
 70
     0
102
RTVSPropertyOp39
 70
     0
102
RTVSPropertyOp40
 70
     0
102
RTVSPropertyOp41
 70
     0
102
RTVSPropertyOp42
 70
     0
102
RTVSPropertyOp43
 70
     0
102
RTVSPropertyOp44
 70
     0
102
RTVSPropertyOp45
 70
     0
102
RTVSPropertyOp46
 70
     0
102
RTVSPropertyOp47
 70
     0
102
RTVSPropertyOp48
 70
     0
102
RTVSPropertyOp49
 70
     0
102
RTVSPropertyOp50
 70
     0
102
RTVSPropertyOp51
 70
     0
102
RTVSPropertyOp52
 70
     0
102
RTVSPropertyOp53
 70
     0
102
RTVSPropertyOp54
 70
     0
102
RTVSPropertyOp55
 70
     0
102
RTVSPropertyOp56
 70
     0
102
RTVSPropertyOp57
 70
     0
102
RTVSPost2010Prop28
280
     0
102
RTVSPost2010PropOp28
 70
     0
102
RTVSPost2010Prop29
280
     1
102
RTVSPost2010PropOp29
 70
     0
102
RTVSPost2010Prop30
280
     1
102
RTVSPost2010PropOp30
 70
     0
102
RTVSPost2010Prop31
280
     0
102
RTVSPost2010PropOp31
 70
     0
102
RTVSPost2010Prop32
280
     0
102
RTVSPost2010PropOp32
 70
     0
102
RTVSPost2010Prop33
280
     0
102
RTVSPost2010PropOp33
 70
     0
102
RTVSPost2010Prop34
280
     0
102
RTVSPost2010PropOp34
 70
     0
102
RTVSPost2010Prop35
280
     0
102
RTVSPost2010PropOp35
 70
     0
102
RTVSPost2010Prop36
280
     0
102
RTVSPost2010PropOp36
 70
     0
102
RTVSPost2010Prop37
 90
       50
102
RTVSPost2010PropOp37
 70
     0
102
RTVSPost2010Prop38
140
0.0
102
RTVSPost2010PropOp38
 70
     0
102
RTVSPost2010Prop39
140
1.0
102
RTVSPost2010PropOp39
 70
     0
102
RTVSPost2010Prop40
 90
        0
102
RTVSPost2010PropOp40
 70
     0
102
RTVSPost2010Prop41ColorIndex
 90
       18
102
RTVSPost2010Prop41ColorRGB
 90
        0
102
RTVSPost2010PropOp41
 70
     0
102
RTVSPost2010Prop42
 90
       50
102
RTVSPost2010PropOp42
 70
     0
102
RTVSPost2010Prop43
 90
        3
102
RTVSPost2010PropOp43
 70
     0
102
RTVSPost2010Prop44ColorIndex
 90
        5
102
RTVSPost2010Prop44ColorRGB
 90
      255
102
RTVSPost2010PropOp44
 70
     0
102
RTVSPost2010Prop45
280
     0
102
RTVSPost2010PropOp45
 70
     0
102
RTVSPost2010Prop46
 90
       50
102
RTVSPost2010PropOp46
 70
     0
102
RTVSPost2010Prop47
 90
       50
102
RTVSPost2010PropOp47
 70
     0
102
RTVSPost2010Prop48
 90
       50
102
RTVSPost2010PropOp48
 70
     0
102
RTVSPost2010Prop49
280
     0
102
RTVSPost2010PropOp49
 70
     0
102
RTVSPost2010Prop50
 90
       50
102
RTVSPost2010PropOp50
 70
     0
102
RTVSPost2010Prop51ColorIndex
 90
      256
102
RTVSPost2010Prop51ColorRGB
 90
-16777216
102
RTVSPost2010PropOp51
 70
     0
102
RTVSPost2010Prop52
140
1.0
102
RTVSPost2010PropOp52
 70
     0
102
RTVSPost2010Prop53
 90
        2
102
RTVSPost2010PropOp53
 70
     0
102
RTVSPost2010Prop54
  1
strokes_ogs.tif
102
RTVSPost2010PropOp54
 70
     0
102
RTVSPost2010Prop55
280
     0
102
RTVSPost2010PropOp55
 70
     0
102
RTVSPost2010Prop56
140
1.0
102
RTVSPost2010PropOp56
 70
     0
102
RTVSPost2010Prop57
140
1.0
102
RTVSPost2010PropOp57
 70
     0
  0
XRECORD
  5
32F
102
{ACAD_REACTORS
330
32E
102
}
330
32E
100
AcDbXrecord
280
     1
102
RTVSPropertyOp0
 70
     1
102
RTVSPropertyOp1
 70
     1
102
RTVSPropertyOp2
 70
     1
102
RTVSPropertyOp3
 70
     1
102
RTVSPropertyOp4
 70
     1
102
RTVSPropertyOp5
 70
     1
102
RTVSPropertyOp6
 70
     1
102
RTVSPropertyOp7
 70
     1
102
RTVSPropertyOp8
 70
     1
102
RTVSPropertyOp9
 70
     1
102
RTVSPropertyOp10
 70
     1
102
RTVSPropertyOp11
 70
     1
102
RTVSPropertyOp12
 70
     1
102
RTVSPropertyOp13
 70
     1
102
RTVSPropertyOp14
 70
     1
102
RTVSPropertyOp15
 70
     1
102
RTVSPropertyOp16
 70
     1
102
RTVSPropertyOp17
 70
     1
102
RTVSPropertyOp18
 70
     1
102
RTVSPropertyOp19
 70
     1
102
RTVSPropertyOp20
 70
     1
102
RTVSPropertyOp21
 70
     1
102
RTVSPropertyOp22
 70
     1
102
RTVSPropertyOp23
 70
     1
102
RTVSPropertyOp24
 70
     1
102
RTVSPropertyOp25
 70
     1
102
RTVSPropertyOp26
 70
     1
102
RTVSPropertyOp27
 70
     1
102
RTVSPropertyOp28
 70
     1
102
RTVSPropertyOp29
 70
     1
102
RTVSPropertyOp30
 70
     1
102
RTVSPropertyOp31
 70
     1
102
RTVSPropertyOp32
 70
     1
102
RTVSPropertyOp33
 70
     1
102
RTVSPropertyOp34
 70
     1
102
RTVSPropertyOp35
 70
     1
102
RTVSPropertyOp36
 70
     1
102
RTVSPropertyOp37
 70
     1
102
RTVSPropertyOp38
 70
     1
102
RTVSPropertyOp39
 70
     1
102
RTVSPropertyOp40
 70
     1
102
RTVSPropertyOp41
 70
     1
102
RTVSPropertyOp42
 70
     1
102
RTVSPropertyOp43
 70
     1
102
RTVSPropertyOp44
 70
     1
102
RTVSPropertyOp45
 70
     1
102
RTVSPropertyOp46
 70
     1
102
RTVSPropertyOp47
 70
     1
102
RTVSPropertyOp48
 70
     1
102
RTVSPropertyOp49
 70
     1
102
RTVSPropertyOp50
 70
     1
102
RTVSPropertyOp51
 70
     0
102
RTVSPropertyOp52
 70
     0
102
RTVSPropertyOp53
 70
     1
102
RTVSPropertyOp54
 70
     1
102
RTVSPropertyOp55
 70
     1
102
RTVSPropertyOp56
 70
     1
102
RTVSPropertyOp57
 70
     1
102
RTVSPost2010Prop28
280
     0
102
RTVSPost2010PropOp28
 70
     1
102
RTVSPost2010Prop29
280
     1
102
RTVSPost2010PropOp29
 70
     1
102
RTVSPost2010Prop30
280
     1
102
RTVSPost2010PropOp30
 70
     1
102
RTVSPost2010Prop31
280
     0
102
RTVSPost2010PropOp31
 70
     1
102
RTVSPost2010Prop32
280
     0
102
RTVSPost2010PropOp32
 70
     1
102
RTVSPost2010Prop33
280
     0
102
RTVSPost2010PropOp33
 70
     1
102
RTVSPost2010Prop34
280
     0
102
RTVSPost2010PropOp34
 70
     1
102
RTVSPost2010Prop35
280
     0
102
RTVSPost2010PropOp35
 70
     1
102
RTVSPost2010Prop36
280
     0
102
RTVSPost2010PropOp36
 70
     1
102
RTVSPost2010Prop37
 90
       50
102
RTVSPost2010PropOp37
 70
     1
102
RTVSPost2010Prop38
140
0.0
102
RTVSPost2010PropOp38
 70
     1
102
RTVSPost2010Prop39
140
1.0
102
RTVSPost2010PropOp39
 70
     1
102
RTVSPost2010Prop40
 90
        0
102
RTVSPost2010PropOp40
 70
     1
102
RTVSPost2010Prop41ColorIndex
 90
       18
102
RTVSPost2010Prop41ColorRGB
 90
        0
102
RTVSPost2010PropOp41
 70
     1
102
RTVSPost2010Prop42
 90
       50
102
RTVSPost2010PropOp42
 70
     1
102
RTVSPost2010Prop43
 90
        3
102
RTVSPost2010PropOp43
 70
     1
102
RTVSPost2010Prop44ColorIndex
 90
        5
102
RTVSPost2010Prop44ColorRGB
 90
      255
102
RTVSPost2010PropOp44
 70
     1
102
RTVSPost2010Prop45
280
     0
102
RTVSPost2010PropOp45
 70
     1
102
RTVSPost2010Prop46
 90
       50
102
RTVSPost2010PropOp46
 70
     1
102
RTVSPost2010Prop47
 90
       50
102
RTVSPost2010PropOp47
 70
     1
102
RTVSPost2010Prop48
 90
       50
102
RTVSPost2010PropOp48
 70
     1
102
RTVSPost2010Prop49
280
     0
102
RTVSPost2010PropOp49
 70
     1
102
RTVSPost2010Prop50
 90
       50
102
RTVSPost2010PropOp50
 70
     1
102
RTVSPost2010Prop51ColorIndex
 90
      256
102
RTVSPost2010Prop51ColorRGB
 90
-16777216
102
RTVSPost2010PropOp51
 70
     0
102
RTVSPost2010Prop52
140
1.0
102
RTVSPost2010PropOp52
 70
     0
102
RTVSPost2010Prop53
 90
        2
102
RTVSPost2010PropOp53
 70
     1
102
RTVSPost2010Prop54
  1
strokes_ogs.tif
102
RTVSPost2010PropOp54
 70
     1
102
RTVSPost2010Prop55
280
     0
102
RTVSPost2010PropOp55
 70
     1
102
RTVSPost2010Prop56
140
1.0
102
RTVSPost2010PropOp56
 70
     1
102
RTVSPost2010Prop57
140
1.0
102
RTVSPost2010PropOp57
 70
     1
  0
XRECORD
  5
337
102
{ACAD_REACTORS
330
336
102
}
330
336
100
AcDbXrecord
280
     1
102
RTVSPropertyOp0
 70
     0
102
RTVSPropertyOp1
 70
     0
102
RTVSPropertyOp2
 70
     0
102
RTVSPropertyOp3
 70
     0
102
RTVSPropertyOp4
 70
     0
102
RTVSPropertyOp5
 70
     0
102
RTVSPropertyOp6
 70
     0
102
RTVSPropertyOp7
 70
     0
102
RTVSPropertyOp8
 70
     0
102
RTVSPropertyOp9
 70
     0
102
RTVSPropertyOp10
 70
     0
102
RTVSPropertyOp11
 70
     0
102
RTVSPropertyOp12
 70
     0
102
RTVSPropertyOp13
 70
     0
102
RTVSPropertyOp14
 70
     2
102
RTVSPropertyOp15
 70
     0
102
RTVSPropertyOp16
 70
     0
102
RTVSPropertyOp17
 70
     0
102
RTVSPropertyOp18
 70
     0
102
RTVSPropertyOp19
 70
     0
102
RTVSPropertyOp20
 70
     0
102
RTVSPropertyOp21
 70
     0
102
RTVSPropertyOp22
 70
     0
102
RTVSPropertyOp23
 70
     0
102
RTVSPropertyOp24
 70
     0
102
RTVSPropertyOp25
 70
     0
102
RTVSPropertyOp26
 70
     0
102
RTVSPropertyOp27
 70
     0
102
RTVSPropertyOp28
 70
     0
102
RTVSPropertyOp29
 70
     0
102
RTVSPropertyOp30
 70
     0
102
RTVSPropertyOp31
 70
     0
102
RTVSPropertyOp32
 70
     0
102
RTVSPropertyOp33
 70
     0
102
RTVSPropertyOp34
 70
     0
102
RTVSPropertyOp35
 70
     0
102
RTVSPropertyOp36
 70
     0
102
RTVSPropertyOp37
 70
     0
102
RTVSPropertyOp38
 70
     0
102
RTVSPropertyOp39
 70
     0
102
RTVSPropertyOp40
 70
     0
102
RTVSPropertyOp41
 70
     0
102
RTVSPropertyOp42
 70
     0
102
RTVSPropertyOp43
 70
     0
102
RTVSPropertyOp44
 70
     0
102
RTVSPropertyOp45
 70
     0
102
RTVSPropertyOp46
 70
     0
102
RTVSPropertyOp47
 70
     0
102
RTVSPropertyOp48
 70
     0
102
RTVSPropertyOp49
 70
     0
102
RTVSPropertyOp50
 70
     0
102
RTVSPropertyOp51
 70
     0
102
RTVSPropertyOp52
 70
     0
102
RTVSPropertyOp53
 70
     0
102
RTVSPropertyOp54
 70
     0
102
RTVSPropertyOp55
 70
     0
102
RTVSPropertyOp56
 70
     0
102
RTVSPropertyOp57
 70
     0
102
RTVSPost2010Prop28
280
     0
102
RTVSPost2010PropOp28
 70
     0
102
RTVSPost2010Prop29
280
     1
102
RTVSPost2010PropOp29
 70
     0
102
RTVSPost2010Prop30
280
     1
102
RTVSPost2010PropOp30
 70
     0
102
RTVSPost2010Prop31
280
     0
102
RTVSPost2010PropOp31
 70
     0
102
RTVSPost2010Prop32
280
     0
102
RTVSPost2010PropOp32
 70
     0
102
RTVSPost2010Prop33
280
     0
102
RTVSPost2010PropOp33
 70
     0
102
RTVSPost2010Prop34
280
     0
102
RTVSPost2010PropOp34
 70
     0
102
RTVSPost2010Prop35
280
     0
102
RTVSPost2010PropOp35
 70
     0
102
RTVSPost2010Prop36
280
     0
102
RTVSPost2010PropOp36
 70
     0
102
RTVSPost2010Prop37
 90
       50
102
RTVSPost2010PropOp37
 70
     0
102
RTVSPost2010Prop38
140
0.0
102
RTVSPost2010PropOp38
 70
     0
102
RTVSPost2010Prop39
140
1.0
102
RTVSPost2010PropOp39
 70
     0
102
RTVSPost2010Prop40
 90
        0
102
RTVSPost2010PropOp40
 70
     0
102
RTVSPost2010Prop41ColorIndex
 90
       18
102
RTVSPost2010Prop41ColorRGB
 90
        0
102
RTVSPost2010PropOp41
 70
     0
102
RTVSPost2010Prop42
 90
       50
102
RTVSPost2010PropOp42
 70
     0
102
RTVSPost2010Prop43
 90
        3
102
RTVSPost2010PropOp43
 70
     0
102
RTVSPost2010Prop44ColorIndex
 90
        5
102
RTVSPost2010Prop44ColorRGB
 90
      255
102
RTVSPost2010PropOp44
 70
     0
102
RTVSPost2010Prop45
280
     0
102
RTVSPost2010PropOp45
 70
     0
102
RTVSPost2010Prop46
 90
       50
102
RTVSPost2010PropOp46
 70
     0
102
RTVSPost2010Prop47
 90
       50
102
RTVSPost2010PropOp47
 70
     0
102
RTVSPost2010Prop48
 90
       50
102
RTVSPost2010PropOp48
 70
     0
102
RTVSPost2010Prop49
280
     0
102
RTVSPost2010PropOp49
 70
     0
102
RTVSPost2010Prop50
 90
       50
102
RTVSPost2010PropOp50
 70
     0
102
RTVSPost2010Prop51ColorIndex
 90
      256
102
RTVSPost2010Prop51ColorRGB
 90
-16777216
102
RTVSPost2010PropOp51
 70
     0
102
RTVSPost2010Prop52
140
1.0
102
RTVSPost2010PropOp52
 70
     0
102
RTVSPost2010Prop53
 90
        2
102
RTVSPost2010PropOp53
 70
     0
102
RTVSPost2010Prop54
  1
strokes_ogs.tif
102
RTVSPost2010PropOp54
 70
     0
102
RTVSPost2010Prop55
280
     0
102
RTVSPost2010PropOp55
 70
     0
102
RTVSPost2010Prop56
140
1.0
102
RTVSPost2010PropOp56
 70
     0
102
RTVSPost2010Prop57
140
1.0
102
RTVSPost2010PropOp57
 70
     0
  0
XRECORD
  5
325
102
{ACAD_REACTORS
330
324
102
}
330
324
100
AcDbXrecord
280
     1
102
RTVSPropertyOp0
 70
     1
102
RTVSPropertyOp1
 70
     1
102
RTVSPropertyOp2
 70
     1
102
RTVSPropertyOp3
 70
     1
102
RTVSPropertyOp4
 70
     1
102
RTVSPropertyOp5
 70
     1
102
RTVSPropertyOp6
 70
     1
102
RTVSPropertyOp7
 70
     1
102
RTVSPropertyOp8
 70
     1
102
RTVSPropertyOp9
 70
     1
102
RTVSPropertyOp10
 70
     1
102
RTVSPropertyOp11
 70
     1
102
RTVSPropertyOp12
 70
     1
102
RTVSPropertyOp13
 70
     1
102
RTVSPropertyOp14
 70
     1
102
RTVSPropertyOp15
 70
     1
102
RTVSPropertyOp16
 70
     1
102
RTVSPropertyOp17
 70
     1
102
RTVSPropertyOp18
 70
     1
102
RTVSPropertyOp19
 70
     1
102
RTVSPropertyOp20
 70
     1
102
RTVSPropertyOp21
 70
     1
102
RTVSPropertyOp22
 70
     1
102
RTVSPropertyOp23
 70
     1
102
RTVSPropertyOp24
 70
     1
102
RTVSPropertyOp25
 70
     1
102
RTVSPropertyOp26
 70
     1
102
RTVSPropertyOp27
 70
     1
102
RTVSPropertyOp28
 70
     1
102
RTVSPropertyOp29
 70
     1
102
RTVSPropertyOp30
 70
     1
102
RTVSPropertyOp31
 70
     1
102
RTVSPropertyOp32
 70
     1
102
RTVSPropertyOp33
 70
     1
102
RTVSPropertyOp34
 70
     1
102
RTVSPropertyOp35
 70
     1
102
RTVSPropertyOp36
 70
     1
102
RTVSPropertyOp37
 70
     1
102
RTVSPropertyOp38
 70
     1
102
RTVSPropertyOp39
 70
     1
102
RTVSPropertyOp40
 70
     1
102
RTVSPropertyOp41
 70
     1
102
RTVSPropertyOp42
 70
     1
102
RTVSPropertyOp43
 70
     1
102
RTVSPropertyOp44
 70
     1
102
RTVSPropertyOp45
 70
     1
102
RTVSPropertyOp46
 70
     1
102
RTVSPropertyOp47
 70
     1
102
RTVSPropertyOp48
 70
     1
102
RTVSPropertyOp49
 70
     1
102
RTVSPropertyOp50
 70
     1
102
RTVSPropertyOp51
 70
     0
102
RTVSPropertyOp52
 70
     0
102
RTVSPropertyOp53
 70
     1
102
RTVSPropertyOp54
 70
     1
102
RTVSPropertyOp55
 70
     1
102
RTVSPropertyOp56
 70
     1
102
RTVSPropertyOp57
 70
     1
102
RTVSPost2010Prop28
280
     0
102
RTVSPost2010PropOp28
 70
     1
102
RTVSPost2010Prop29
280
     1
102
RTVSPost2010PropOp29
 70
     1
102
RTVSPost2010Prop30
280
     1
102
RTVSPost2010PropOp30
 70
     1
102
RTVSPost2010Prop31
280
     0
102
RTVSPost2010PropOp31
 70
     1
102
RTVSPost2010Prop32
280
     0
102
RTVSPost2010PropOp32
 70
     1
102
RTVSPost2010Prop33
280
     0
102
RTVSPost2010PropOp33
 70
     1
102
RTVSPost2010Prop34
280
     0
102
RTVSPost2010PropOp34
 70
     1
102
RTVSPost2010Prop35
280
     0
102
RTVSPost2010PropOp35
 70
     1
102
RTVSPost2010Prop36
280
     0
102
RTVSPost2010PropOp36
 70
     1
102
RTVSPost2010Prop37
 90
       50
102
RTVSPost2010PropOp37
 70
     1
102
RTVSPost2010Prop38
140
0.0
102
RTVSPost2010PropOp38
 70
     1
102
RTVSPost2010Prop39
140
1.0
102
RTVSPost2010PropOp39
 70
     1
102
RTVSPost2010Prop40
 90
        0
102
RTVSPost2010PropOp40
 70
     1
102
RTVSPost2010Prop41ColorIndex
 90
       18
102
RTVSPost2010Prop41ColorRGB
 90
        0
102
RTVSPost2010PropOp41
 70
     1
102
RTVSPost2010Prop42
 90
       50
102
RTVSPost2010PropOp42
 70
     1
102
RTVSPost2010Prop43
 90
        3
102
RTVSPost2010PropOp43
 70
     1
102
RTVSPost2010Prop44ColorIndex
 90
        5
102
RTVSPost2010Prop44ColorRGB
 90
      255
102
RTVSPost2010PropOp44
 70
     1
102
RTVSPost2010Prop45
280
     0
102
RTVSPost2010PropOp45
 70
     1
102
RTVSPost2010Prop46
 90
       50
102
RTVSPost2010PropOp46
 70
     1
102
RTVSPost2010Prop47
 90
       50
102
RTVSPost2010PropOp47
 70
     1
102
RTVSPost2010Prop48
 90
       50
102
RTVSPost2010PropOp48
 70
     1
102
RTVSPost2010Prop49
280
     0
102
RTVSPost2010PropOp49
 70
     1
102
RTVSPost2010Prop50
 90
       50
102
RTVSPost2010PropOp50
 70
     1
102
RTVSPost2010Prop51ColorIndex
 90
      256
102
RTVSPost2010Prop51ColorRGB
 90
-16777216
102
RTVSPost2010PropOp51
 70
     0
102
RTVSPost2010Prop52
140
1.0
102
RTVSPost2010PropOp52
 70
     0
102
RTVSPost2010Prop53
 90
        2
102
RTVSPost2010PropOp53
 70
     1
102
RTVSPost2010Prop54
  1
strokes_ogs.tif
102
RTVSPost2010PropOp54
 70
     1
102
RTVSPost2010Prop55
280
     0
102
RTVSPost2010PropOp55
 70
     1
102
RTVSPost2010Prop56
140
1.0
102
RTVSPost2010PropOp56
 70
     1
102
RTVSPost2010Prop57
140
1.0
102
RTVSPost2010PropOp57
 70
     1
  0
XRECORD
  5
343
102
{ACAD_REACTORS
330
342
102
}
330
342
100
AcDbXrecord
280
     1
102
RTVSPropertyOp0
 70
     1
102
RTVSPropertyOp1
 70
     1
102
RTVSPropertyOp2
 70
     1
102
RTVSPropertyOp3
 70
     1
102
RTVSPropertyOp4
 70
     1
102
RTVSPropertyOp5
 70
     1
102
RTVSPropertyOp6
 70
     1
102
RTVSPropertyOp7
 70
     1
102
RTVSPropertyOp8
 70
     1
102
RTVSPropertyOp9
 70
     1
102
RTVSPropertyOp10
 70
     1
102
RTVSPropertyOp11
 70
     1
102
RTVSPropertyOp12
 70
     1
102
RTVSPropertyOp13
 70
     1
102
RTVSPropertyOp14
 70
     1
102
RTVSPropertyOp15
 70
     1
102
RTVSPropertyOp16
 70
     1
102
RTVSPropertyOp17
 70
     1
102
RTVSPropertyOp18
 70
     1
102
RTVSPropertyOp19
 70
     1
102
RTVSPropertyOp20
 70
     1
102
RTVSPropertyOp21
 70
     1
102
RTVSPropertyOp22
 70
     1
102
RTVSPropertyOp23
 70
     1
102
RTVSPropertyOp24
 70
     1
102
RTVSPropertyOp25
 70
     1
102
RTVSPropertyOp26
 70
     1
102
RTVSPropertyOp27
 70
     1
102
RTVSPropertyOp28
 70
     1
102
RTVSPropertyOp29
 70
     1
102
RTVSPropertyOp30
 70
     1
102
RTVSPropertyOp31
 70
     1
102
RTVSPropertyOp32
 70
     1
102
RTVSPropertyOp33
 70
     1
102
RTVSPropertyOp34
 70
     1
102
RTVSPropertyOp35
 70
     1
102
RTVSPropertyOp36
 70
     1
102
RTVSPropertyOp37
 70
     1
102
RTVSPropertyOp38
 70
     1
102
RTVSPropertyOp39
 70
     1
102
RTVSPropertyOp40
 70
     1
102
RTVSPropertyOp41
 70
     1
102
RTVSPropertyOp42
 70
     1
102
RTVSPropertyOp43
 70
     1
102
RTVSPropertyOp44
 70
     1
102
RTVSPropertyOp45
 70
     1
102
RTVSPropertyOp46
 70
     1
102
RTVSPropertyOp47
 70
     1
102
RTVSPropertyOp48
 70
     1
102
RTVSPropertyOp49
 70
     1
102
RTVSPropertyOp50
 70
     1
102
RTVSPropertyOp51
 70
     0
102
RTVSPropertyOp52
 70
     0
102
RTVSPropertyOp53
 70
     1
102
RTVSPropertyOp54
 70
     1
102
RTVSPropertyOp55
 70
     1
102
RTVSPropertyOp56
 70
     1
102
RTVSPropertyOp57
 70
     1
102
RTVSPost2010Prop28
280
     0
102
RTVSPost2010PropOp28
 70
     1
102
RTVSPost2010Prop29
280
     1
102
RTVSPost2010PropOp29
 70
     1
102
RTVSPost2010Prop30
280
     1
102
RTVSPost2010PropOp30
 70
     1
102
RTVSPost2010Prop31
280
     0
102
RTVSPost2010PropOp31
 70
     1
102
RTVSPost2010Prop32
280
     0
102
RTVSPost2010PropOp32
 70
     1
102
RTVSPost2010Prop33
280
     0
102
RTVSPost2010PropOp33
 70
     1
102
RTVSPost2010Prop34
280
     0
102
RTVSPost2010PropOp34
 70
     1
102
RTVSPost2010Prop35
280
     0
102
RTVSPost2010PropOp35
 70
     1
102
RTVSPost2010Prop36
280
     0
102
RTVSPost2010PropOp36
 70
     1
102
RTVSPost2010Prop37
 90
       50
102
RTVSPost2010PropOp37
 70
     1
102
RTVSPost2010Prop38
140
0.0
102
RTVSPost2010PropOp38
 70
     1
102
RTVSPost2010Prop39
140
1.0
102
RTVSPost2010PropOp39
 70
     1
102
RTVSPost2010Prop40
 90
        0
102
RTVSPost2010PropOp40
 70
     1
102
RTVSPost2010Prop41ColorIndex
 90
       18
102
RTVSPost2010Prop41ColorRGB
 90
        0
102
RTVSPost2010PropOp41
 70
     1
102
RTVSPost2010Prop42
 90
       50
102
RTVSPost2010PropOp42
 70
     1
102
RTVSPost2010Prop43
 90
        3
102
RTVSPost2010PropOp43
 70
     1
102
RTVSPost2010Prop44ColorIndex
 90
        5
102
RTVSPost2010Prop44ColorRGB
 90
      255
102
RTVSPost2010PropOp44
 70
     1
102
RTVSPost2010Prop45
280
     0
102
RTVSPost2010PropOp45
 70
     1
102
RTVSPost2010Prop46
 90
       50
102
RTVSPost2010PropOp46
 70
     1
102
RTVSPost2010Prop47
 90
       50
102
RTVSPost2010PropOp47
 70
     1
102
RTVSPost2010Prop48
 90
       50
102
RTVSPost2010PropOp48
 70
     1
102
RTVSPost2010Prop49
280
     0
102
RTVSPost2010PropOp49
 70
     1
102
RTVSPost2010Prop50
 90
       50
102
RTVSPost2010PropOp50
 70
     1
102
RTVSPost2010Prop51ColorIndex
 90
      256
102
RTVSPost2010Prop51ColorRGB
 90
-16777216
102
RTVSPost2010PropOp51
 70
     0
102
RTVSPost2010Prop52
140
1.0
102
RTVSPost2010PropOp52
 70
     0
102
RTVSPost2010Prop53
 90
        2
102
RTVSPost2010PropOp53
 70
     1
102
RTVSPost2010Prop54
  1
strokes_ogs.tif
102
RTVSPost2010PropOp54
 70
     1
102
RTVSPost2010Prop55
280
     0
102
RTVSPost2010PropOp55
 70
     1
102
RTVSPost2010Prop56
140
1.0
102
RTVSPost2010PropOp56
 70
     1
102
RTVSPost2010Prop57
140
1.0
102
RTVSPost2010PropOp57
 70
     1
  0
XRECORD
  5
341
102
{ACAD_REACTORS
330
340
102
}
330
340
100
AcDbXrecord
280
     1
102
RTVSPropertyOp0
 70
     1
102
RTVSPropertyOp1
 70
     1
102
RTVSPropertyOp2
 70
     1
102
RTVSPropertyOp3
 70
     1
102
RTVSPropertyOp4
 70
     1
102
RTVSPropertyOp5
 70
     1
102
RTVSPropertyOp6
 70
     1
102
RTVSPropertyOp7
 70
     1
102
RTVSPropertyOp8
 70
     1
102
RTVSPropertyOp9
 70
     1
102
RTVSPropertyOp10
 70
     1
102
RTVSPropertyOp11
 70
     1
102
RTVSPropertyOp12
 70
     1
102
RTVSPropertyOp13
 70
     1
102
RTVSPropertyOp14
 70
     1
102
RTVSPropertyOp15
 70
     1
102
RTVSPropertyOp16
 70
     1
102
RTVSPropertyOp17
 70
     1
102
RTVSPropertyOp18
 70
     1
102
RTVSPropertyOp19
 70
     1
102
RTVSPropertyOp20
 70
     1
102
RTVSPropertyOp21
 70
     1
102
RTVSPropertyOp22
 70
     1
102
RTVSPropertyOp23
 70
     1
102
RTVSPropertyOp24
 70
     1
102
RTVSPropertyOp25
 70
     1
102
RTVSPropertyOp26
 70
     1
102
RTVSPropertyOp27
 70
     1
102
RTVSPropertyOp28
 70
     1
102
RTVSPropertyOp29
 70
     1
102
RTVSPropertyOp30
 70
     1
102
RTVSPropertyOp31
 70
     1
102
RTVSPropertyOp32
 70
     1
102
RTVSPropertyOp33
 70
     1
102
RTVSPropertyOp34
 70
     1
102
RTVSPropertyOp35
 70
     1
102
RTVSPropertyOp36
 70
     1
102
RTVSPropertyOp37
 70
     1
102
RTVSPropertyOp38
 70
     1
102
RTVSPropertyOp39
 70
     1
102
RTVSPropertyOp40
 70
     1
102
RTVSPropertyOp41
 70
     1
102
RTVSPropertyOp42
 70
     1
102
RTVSPropertyOp43
 70
     1
102
RTVSPropertyOp44
 70
     1
102
RTVSPropertyOp45
 70
     1
102
RTVSPropertyOp46
 70
     1
102
RTVSPropertyOp47
 70
     1
102
RTVSPropertyOp48
 70
     1
102
RTVSPropertyOp49
 70
     1
102
RTVSPropertyOp50
 70
     1
102
RTVSPropertyOp51
 70
     0
102
RTVSPropertyOp52
 70
     0
102
RTVSPropertyOp53
 70
     1
102
RTVSPropertyOp54
 70
     1
102
RTVSPropertyOp55
 70
     1
102
RTVSPropertyOp56
 70
     1
102
RTVSPropertyOp57
 70
     1
102
RTVSPost2010Prop28
280
     0
102
RTVSPost2010PropOp28
 70
     1
102
RTVSPost2010Prop29
280
     1
102
RTVSPost2010PropOp29
 70
     1
102
RTVSPost2010Prop30
280
     1
102
RTVSPost2010PropOp30
 70
     1
102
RTVSPost2010Prop31
280
     0
102
RTVSPost2010PropOp31
 70
     1
102
RTVSPost2010Prop32
280
     0
102
RTVSPost2010PropOp32
 70
     1
102
RTVSPost2010Prop33
280
     0
102
RTVSPost2010PropOp33
 70
     1
102
RTVSPost2010Prop34
280
     0
102
RTVSPost2010PropOp34
 70
     1
102
RTVSPost2010Prop35
280
     0
102
RTVSPost2010PropOp35
 70
     1
102
RTVSPost2010Prop36
280
     0
102
RTVSPost2010PropOp36
 70
     1
102
RTVSPost2010Prop37
 90
       50
102
RTVSPost2010PropOp37
 70
     1
102
RTVSPost2010Prop38
140
0.0
102
RTVSPost2010PropOp38
 70
     1
102
RTVSPost2010Prop39
140
1.0
102
RTVSPost2010PropOp39
 70
     1
102
RTVSPost2010Prop40
 90
        0
102
RTVSPost2010PropOp40
 70
     1
102
RTVSPost2010Prop41ColorIndex
 90
       18
102
RTVSPost2010Prop41ColorRGB
 90
        0
102
RTVSPost2010PropOp41
 70
     1
102
RTVSPost2010Prop42
 90
       50
102
RTVSPost2010PropOp42
 70
     1
102
RTVSPost2010Prop43
 90
        3
102
RTVSPost2010PropOp43
 70
     1
102
RTVSPost2010Prop44ColorIndex
 90
        5
102
RTVSPost2010Prop44ColorRGB
 90
      255
102
RTVSPost2010PropOp44
 70
     1
102
RTVSPost2010Prop45
280
     0
102
RTVSPost2010PropOp45
 70
     1
102
RTVSPost2010Prop46
 90
       50
102
RTVSPost2010PropOp46
 70
     1
102
RTVSPost2010Prop47
 90
       50
102
RTVSPost2010PropOp47
 70
     1
102
RTVSPost2010Prop48
 90
       50
102
RTVSPost2010PropOp48
 70
     1
102
RTVSPost2010Prop49
280
     0
102
RTVSPost2010PropOp49
 70
     1
102
RTVSPost2010Prop50
 90
       50
102
RTVSPost2010PropOp50
 70
     1
102
RTVSPost2010Prop51ColorIndex
 90
      256
102
RTVSPost2010Prop51ColorRGB
 90
-16777216
102
RTVSPost2010PropOp51
 70
     0
102
RTVSPost2010Prop52
140
1.0
102
RTVSPost2010PropOp52
 70
     0
102
RTVSPost2010Prop53
 90
        2
102
RTVSPost2010PropOp53
 70
     1
102
RTVSPost2010Prop54
  1
strokes_ogs.tif
102
RTVSPost2010PropOp54
 70
     1
102
RTVSPost2010Prop55
280
     0
102
RTVSPost2010PropOp55
 70
     1
102
RTVSPost2010Prop56
140
1.0
102
RTVSPost2010PropOp56
 70
     1
102
RTVSPost2010Prop57
140
1.0
102
RTVSPost2010PropOp57
 70
     1
  0
XRECORD
  5
33B
102
{ACAD_REACTORS
330
33A
102
}
330
33A
100
AcDbXrecord
280
     1
102
RTVSPropertyOp0
 70
     1
102
RTVSPropertyOp1
 70
     1
102
RTVSPropertyOp2
 70
     1
102
RTVSPropertyOp3
 70
     1
102
RTVSPropertyOp4
 70
     1
102
RTVSPropertyOp5
 70
     1
102
RTVSPropertyOp6
 70
     1
102
RTVSPropertyOp7
 70
     1
102
RTVSPropertyOp8
 70
     1
102
RTVSPropertyOp9
 70
     1
102
RTVSPropertyOp10
 70
     1
102
RTVSPropertyOp11
 70
     1
102
RTVSPropertyOp12
 70
     1
102
RTVSPropertyOp13
 70
     1
102
RTVSPropertyOp14
 70
     1
102
RTVSPropertyOp15
 70
     1
102
RTVSPropertyOp16
 70
     1
102
RTVSPropertyOp17
 70
     1
102
RTVSPropertyOp18
 70
     1
102
RTVSPropertyOp19
 70
     1
102
RTVSPropertyOp20
 70
     1
102
RTVSPropertyOp21
 70
     1
102
RTVSPropertyOp22
 70
     1
102
RTVSPropertyOp23
 70
     1
102
RTVSPropertyOp24
 70
     1
102
RTVSPropertyOp25
 70
     1
102
RTVSPropertyOp26
 70
     1
102
RTVSPropertyOp27
 70
     1
102
RTVSPropertyOp28
 70
     1
102
RTVSPropertyOp29
 70
     1
102
RTVSPropertyOp30
 70
     1
102
RTVSPropertyOp31
 70
     1
102
RTVSPropertyOp32
 70
     1
102
RTVSPropertyOp33
 70
     1
102
RTVSPropertyOp34
 70
     1
102
RTVSPropertyOp35
 70
     1
102
RTVSPropertyOp36
 70
     1
102
RTVSPropertyOp37
 70
     1
102
RTVSPropertyOp38
 70
     1
102
RTVSPropertyOp39
 70
     1
102
RTVSPropertyOp40
 70
     1
102
RTVSPropertyOp41
 70
     1
102
RTVSPropertyOp42
 70
     1
102
RTVSPropertyOp43
 70
     1
102
RTVSPropertyOp44
 70
     1
102
RTVSPropertyOp45
 70
     1
102
RTVSPropertyOp46
 70
     1
102
RTVSPropertyOp47
 70
     1
102
RTVSPropertyOp48
 70
     1
102
RTVSPropertyOp49
 70
     1
102
RTVSPropertyOp50
 70
     1
102
RTVSPropertyOp51
 70
     0
102
RTVSPropertyOp52
 70
     0
102
RTVSPropertyOp53
 70
     1
102
RTVSPropertyOp54
 70
     1
102
RTVSPropertyOp55
 70
     1
102
RTVSPropertyOp56
 70
     1
102
RTVSPropertyOp57
 70
     1
102
RTVSPost2010Prop28
280
     0
102
RTVSPost2010PropOp28
 70
     1
102
RTVSPost2010Prop29
280
     1
102
RTVSPost2010PropOp29
 70
     1
102
RTVSPost2010Prop30
280
     1
102
RTVSPost2010PropOp30
 70
     1
102
RTVSPost2010Prop31
280
     0
102
RTVSPost2010PropOp31
 70
     1
102
RTVSPost2010Prop32
280
     0
102
RTVSPost2010PropOp32
 70
     1
102
RTVSPost2010Prop33
280
     0
102
RTVSPost2010PropOp33
 70
     1
102
RTVSPost2010Prop34
280
     0
102
RTVSPost2010PropOp34
 70
     1
102
RTVSPost2010Prop35
280
     0
102
RTVSPost2010PropOp35
 70
     1
102
RTVSPost2010Prop36
280
     0
102
RTVSPost2010PropOp36
 70
     1
102
RTVSPost2010Prop37
 90
       50
102
RTVSPost2010PropOp37
 70
     1
102
RTVSPost2010Prop38
140
0.0
102
RTVSPost2010PropOp38
 70
     1
102
RTVSPost2010Prop39
140
1.0
102
RTVSPost2010PropOp39
 70
     1
102
RTVSPost2010Prop40
 90
        0
102
RTVSPost2010PropOp40
 70
     1
102
RTVSPost2010Prop41ColorIndex
 90
       18
102
RTVSPost2010Prop41ColorRGB
 90
        0
102
RTVSPost2010PropOp41
 70
     1
102
RTVSPost2010Prop42
 90
       50
102
RTVSPost2010PropOp42
 70
     1
102
RTVSPost2010Prop43
 90
        3
102
RTVSPost2010PropOp43
 70
     1
102
RTVSPost2010Prop44ColorIndex
 90
        5
102
RTVSPost2010Prop44ColorRGB
 90
      255
102
RTVSPost2010PropOp44
 70
     1
102
RTVSPost2010Prop45
280
     0
102
RTVSPost2010PropOp45
 70
     1
102
RTVSPost2010Prop46
 90
       50
102
RTVSPost2010PropOp46
 70
     1
102
RTVSPost2010Prop47
 90
       50
102
RTVSPost2010PropOp47
 70
     1
102
RTVSPost2010Prop48
 90
       50
102
RTVSPost2010PropOp48
 70
     1
102
RTVSPost2010Prop49
280
     0
102
RTVSPost2010PropOp49
 70
     1
102
RTVSPost2010Prop50
 90
       50
102
RTVSPost2010PropOp50
 70
     1
102
RTVSPost2010Prop51ColorIndex
 90
      256
102
RTVSPost2010Prop51ColorRGB
 90
-16777216
102
RTVSPost2010PropOp51
 70
     0
102
RTVSPost2010Prop52
140
1.0
102
RTVSPost2010PropOp52
 70
     0
102
RTVSPost2010Prop53
 90
        2
102
RTVSPost2010PropOp53
 70
     1
102
RTVSPost2010Prop54
  1
strokes_ogs.tif
102
RTVSPost2010PropOp54
 70
     1
102
RTVSPost2010Prop55
280
     0
102
RTVSPost2010PropOp55
 70
     1
102
RTVSPost2010Prop56
140
1.0
102
RTVSPost2010PropOp56
 70
     1
102
RTVSPost2010Prop57
140
1.0
102
RTVSPost2010PropOp57
 70
     1
  0
XRECORD
  5
33D
102
{ACAD_REACTORS
330
33C
102
}
330
33C
100
AcDbXrecord
280
     1
102
RTVSPropertyOp0
 70
     1
102
RTVSPropertyOp1
 70
     1
102
RTVSPropertyOp2
 70
     1
102
RTVSPropertyOp3
 70
     1
102
RTVSPropertyOp4
 70
     1
102
RTVSPropertyOp5
 70
     1
102
RTVSPropertyOp6
 70
     1
102
RTVSPropertyOp7
 70
     1
102
RTVSPropertyOp8
 70
     1
102
RTVSPropertyOp9
 70
     1
102
RTVSPropertyOp10
 70
     1
102
RTVSPropertyOp11
 70
     1
102
RTVSPropertyOp12
 70
     1
102
RTVSPropertyOp13
 70
     1
102
RTVSPropertyOp14
 70
     1
102
RTVSPropertyOp15
 70
     1
102
RTVSPropertyOp16
 70
     1
102
RTVSPropertyOp17
 70
     1
102
RTVSPropertyOp18
 70
     1
102
RTVSPropertyOp19
 70
     1
102
RTVSPropertyOp20
 70
     1
102
RTVSPropertyOp21
 70
     1
102
RTVSPropertyOp22
 70
     1
102
RTVSPropertyOp23
 70
     1
102
RTVSPropertyOp24
 70
     1
102
RTVSPropertyOp25
 70
     1
102
RTVSPropertyOp26
 70
     1
102
RTVSPropertyOp27
 70
     1
102
RTVSPropertyOp28
 70
     1
102
RTVSPropertyOp29
 70
     1
102
RTVSPropertyOp30
 70
     1
102
RTVSPropertyOp31
 70
     1
102
RTVSPropertyOp32
 70
     1
102
RTVSPropertyOp33
 70
     1
102
RTVSPropertyOp34
 70
     1
102
RTVSPropertyOp35
 70
     1
102
RTVSPropertyOp36
 70
     1
102
RTVSPropertyOp37
 70
     1
102
RTVSPropertyOp38
 70
     1
102
RTVSPropertyOp39
 70
     1
102
RTVSPropertyOp40
 70
     1
102
RTVSPropertyOp41
 70
     1
102
RTVSPropertyOp42
 70
     1
102
RTVSPropertyOp43
 70
     1
102
RTVSPropertyOp44
 70
     1
102
RTVSPropertyOp45
 70
     1
102
RTVSPropertyOp46
 70
     1
102
RTVSPropertyOp47
 70
     1
102
RTVSPropertyOp48
 70
     1
102
RTVSPropertyOp49
 70
     1
102
RTVSPropertyOp50
 70
     1
102
RTVSPropertyOp51
 70
     0
102
RTVSPropertyOp52
 70
     0
102
RTVSPropertyOp53
 70
     1
102
RTVSPropertyOp54
 70
     1
102
RTVSPropertyOp55
 70
     1
102
RTVSPropertyOp56
 70
     1
102
RTVSPropertyOp57
 70
     1
102
RTVSPost2010Prop28
280
     0
102
RTVSPost2010PropOp28
 70
     1
102
RTVSPost2010Prop29
280
     1
102
RTVSPost2010PropOp29
 70
     1
102
RTVSPost2010Prop30
280
     1
102
RTVSPost2010PropOp30
 70
     1
102
RTVSPost2010Prop31
280
     0
102
RTVSPost2010PropOp31
 70
     1
102
RTVSPost2010Prop32
280
     0
102
RTVSPost2010PropOp32
 70
     1
102
RTVSPost2010Prop33
280
     0
102
RTVSPost2010PropOp33
 70
     1
102
RTVSPost2010Prop34
280
     0
102
RTVSPost2010PropOp34
 70
     1
102
RTVSPost2010Prop35
280
     0
102
RTVSPost2010PropOp35
 70
     1
102
RTVSPost2010Prop36
280
     0
102
RTVSPost2010PropOp36
 70
     1
102
RTVSPost2010Prop37
 90
       50
102
RTVSPost2010PropOp37
 70
     1
102
RTVSPost2010Prop38
140
0.0
102
RTVSPost2010PropOp38
 70
     1
102
RTVSPost2010Prop39
140
1.0
102
RTVSPost2010PropOp39
 70
     1
102
RTVSPost2010Prop40
 90
        0
102
RTVSPost2010PropOp40
 70
     1
102
RTVSPost2010Prop41ColorIndex
 90
       18
102
RTVSPost2010Prop41ColorRGB
 90
        0
102
RTVSPost2010PropOp41
 70
     1
102
RTVSPost2010Prop42
 90
       50
102
RTVSPost2010PropOp42
 70
     1
102
RTVSPost2010Prop43
 90
        3
102
RTVSPost2010PropOp43
 70
     1
102
RTVSPost2010Prop44ColorIndex
 90
        5
102
RTVSPost2010Prop44ColorRGB
 90
      255
102
RTVSPost2010PropOp44
 70
     1
102
RTVSPost2010Prop45
280
     0
102
RTVSPost2010PropOp45
 70
     1
102
RTVSPost2010Prop46
 90
       50
102
RTVSPost2010PropOp46
 70
     1
102
RTVSPost2010Prop47
 90
       50
102
RTVSPost2010PropOp47
 70
     1
102
RTVSPost2010Prop48
 90
       50
102
RTVSPost2010PropOp48
 70
     1
102
RTVSPost2010Prop49
280
     0
102
RTVSPost2010PropOp49
 70
     1
102
RTVSPost2010Prop50
 90
       50
102
RTVSPost2010PropOp50
 70
     1
102
RTVSPost2010Prop51ColorIndex
 90
      256
102
RTVSPost2010Prop51ColorRGB
 90
-16777216
102
RTVSPost2010PropOp51
 70
     0
102
RTVSPost2010Prop52
140
1.0
102
RTVSPost2010PropOp52
 70
     0
102
RTVSPost2010Prop53
 90
        2
102
RTVSPost2010PropOp53
 70
     1
102
RTVSPost2010Prop54
  1
strokes_ogs.tif
102
RTVSPost2010PropOp54
 70
     1
102
RTVSPost2010Prop55
280
     0
102
RTVSPost2010PropOp55
 70
     1
102
RTVSPost2010Prop56
140
1.0
102
RTVSPost2010PropOp56
 70
     1
102
RTVSPost2010Prop57
140
1.0
102
RTVSPost2010PropOp57
 70
     1
  0
XRECORD
  5
32D
102
{ACAD_REACTORS
330
32C
102
}
330
32C
100
AcDbXrecord
280
     1
102
RTVSPropertyOp0
 70
     1
102
RTVSPropertyOp1
 70
     1
102
RTVSPropertyOp2
 70
     1
102
RTVSPropertyOp3
 70
     1
102
RTVSPropertyOp4
 70
     1
102
RTVSPropertyOp5
 70
     1
102
RTVSPropertyOp6
 70
     1
102
RTVSPropertyOp7
 70
     1
102
RTVSPropertyOp8
 70
     1
102
RTVSPropertyOp9
 70
     1
102
RTVSPropertyOp10
 70
     1
102
RTVSPropertyOp11
 70
     1
102
RTVSPropertyOp12
 70
     1
102
RTVSPropertyOp13
 70
     1
102
RTVSPropertyOp14
 70
     1
102
RTVSPropertyOp15
 70
     1
102
RTVSPropertyOp16
 70
     1
102
RTVSPropertyOp17
 70
     1
102
RTVSPropertyOp18
 70
     1
102
RTVSPropertyOp19
 70
     1
102
RTVSPropertyOp20
 70
     1
102
RTVSPropertyOp21
 70
     1
102
RTVSPropertyOp22
 70
     1
102
RTVSPropertyOp23
 70
     1
102
RTVSPropertyOp24
 70
     1
102
RTVSPropertyOp25
 70
     1
102
RTVSPropertyOp26
 70
     1
102
RTVSPropertyOp27
 70
     1
102
RTVSPropertyOp28
 70
     1
102
RTVSPropertyOp29
 70
     1
102
RTVSPropertyOp30
 70
     1
102
RTVSPropertyOp31
 70
     1
102
RTVSPropertyOp32
 70
     1
102
RTVSPropertyOp33
 70
     1
102
RTVSPropertyOp34
 70
     1
102
RTVSPropertyOp35
 70
     1
102
RTVSPropertyOp36
 70
     1
102
RTVSPropertyOp37
 70
     1
102
RTVSPropertyOp38
 70
     1
102
RTVSPropertyOp39
 70
     1
102
RTVSPropertyOp40
 70
     1
102
RTVSPropertyOp41
 70
     1
102
RTVSPropertyOp42
 70
     1
102
RTVSPropertyOp43
 70
     1
102
RTVSPropertyOp44
 70
     1
102
RTVSPropertyOp45
 70
     1
102
RTVSPropertyOp46
 70
     1
102
RTVSPropertyOp47
 70
     1
102
RTVSPropertyOp48
 70
     1
102
RTVSPropertyOp49
 70
     1
102
RTVSPropertyOp50
 70
     1
102
RTVSPropertyOp51
 70
     0
102
RTVSPropertyOp52
 70
     0
102
RTVSPropertyOp53
 70
     1
102
RTVSPropertyOp54
 70
     1
102
RTVSPropertyOp55
 70
     1
102
RTVSPropertyOp56
 70
     1
102
RTVSPropertyOp57
 70
     1
102
RTVSPost2010Prop28
280
     0
102
RTVSPost2010PropOp28
 70
     1
102
RTVSPost2010Prop29
280
     1
102
RTVSPost2010PropOp29
 70
     1
102
RTVSPost2010Prop30
280
     1
102
RTVSPost2010PropOp30
 70
     1
102
RTVSPost2010Prop31
280
     0
102
RTVSPost2010PropOp31
 70
     1
102
RTVSPost2010Prop32
280
     0
102
RTVSPost2010PropOp32
 70
     1
102
RTVSPost2010Prop33
280
     0
102
RTVSPost2010PropOp33
 70
     1
102
RTVSPost2010Prop34
280
     0
102
RTVSPost2010PropOp34
 70
     1
102
RTVSPost2010Prop35
280
     0
102
RTVSPost2010PropOp35
 70
     1
102
RTVSPost2010Prop36
280
     0
102
RTVSPost2010PropOp36
 70
     1
102
RTVSPost2010Prop37
 90
       50
102
RTVSPost2010PropOp37
 70
     1
102
RTVSPost2010Prop38
140
0.0
102
RTVSPost2010PropOp38
 70
     1
102
RTVSPost2010Prop39
140
1.0
102
RTVSPost2010PropOp39
 70
     1
102
RTVSPost2010Prop40
 90
        0
102
RTVSPost2010PropOp40
 70
     1
102
RTVSPost2010Prop41ColorIndex
 90
       18
102
RTVSPost2010Prop41ColorRGB
 90
        0
102
RTVSPost2010PropOp41
 70
     1
102
RTVSPost2010Prop42
 90
       50
102
RTVSPost2010PropOp42
 70
     1
102
RTVSPost2010Prop43
 90
        3
102
RTVSPost2010PropOp43
 70
     1
102
RTVSPost2010Prop44ColorIndex
 90
        5
102
RTVSPost2010Prop44ColorRGB
 90
      255
102
RTVSPost2010PropOp44
 70
     1
102
RTVSPost2010Prop45
280
     0
102
RTVSPost2010PropOp45
 70
     1
102
RTVSPost2010Prop46
 90
       50
102
RTVSPost2010PropOp46
 70
     1
102
RTVSPost2010Prop47
 90
       50
102
RTVSPost2010PropOp47
 70
     1
102
RTVSPost2010Prop48
 90
       50
102
RTVSPost2010PropOp48
 70
     1
102
RTVSPost2010Prop49
280
     0
102
RTVSPost2010PropOp49
 70
     1
102
RTVSPost2010Prop50
 90
       50
102
RTVSPost2010PropOp50
 70
     1
102
RTVSPost2010Prop51ColorIndex
 90
      256
102
RTVSPost2010Prop51ColorRGB
 90
-16777216
102
RTVSPost2010PropOp51
 70
     0
102
RTVSPost2010Prop52
140
1.0
102
RTVSPost2010PropOp52
 70
     0
102
RTVSPost2010Prop53
 90
        2
102
RTVSPost2010PropOp53
 70
     1
102
RTVSPost2010Prop54
  1
strokes_ogs.tif
102
RTVSPost2010PropOp54
 70
     1
102
RTVSPost2010Prop55
280
     0
102
RTVSPost2010PropOp55
 70
     1
102
RTVSPost2010Prop56
140
1.0
102
RTVSPost2010PropOp56
 70
     1
102
RTVSPost2010Prop57
140
1.0
102
RTVSPost2010PropOp57
 70
     1
  0
XRECORD
  5
31F
102
{ACAD_REACTORS
330
31E
102
}
330
31E
100
AcDbXrecord
280
     1
102
RTVSPropertyOp0
 70
     1
102
RTVSPropertyOp1
 70
     1
102
RTVSPropertyOp2
 70
     1
102
RTVSPropertyOp3
 70
     1
102
RTVSPropertyOp4
 70
     1
102
RTVSPropertyOp5
 70
     1
102
RTVSPropertyOp6
 70
     1
102
RTVSPropertyOp7
 70
     1
102
RTVSPropertyOp8
 70
     1
102
RTVSPropertyOp9
 70
     1
102
RTVSPropertyOp10
 70
     1
102
RTVSPropertyOp11
 70
     1
102
RTVSPropertyOp12
 70
     1
102
RTVSPropertyOp13
 70
     1
102
RTVSPropertyOp14
 70
     1
102
RTVSPropertyOp15
 70
     1
102
RTVSPropertyOp16
 70
     1
102
RTVSPropertyOp17
 70
     1
102
RTVSPropertyOp18
 70
     1
102
RTVSPropertyOp19
 70
     1
102
RTVSPropertyOp20
 70
     1
102
RTVSPropertyOp21
 70
     1
102
RTVSPropertyOp22
 70
     1
102
RTVSPropertyOp23
 70
     1
102
RTVSPropertyOp24
 70
     1
102
RTVSPropertyOp25
 70
     1
102
RTVSPropertyOp26
 70
     1
102
RTVSPropertyOp27
 70
     1
102
RTVSPropertyOp28
 70
     1
102
RTVSPropertyOp29
 70
     1
102
RTVSPropertyOp30
 70
     1
102
RTVSPropertyOp31
 70
     1
102
RTVSPropertyOp32
 70
     1
102
RTVSPropertyOp33
 70
     1
102
RTVSPropertyOp34
 70
     1
102
RTVSPropertyOp35
 70
     1
102
RTVSPropertyOp36
 70
     1
102
RTVSPropertyOp37
 70
     1
102
RTVSPropertyOp38
 70
     1
102
RTVSPropertyOp39
 70
     1
102
RTVSPropertyOp40
 70
     1
102
RTVSPropertyOp41
 70
     1
102
RTVSPropertyOp42
 70
     1
102
RTVSPropertyOp43
 70
     1
102
RTVSPropertyOp44
 70
     1
102
RTVSPropertyOp45
 70
     1
102
RTVSPropertyOp46
 70
     1
102
RTVSPropertyOp47
 70
     1
102
RTVSPropertyOp48
 70
     1
102
RTVSPropertyOp49
 70
     1
102
RTVSPropertyOp50
 70
     1
102
RTVSPropertyOp51
 70
     0
102
RTVSPropertyOp52
 70
     0
102
RTVSPropertyOp53
 70
     1
102
RTVSPropertyOp54
 70
     1
102
RTVSPropertyOp55
 70
     1
102
RTVSPropertyOp56
 70
     1
102
RTVSPropertyOp57
 70
     1
102
RTVSPost2010Prop28
280
     0
102
RTVSPost2010PropOp28
 70
     1
102
RTVSPost2010Prop29
280
     1
102
RTVSPost2010PropOp29
 70
     1
102
RTVSPost2010Prop30
280
     1
102
RTVSPost2010PropOp30
 70
     1
102
RTVSPost2010Prop31
280
     0
102
RTVSPost2010PropOp31
 70
     1
102
RTVSPost2010Prop32
280
     0
102
RTVSPost2010PropOp32
 70
     1
102
RTVSPost2010Prop33
280
     0
102
RTVSPost2010PropOp33
 70
     1
102
RTVSPost2010Prop34
280
     0
102
RTVSPost2010PropOp34
 70
     1
102
RTVSPost2010Prop35
280
     0
102
RTVSPost2010PropOp35
 70
     1
102
RTVSPost2010Prop36
280
     0
102
RTVSPost2010PropOp36
 70
     1
102
RTVSPost2010Prop37
 90
       50
102
RTVSPost2010PropOp37
 70
     1
102
RTVSPost2010Prop38
140
0.0
102
RTVSPost2010PropOp38
 70
     1
102
RTVSPost2010Prop39
140
1.0
102
RTVSPost2010PropOp39
 70
     1
102
RTVSPost2010Prop40
 90
        0
102
RTVSPost2010PropOp40
 70
     1
102
RTVSPost2010Prop41ColorIndex
 90
       18
102
RTVSPost2010Prop41ColorRGB
 90
        0
102
RTVSPost2010PropOp41
 70
     1
102
RTVSPost2010Prop42
 90
       50
102
RTVSPost2010PropOp42
 70
     1
102
RTVSPost2010Prop43
 90
        3
102
RTVSPost2010PropOp43
 70
     1
102
RTVSPost2010Prop44ColorIndex
 90
        5
102
RTVSPost2010Prop44ColorRGB
 90
      255
102
RTVSPost2010PropOp44
 70
     1
102
RTVSPost2010Prop45
280
     0
102
RTVSPost2010PropOp45
 70
     1
102
RTVSPost2010Prop46
 90
       50
102
RTVSPost2010PropOp46
 70
     1
102
RTVSPost2010Prop47
 90
       50
102
RTVSPost2010PropOp47
 70
     1
102
RTVSPost2010Prop48
 90
       50
102
RTVSPost2010PropOp48
 70
     1
102
RTVSPost2010Prop49
280
     0
102
RTVSPost2010PropOp49
 70
     1
102
RTVSPost2010Prop50
 90
       50
102
RTVSPost2010PropOp50
 70
     1
102
RTVSPost2010Prop51ColorIndex
 90
      256
102
RTVSPost2010Prop51ColorRGB
 90
-16777216
102
RTVSPost2010PropOp51
 70
     0
102
RTVSPost2010Prop52
140
1.0
102
RTVSPost2010PropOp52
 70
     0
102
RTVSPost2010Prop53
 90
        2
102
RTVSPost2010PropOp53
 70
     1
102
RTVSPost2010Prop54
  1
strokes_ogs.tif
102
RTVSPost2010PropOp54
 70
     1
102
RTVSPost2010Prop55
280
     0
102
RTVSPost2010PropOp55
 70
     1
102
RTVSPost2010Prop56
140
1.0
102
RTVSPost2010PropOp56
 70
     1
102
RTVSPost2010Prop57
140
1.0
102
RTVSPost2010PropOp57
 70
     1
  0
XRECORD
  5
33F
102
{ACAD_REACTORS
330
33E
102
}
330
33E
100
AcDbXrecord
280
     1
102
RTVSPropertyOp0
 70
     1
102
RTVSPropertyOp1
 70
     1
102
RTVSPropertyOp2
 70
     1
102
RTVSPropertyOp3
 70
     1
102
RTVSPropertyOp4
 70
     1
102
RTVSPropertyOp5
 70
     1
102
RTVSPropertyOp6
 70
     1
102
RTVSPropertyOp7
 70
     1
102
RTVSPropertyOp8
 70
     1
102
RTVSPropertyOp9
 70
     1
102
RTVSPropertyOp10
 70
     1
102
RTVSPropertyOp11
 70
     1
102
RTVSPropertyOp12
 70
     1
102
RTVSPropertyOp13
 70
     1
102
RTVSPropertyOp14
 70
     1
102
RTVSPropertyOp15
 70
     1
102
RTVSPropertyOp16
 70
     1
102
RTVSPropertyOp17
 70
     1
102
RTVSPropertyOp18
 70
     1
102
RTVSPropertyOp19
 70
     1
102
RTVSPropertyOp20
 70
     1
102
RTVSPropertyOp21
 70
     1
102
RTVSPropertyOp22
 70
     1
102
RTVSPropertyOp23
 70
     1
102
RTVSPropertyOp24
 70
     1
102
RTVSPropertyOp25
 70
     1
102
RTVSPropertyOp26
 70
     1
102
RTVSPropertyOp27
 70
     1
102
RTVSPropertyOp28
 70
     1
102
RTVSPropertyOp29
 70
     1
102
RTVSPropertyOp30
 70
     1
102
RTVSPropertyOp31
 70
     1
102
RTVSPropertyOp32
 70
     1
102
RTVSPropertyOp33
 70
     1
102
RTVSPropertyOp34
 70
     1
102
RTVSPropertyOp35
 70
     1
102
RTVSPropertyOp36
 70
     1
102
RTVSPropertyOp37
 70
     1
102
RTVSPropertyOp38
 70
     1
102
RTVSPropertyOp39
 70
     1
102
RTVSPropertyOp40
 70
     1
102
RTVSPropertyOp41
 70
     1
102
RTVSPropertyOp42
 70
     1
102
RTVSPropertyOp43
 70
     1
102
RTVSPropertyOp44
 70
     1
102
RTVSPropertyOp45
 70
     1
102
RTVSPropertyOp46
 70
     1
102
RTVSPropertyOp47
 70
     1
102
RTVSPropertyOp48
 70
     1
102
RTVSPropertyOp49
 70
     1
102
RTVSPropertyOp50
 70
     1
102
RTVSPropertyOp51
 70
     0
102
RTVSPropertyOp52
 70
     0
102
RTVSPropertyOp53
 70
     1
102
RTVSPropertyOp54
 70
     1
102
RTVSPropertyOp55
 70
     1
102
RTVSPropertyOp56
 70
     1
102
RTVSPropertyOp57
 70
     1
102
RTVSPost2010Prop28
280
     0
102
RTVSPost2010PropOp28
 70
     1
102
RTVSPost2010Prop29
280
     1
102
RTVSPost2010PropOp29
 70
     1
102
RTVSPost2010Prop30
280
     1
102
RTVSPost2010PropOp30
 70
     1
102
RTVSPost2010Prop31
280
     0
102
RTVSPost2010PropOp31
 70
     1
102
RTVSPost2010Prop32
280
     0
102
RTVSPost2010PropOp32
 70
     1
102
RTVSPost2010Prop33
280
     0
102
RTVSPost2010PropOp33
 70
     1
102
RTVSPost2010Prop34
280
     0
102
RTVSPost2010PropOp34
 70
     1
102
RTVSPost2010Prop35
280
     0
102
RTVSPost2010PropOp35
 70
     1
102
RTVSPost2010Prop36
280
     0
102
RTVSPost2010PropOp36
 70
     1
102
RTVSPost2010Prop37
 90
       50
102
RTVSPost2010PropOp37
 70
     1
102
RTVSPost2010Prop38
140
0.0
102
RTVSPost2010PropOp38
 70
     1
102
RTVSPost2010Prop39
140
1.0
102
RTVSPost2010PropOp39
 70
     1
102
RTVSPost2010Prop40
 90
        0
102
RTVSPost2010PropOp40
 70
     1
102
RTVSPost2010Prop41ColorIndex
 90
       18
102
RTVSPost2010Prop41ColorRGB
 90
        0
102
RTVSPost2010PropOp41
 70
     1
102
RTVSPost2010Prop42
 90
       50
102
RTVSPost2010PropOp42
 70
     1
102
RTVSPost2010Prop43
 90
        3
102
RTVSPost2010PropOp43
 70
     1
102
RTVSPost2010Prop44ColorIndex
 90
        5
102
RTVSPost2010Prop44ColorRGB
 90
      255
102
RTVSPost2010PropOp44
 70
     1
102
RTVSPost2010Prop45
280
     0
102
RTVSPost2010PropOp45
 70
     1
102
RTVSPost2010Prop46
 90
       50
102
RTVSPost2010PropOp46
 70
     1
102
RTVSPost2010Prop47
 90
       50
102
RTVSPost2010PropOp47
 70
     1
102
RTVSPost2010Prop48
 90
       50
102
RTVSPost2010PropOp48
 70
     1
102
RTVSPost2010Prop49
280
     0
102
RTVSPost2010PropOp49
 70
     1
102
RTVSPost2010Prop50
 90
       50
102
RTVSPost2010PropOp50
 70
     1
102
RTVSPost2010Prop51ColorIndex
 90
      256
102
RTVSPost2010Prop51ColorRGB
 90
-16777216
102
RTVSPost2010PropOp51
 70
     0
102
RTVSPost2010Prop52
140
1.0
102
RTVSPost2010PropOp52
 70
     0
102
RTVSPost2010Prop53
 90
        2
102
RTVSPost2010PropOp53
 70
     1
102
RTVSPost2010Prop54
  1
strokes_ogs.tif
102
RTVSPost2010PropOp54
 70
     1
102
RTVSPost2010Prop55
280
     0
102
RTVSPost2010PropOp55
 70
     1
102
RTVSPost2010Prop56
140
1.0
102
RTVSPost2010PropOp56
 70
     1
102
RTVSPost2010Prop57
140
1.0
102
RTVSPost2010PropOp57
 70
     1
  0
ENDSEC
  0
EOF
